id,region_cd,name,lat,lng,seq,police,office,group_id,arrow_configs,controller,diagram_order,weekly_plan,created_at,updated_at,api_int_no
"L02-1008","L02","신흥현대입구","37.457751","126.63308","1008","","","","{}","","-1","1;1;1;1;1;2;3","2026-06-23T22:25:27.332251+00:00","2026-06-23T22:43:05.98+00:00","null"
"L02-1009","L02","동인천역","37.475206","126.631193","1009","","","","{}","","-1","1;1;1;1;1;2;3","2026-06-23T22:25:27.332251+00:00","2026-06-23T22:43:05.98+00:00","null"
"L02-1010","L02","배다리사거리","37.472732","126.6352","1010","","","","{}","","-1","1;1;1;1;1;2;3","2026-06-23T22:25:27.332251+00:00","2026-06-23T22:43:05.98+00:00","null"
"L02-1011","L02","유동삼거리","37.470999","126.637212","1011","","","","{}","","-1","1;1;1;1;1;2;3","2026-06-23T22:43:07.334182+00:00","2026-06-23T22:43:05.98+00:00","null"
"L02-1012","L02","도원사거리","37.468746","126.641721","1012","","","","{}","","-1","1;1;1;1;1;2;3","2026-06-23T22:43:07.334182+00:00","2026-06-23T22:43:05.98+00:00","null"
"L02-1013","L02","수인4거리","37.464939","126.633888","1013","","","","{}","","-1","1;1;1;1;1;2;3","2026-06-23T22:43:07.334182+00:00","2026-06-23T22:43:05.98+00:00","null"
"L02-1014","L02","선광싸이로사거리","37.451376","126.61965","1014","","","","{}","","-1","1;1;1;1;1;2;3","2026-06-23T22:43:07.334182+00:00","2026-06-23T22:43:05.98+00:00","null"
"L02-1015","L02","신흥풍림입구","37.465759","126.630708","1015","","","","{}","","-1","1;1;1;1;1;2;3","2026-06-23T22:43:07.334182+00:00","2026-06-23T22:43:05.98+00:00","null"
"L02-1016","L02","인천역4거리","37.475234","126.617494","1016","","","","{}","","-1","1;1;1;1;1;2;3","2026-06-23T22:43:07.334182+00:00","2026-06-23T22:43:05.98+00:00","null"
"L02-1017","L02","중구청입구사거리","37.472097","126.620386","1017","","","","{}","","-1","1;1;1;1;1;2;3","2026-06-23T22:43:07.334182+00:00","2026-06-23T22:43:05.98+00:00","null"
"L02-1018","L02","인천일보","37.471356","126.619632","1018","","","","{}","","-1","1;1;1;1;1;2;3","2026-06-23T22:43:07.334182+00:00","2026-06-23T22:43:05.98+00:00","null"
"L02-1019","L02","신포4거리","37.470165","126.623899","1019","","","","{}","","-1","1;1;1;1;1;2;3","2026-06-23T22:43:07.334182+00:00","2026-06-23T22:43:05.98+00:00","null"
"L02-1020","L02","1부두입구","37.469345","126.62318","1020","","","","{}","","-1","1;1;1;1;1;2;3","2026-06-23T22:43:07.334182+00:00","2026-06-23T22:43:05.98+00:00","null"
"L02-1021","L02","사동3거리","37.467955","126.625237","1021","","","","{}","","-1","1;1;1;1;1;2;3","2026-06-23T22:43:07.334182+00:00","2026-06-23T22:43:05.98+00:00","null"
"L02-1022","L02","답동4거리","37.470137","126.627564","1022","","","","{}","","-1","1;1;1;1;1;2;3","2026-06-23T22:43:07.334182+00:00","2026-06-23T22:43:05.98+00:00","null"
"L02-1023","L02","경동4거리","37.47229","126.629073","1023","","","","{}","","-1","1;1;1;1;1;2;3","2026-06-23T22:43:07.334182+00:00","2026-06-23T22:43:05.98+00:00","null"
"L02-1024","L02","해수청","37.460604","126.631553","1024","","","","{}","","-1","1;1;1;1;1;2;3","2026-06-23T22:43:07.334182+00:00","2026-06-23T22:43:05.98+00:00","null"
"L02-1025","L02","수검4거리","37.453594","126.627196","1025","","","","{}","","-1","1;1;1;1;1;2;3","2026-06-23T22:43:07.334182+00:00","2026-06-23T22:43:05.98+00:00","null"
"L02-1026","L02","서해4거리","37.449486","126.6246","1026","","","","{}","","-1","1;1;1;1;1;2;3","2026-06-23T22:43:07.334182+00:00","2026-06-23T22:43:05.98+00:00","null"
"L02-1027","L02","남항어선부두","37.453252","126.615059","1027","","","","{}","","-1","1;1;1;1;1;2;3","2026-06-23T22:43:07.334182+00:00","2026-06-23T22:43:05.98+00:00","null"
"L02-1028","L02","구인천조선","37.455277","126.610173","1028","","","","{}","","-1","1;1;1;1;1;2;3","2026-06-23T22:43:07.334182+00:00","2026-06-23T22:43:05.98+00:00","null"
"L02-1029","L02","연안사거리","37.457281","126.605259","1029","","","","{}","","-1","1;1;1;1;1;2;3","2026-06-23T22:43:07.334182+00:00","2026-06-23T22:43:05.98+00:00","null"
"L02-1030","L02","연안친수공원","37.455284","126.602303","1030","","","","{}","","-1","1;1;1;1;1;2;3","2026-06-23T22:43:07.334182+00:00","2026-06-23T22:43:05.98+00:00","null"
"L02-1031","L02","월미도입구4거리","37.477758","126.614583","1031","","","","{}","","-1","1;1;1;1;1;2;3","2026-06-23T22:43:07.334182+00:00","2026-06-23T22:43:05.98+00:00","null"
"L02-1032","L02","인항4거리","37.458215","126.630268","1032","","","","{}","","-1","1;1;1;1;1;2;3","2026-06-23T22:43:07.334182+00:00","2026-06-23T22:43:05.98+00:00","null"
"L02-1033","L02","화평철교사거리","37.476952","126.630591","1033","","","","{}","","-1","1;1;1;1;1;2;3","2026-06-23T22:43:07.334182+00:00","2026-06-23T22:43:05.98+00:00","null"
"L02-1034","L02","전동구름다리","37.47902","126.627842","1034","","","","{}","","-1","1;1;1;1;1;2;3","2026-06-23T22:43:07.334182+00:00","2026-06-23T22:43:05.98+00:00","null"
"L02-1035","L02","송월초교(보)","37.479568","126.626028","1035","","","","{}","","-1","1;1;1;1;1;2;3","2026-06-23T22:43:07.334182+00:00","2026-06-23T22:43:05.98+00:00","null"
"L02-1036","L02","송월주민센터","37.479775","126.622686","1036","","","","{}","","-1","1;1;1;1;1;2;3","2026-06-23T22:43:07.334182+00:00","2026-06-23T22:43:05.98+00:00","null"
"L02-1037","L02","송도중학교","37.468946","126.630223","1037","","","","{}","","-1","1;1;1;1;1;2;3","2026-06-23T22:43:07.334182+00:00","2026-06-23T22:43:05.98+00:00","null"
"L02-1038","L02","연안어시장입구4","37.45651","126.607127","1038","","","","{}","","-1","1;1;1;1;1;2;3","2026-06-23T22:43:07.334182+00:00","2026-06-23T22:43:05.98+00:00","null"
"L02-1039","L02","신흥삼익4거리","37.465409","126.632271","1039","","","","{}","","-1","1;1;1;1;1;2;3","2026-06-23T22:43:07.334182+00:00","2026-06-23T22:43:05.98+00:00","null"
"L02-1040","L02","남항친수공원3","37.4498","126.606597","1040","","","","{}","","-1","1;1;1;1;1;2;3","2026-06-23T22:43:07.334182+00:00","2026-06-23T22:43:05.98+00:00","null"
"L02-1041","L02","숭의공구상가","37.463705","126.638155","1041","","","","{}","","-1","1;1;1;1;1;2;3","2026-06-23T22:43:07.334182+00:00","2026-06-23T22:43:05.98+00:00","null"
"L02-1042","L02","남항4거리","37.437533","126.617126","1042","","","","{}","","-1","1;1;1;1;1;2;3","2026-06-23T22:43:07.334182+00:00","2026-06-23T22:43:05.98+00:00","null"
"L02-1043","L02","신흥항운4거리","37.446783","126.622956","1043","","","","{}","","-1","1;1;1;1;1;2;3","2026-06-23T22:43:07.334182+00:00","2026-06-23T22:43:05.98+00:00","null"
"L02-1044","L02","신흥3가A교차로","37.438032","126.626818","1044","","","","{}","","-1","1;1;1;1;1;2;3","2026-06-23T22:43:07.334182+00:00","2026-06-23T22:43:05.98+00:00","null"
"L02-1045","L02","송월고개입구","37.478257","126.617934","1045","","","","{}","","-1","1;1;1;1;1;2;3","2026-06-23T22:43:07.334182+00:00","2026-06-23T22:43:05.98+00:00","null"
"L02-1046","L02","대주물류","37.443224","126.624429","1046","","","","{}","","-1","1;1;1;1;1;2;3","2026-06-23T22:43:07.334182+00:00","2026-06-23T22:43:05.98+00:00","null"
"L02-1047","L02","신흥3가C교차로","37.441384","126.629037","1047","","","","{}","","-1","1;1;1;1;1;2;3","2026-06-23T22:43:07.334182+00:00","2026-06-23T22:43:05.98+00:00","null"
"L02-1048","L02","신선초교정문","37.450677","126.628408","1048","","","","{}","","-1","1;1;1;1;1;2;3","2026-06-23T22:43:07.334182+00:00","2026-06-23T22:43:05.98+00:00","null"
"L02-1049","L02","보건환경연구원","37.467491","126.635307","1049","","","","{}","","-1","1;1;1;1;1;2;3","2026-06-23T22:43:07.334182+00:00","2026-06-23T22:43:05.98+00:00","null"
"L02-1050","L02","중구체육센터","37.439993","126.628103","1050","","","","{}","","-1","1;1;1;1;1;2;3","2026-06-23T22:43:07.334182+00:00","2026-06-23T22:43:05.98+00:00","null"
"L02-1051","L02","제2여객터미널","37.466736","126.627196","1051","","","","{}","","-1","1;1;1;1;1;2;3","2026-06-23T22:43:07.334182+00:00","2026-06-23T22:43:05.98+00:00","null"
"L02-1052","L02","동림산업4거리","37.445599","126.625866","1052","","","","{}","","-1","1;1;1;1;1;2;3","2026-06-23T22:43:07.334182+00:00","2026-06-23T22:43:05.98+00:00","null"
"L02-1053","L02","중구복지관3","37.452367","126.629298","1053","","","","{}","","-1","1;1;1;1;1;2;3","2026-06-23T22:43:07.334182+00:00","2026-06-23T22:43:05.98+00:00","null"
"L02-1054","L02","연안안전센터3","37.446847","126.604693","1054","","","","{}","","-1","1;1;1;1;1;2;3","2026-06-23T22:43:07.334182+00:00","2026-06-23T22:43:05.98+00:00","null"
"L02-1055","L02","항동연안입구","37.450299","126.622515","1055","","","","{}","","-1","1;1;1;1;1;2;3","2026-06-23T22:43:07.334182+00:00","2026-06-23T22:43:05.98+00:00","null"
"L02-1056","L02","연안농협","37.456247","126.603768","1056","","","","{}","","-1","1;1;1;1;1;2;3","2026-06-23T22:43:07.334182+00:00","2026-06-23T22:43:05.98+00:00","null"
"L02-1057","L02","유동육교3거리","37.470186","126.639009","1057","","","","{}","","-1","1;1;1;1;1;2;3","2026-06-23T22:43:07.334182+00:00","2026-06-23T22:43:05.98+00:00","null"
"L02-1058","L02","아암1단지입구(←남향준설토E)","37.43204","126.630618","1058","","","","{}","","-1","1;1;1;1;1;2;3","2026-06-23T22:43:07.334182+00:00","2026-06-23T22:43:05.98+00:00","null"
"L02-1059","L02","남항환경사업소3","37.433374","126.627196","1059","","","","{}","","-1","1;1;1;1;1;2;3","2026-06-23T22:43:07.334182+00:00","2026-06-23T22:43:05.98+00:00","null"
"L02-1060","L02","볼보물류4거리","37.434487","126.624546","1060","","","","{}","","-1","1;1;1;1;1;2;3","2026-06-23T22:43:07.334182+00:00","2026-06-23T22:43:05.98+00:00","null"
"L02-1061","L02","삼양물류4거리","37.436291","126.619937","1061","","","","{}","","-1","1;1;1;1;1;2;3","2026-06-23T22:43:07.334182+00:00","2026-06-23T22:43:05.98+00:00","null"
"L02-1062","L02","화물휴게소3(←선영물류3)","37.432347","126.623288","1062","","","","{}","","-1","1;1;1;1;1;2;3","2026-06-23T22:43:07.334182+00:00","2026-06-23T22:43:05.98+00:00","null"
"L02-1063","L02","공항초교앞","37.49138","126.484795","1063","","","","{}","","-1","1;1;1;1;1;2;3","2026-06-23T22:43:07.334182+00:00","2026-06-23T22:43:05.98+00:00","null"
"L02-1064","L02","북성선광입구","37.477209","126.617386","1064","","","","{}","","-1","1;1;1;1;1;2;3","2026-06-23T22:43:07.334182+00:00","2026-06-23T22:43:05.98+00:00","null"
"L02-1065","L02","신포문화센터입구4","37.468825","126.626064","1065","","","","{}","","-1","1;1;1;1;1;2;3","2026-06-23T22:43:07.334182+00:00","2026-06-23T22:43:05.98+00:00","null"
"L02-1066","L02","용동큰우물","37.473345","126.62972","1066","","","","{}","","-1","1;1;1;1;1;2;3","2026-06-23T22:43:07.334182+00:00","2026-06-23T22:43:05.98+00:00","null"
"L02-1067","L02","제1터미널출구","37.451968","126.597488","1067","","","","{}","","-1","1;1;1;1;1;2;3","2026-06-23T22:43:07.334182+00:00","2026-06-23T22:43:05.98+00:00","null"
"L02-1068","L02","화도고개","37.479519","126.630025","1068","","","","{}","","-1","1;1;1;1;1;2;3","2026-06-23T22:43:07.334182+00:00","2026-06-23T22:43:05.98+00:00","null"
"L02-1069","L02","우회고가4거리","37.475462","126.616066","1069","","","","{}","","-1","1;1;1;1;1;2;3","2026-06-23T22:43:07.334182+00:00","2026-06-23T22:43:05.98+00:00","null"
"L02-1070","L02","월미공원입구","37.476246","126.605582","1070","","","","{}","","-1","1;1;1;1;1;2;3","2026-06-23T22:43:07.334182+00:00","2026-06-23T22:43:05.98+00:00","null"
"L02-1071","L02","옹진선거관리위","37.473052","126.624707","1071","","","","{}","","-1","1;1;1;1;1;2;3","2026-06-23T22:43:07.334182+00:00","2026-06-23T22:43:05.98+00:00","null"
"L02-1072","L02","월미금고","37.47656","126.599779","1072","","","","{}","","-1","1;1;1;1;1;2;3","2026-06-23T22:43:07.334182+00:00","2026-06-23T22:43:05.98+00:00","null"
"L02-1073","L02","연안여객터미널","37.453266","126.598396","1073","","","","{}","","-1","1;1;1;1;1;2;3","2026-06-23T22:43:07.334182+00:00","2026-06-23T22:43:05.98+00:00","null"
"L02-1074","L02","종합어시장4","37.453993","126.605349","1074","","","","{}","","-1","1;1;1;1;1;2;3","2026-06-23T22:43:07.334182+00:00","2026-06-23T22:43:05.98+00:00","null"
"L02-1075","L02","연안초교3거리","37.452752","126.608484","1075","","","","{}","","-1","1;1;1;1;1;2;3","2026-06-23T22:43:07.334182+00:00","2026-06-23T22:43:05.98+00:00","null"
"L02-1076","L02","연안풍물거리4거리","37.451034","126.603543","1076","","","","{}","","-1","1;1;1;1;1;2;3","2026-06-23T22:43:07.334182+00:00","2026-06-23T22:43:05.98+00:00","null"
"L02-1077","L02","저유소4거리","37.448067","126.60171","1077","","","","{}","","-1","1;1;1;1;1;2;3","2026-06-23T22:43:07.334182+00:00","2026-06-23T22:43:05.98+00:00","null"
"L02-1078","L02","컨부두입구3거리","37.444323","126.603175","1078","","","","{}","","-1","1;1;1;1;1;2;3","2026-06-23T22:43:07.334182+00:00","2026-06-23T22:43:05.98+00:00","null"
"L02-1079","L02","항동롯데마트","37.447482","126.621132","1079","","","","{}","","-1","1;1;1;1;1;2;3","2026-06-23T22:43:07.334182+00:00","2026-06-23T22:43:05.98+00:00","null"
"L02-1080","L02","동양물류4거리","37.439858","126.622201","1080","","","","{}","","-1","1;1;1;1;1;2;3","2026-06-23T22:43:07.334182+00:00","2026-06-23T22:43:05.98+00:00","null"
"L02-1081","L02","CJ창고","37.438781","126.62495","1081","","","","{}","","-1","1;1;1;1;1;2;3","2026-06-23T22:43:07.334182+00:00","2026-06-23T22:43:05.98+00:00","null"
"L02-1082","L02","대우물류3거리","37.434822","126.619147","1082","","","","{}","","-1","1;1;1;1;1;2;3","2026-06-23T22:43:07.334182+00:00","2026-06-23T22:43:05.98+00:00","null"
"L02-1083","L02","아암3교3거리","37.432354","126.614377","1083","","","","{}","","-1","1;1;1;1;1;2;3","2026-06-23T22:43:07.334182+00:00","2026-06-23T22:43:05.98+00:00","null"
"L02-1084","L02","선광물류3거리","37.432368","126.618491","1084","","","","{}","","-1","1;1;1;1;1;2;3","2026-06-23T22:43:07.334182+00:00","2026-06-23T22:43:05.98+00:00","null"
"L02-1085","L02","아암공동물류3","37.432347","126.620934","1085","","","","{}","","-1","1;1;1;1;1;2;3","2026-06-23T22:43:07.334182+00:00","2026-06-23T22:43:05.98+00:00","null"
"L02-1086","L02","항만주유소","37.457787","126.60878","1086","","","","{}","","-1","1;1;1;1;1;2;3","2026-06-23T22:43:07.334182+00:00","2026-06-23T22:43:05.98+00:00","null"
"L02-1087","L02","원평석재4거리","37.448752","126.617943","1087","","","","{}","","-1","1;1;1;1;1;2;3","2026-06-23T22:43:07.334182+00:00","2026-06-23T22:43:05.98+00:00","null"
"L02-1088","L02","선창산업","37.477351","126.60896","1088","","","","{}","","-1","1;1;1;1;1;2;3","2026-06-23T22:43:07.334182+00:00","2026-06-23T22:43:05.98+00:00","null"
"L02-1089","L02","고다곶입구3거리","37.4243","126.423512","1089","","","","{}","","-1","1;1;1;1;1;2;3","2026-06-23T22:43:07.334182+00:00","2026-06-23T22:43:05.98+00:00","null"
"L02-1090","L02","운서삼안입구","37.490047","126.486016","1090","","","","{}","","-1","1;1;1;1;1;2;3","2026-06-23T22:43:07.334182+00:00","2026-06-23T22:43:05.98+00:00","null"
"L02-1091","L02","삼목지하차도4","37.493183","126.479953","1091","","","","{}","","-1","1;1;1;1;1;2;3","2026-06-23T22:43:07.334182+00:00","2026-06-23T22:43:05.98+00:00","null"
"L02-1092","L02","신삼목마을","37.494537","126.482217","1092","","","","{}","","-1","1;1;1;1;1;2;3","2026-06-23T22:43:07.334182+00:00","2026-06-23T22:43:05.98+00:00","null"
"L02-1093","L02","영마루공원4","37.495357","126.485055","1093","","","","{}","","-1","1;1;1;1;1;2;3","2026-06-23T22:43:07.334182+00:00","2026-06-23T22:43:05.98+00:00","null"
"L02-1094","L02","공항고교","37.496882","126.485037","1094","","","","{}","","-1","1;1;1;1;1;2;3","2026-06-23T22:43:07.334182+00:00","2026-06-23T22:43:05.98+00:00","null"
"L02-1095","L02","삼목초교","37.49932","126.485163","1095","","","","{}","","-1","1;1;1;1;1;2;3","2026-06-23T22:43:07.334182+00:00","2026-06-23T22:43:05.98+00:00","null"
"L02-1096","L02","공항교회","37.500617","126.486789","1096","","","","{}","","-1","1;1;1;1;1;2;3","2026-06-23T22:43:07.334182+00:00","2026-06-23T22:43:05.98+00:00","null"
"L02-1097","L02","백령골입구","37.500496","126.489116","1097","","","","{}","","-1","1;1;1;1;1;2;3","2026-06-23T22:43:07.334182+00:00","2026-06-23T22:43:05.98+00:00","null"
"L02-1098","L02","은골2마을","37.499134","126.490661","1098","","","","{}","","-1","1;1;1;1;1;2;3","2026-06-23T22:43:07.334182+00:00","2026-06-23T22:43:05.98+00:00","null"
"L02-1099","L02","은골1마을","37.496576","126.490607","1099","","","","{}","","-1","1;1;1;1;1;2;3","2026-06-23T22:43:07.334182+00:00","2026-06-23T22:43:05.98+00:00","null"
"L02-1100","L02","은골4","37.4952","126.490517","1100","","","","{}","","-1","1;1;1;1;1;2;3","2026-06-23T22:43:07.334182+00:00","2026-06-23T22:43:05.98+00:00","null"
"L02-1101","L02","운서농협4","37.493903","126.490508","1101","","","","{}","","-1","1;1;1;1;1;2;3","2026-06-23T22:43:07.334182+00:00","2026-06-23T22:43:05.98+00:00","null"
"L02-1102","L02","흰바위4","37.492299","126.490418","1102","","","","{}","","-1","1;1;1;1;1;2;3","2026-06-23T22:43:07.334182+00:00","2026-06-23T22:43:05.98+00:00","null"
"L02-1103","L02","운서우체국3거리","37.492535","126.488029","1103","","","","{}","","-1","1;1;1;1;1;2;3","2026-06-23T22:43:07.334182+00:00","2026-06-23T22:43:05.98+00:00","null"
"L02-1104","L02","운서소방3","37.49396","126.488145","1104","","","","{}","","-1","1;1;1;1;1;2;3","2026-06-23T22:43:07.334182+00:00","2026-06-23T22:43:05.98+00:00","null"
"L02-1105","L02","눈돌4거리","37.492592","126.484947","1105","","","","{}","","-1","1;1;1;1;1;2;3","2026-06-23T22:43:07.334182+00:00","2026-06-23T22:43:05.98+00:00","null"
"L02-1106","L02","운서주공입구","37.489961","126.489089","1106","","","","{}","","-1","1;1;1;1;1;2;3","2026-06-23T22:43:07.334182+00:00","2026-06-23T22:43:05.98+00:00","null"
"L02-1107","L02","운서역주차장3","37.493725","126.492772","1107","","","","{}","","-1","1;1;1;1;1;2;3","2026-06-23T22:43:07.334182+00:00","2026-06-23T22:43:05.98+00:00","null"
"L02-1108","L02","운서2교3거리","37.494994","126.493751","1108","","","","{}","","-1","1;1;1;1;1;2;3","2026-06-23T22:43:07.334182+00:00","2026-06-23T22:43:05.98+00:00","null"
"L02-1109","L02","흰바위3거리","37.491872","126.49146","1109","","","","{}","","-1","1;1;1;1;1;2;3","2026-06-23T22:43:07.334182+00:00","2026-06-23T22:43:05.98+00:00","null"
"L02-1110","L02","공댕이입구3","37.432875","126.425955","1110","","","","{}","","-1","1;1;1;1;1;2;3","2026-06-23T22:43:07.334182+00:00","2026-06-23T22:43:05.98+00:00","null"
"L02-1111","L02","공항버스차고4","37.431591","126.426117","1111","","","","{}","","-1","1;1;1;1;1;2;3","2026-06-23T22:43:07.334182+00:00","2026-06-23T22:43:05.98+00:00","null"
"L02-1112","L02","공항철도기지4","37.427639","126.423125","1112","","","","{}","","-1","1;1;1;1;1;2;3","2026-06-23T22:43:07.334182+00:00","2026-06-23T22:43:05.98+00:00","null"
"L02-1113","L02","거잠포입구3","37.425977","126.422748","1113","","","","{}","","-1","1;1;1;1;1;2;3","2026-06-23T22:43:07.334182+00:00","2026-06-23T22:43:05.98+00:00","null"
"L02-1114","L02","잠진도입구3","37.423665","126.425201","1114","","","","{}","","-1","1;1;1;1;1;2;3","2026-06-23T22:43:07.334182+00:00","2026-06-23T22:43:05.98+00:00","null"
"L02-1115","L02","늙목4","37.452788","126.391379","1115","","","","{}","","-1","1;1;1;1;1;2;3","2026-06-23T22:43:07.334182+00:00","2026-06-23T22:43:05.98+00:00","null"
"L02-1116","L02","약수3","37.447767","126.388648","1116","","","","{}","","-1","1;1;1;1;1;2;3","2026-06-23T22:43:07.334182+00:00","2026-06-23T22:43:05.98+00:00","null"
"L02-1117","L02","늙목염전","37.447375","126.397452","1117","","","","{}","","-1","1;1;1;1;1;2;3","2026-06-23T22:43:07.334182+00:00","2026-06-23T22:43:05.98+00:00","null"
"L02-1118","L02","신설동입구","37.445614","126.400955","1118","","","","{}","","-1","1;1;1;1;1;2;3","2026-06-23T22:43:07.334182+00:00","2026-06-23T22:43:05.98+00:00","null"
"L02-1119","L02","용유파출소","37.444002","126.403398","1119","","","","{}","","-1","1;1;1;1;1;2;3","2026-06-23T22:43:07.334182+00:00","2026-06-23T22:43:05.98+00:00","null"
"L02-1120","L02","관청말입구","37.442611","126.40577","1120","","","","{}","","-1","1;1;1;1;1;2;3","2026-06-23T22:43:07.334182+00:00","2026-06-23T22:43:05.98+00:00","null"
"L02-1121","L02","용유3거리","37.446669","126.411034","1121","","","","{}","","-1","1;1;1;1;1;2;3","2026-06-23T22:43:07.334182+00:00","2026-06-23T22:43:05.98+00:00","null"
"L02-1122","L02","용유초교3거리","37.447304","126.412004","1122","","","","{}","","-1","1;1;1;1;1;2;3","2026-06-23T22:43:07.334182+00:00","2026-06-23T22:43:05.98+00:00","null"
"L02-1123","L02","용유공업사","37.449386","126.417358","1123","","","","{}","","-1","1;1;1;1;1;2;3","2026-06-23T22:43:07.334182+00:00","2026-06-23T22:43:05.98+00:00","null"
"L02-1124","L02","구연도교3","37.452531","126.420844","1124","","","","{}","","-1","1;1;1;1;1;2;3","2026-06-23T22:43:07.334182+00:00","2026-06-23T22:43:05.98+00:00","null"
"L02-1125","L02","마시란로입구3","37.448088","126.394146","1125","","","","{}","","-1","1;1;1;1;1;2;3","2026-06-23T22:43:07.334182+00:00","2026-06-23T22:43:05.98+00:00","null"
"L02-1126","L02","남리입구3","37.444472","126.413612","1126","","","","{}","","-1","1;1;1;1;1;2;3","2026-06-23T22:43:07.334182+00:00","2026-06-23T22:43:05.98+00:00","null"
"L02-1127","L02","영종파출소4","37.493675","126.53351","1127","","","","{}","","-1","1;1;1;1;1;2;3","2026-06-23T22:43:07.334182+00:00","2026-06-23T22:43:05.98+00:00","null"
"L02-1128","L02","운남교4거리","37.491266","126.532756","1128","","","","{}","","-1","1;1;1;1;1;2;3","2026-06-23T22:43:07.334182+00:00","2026-06-23T22:43:05.98+00:00","null"
"L02-1129","L02","운남말우물4","37.48912","126.532882","1129","","","","{}","","-1","1;1;1;1;1;2;3","2026-06-23T22:43:07.334182+00:00","2026-06-23T22:43:05.98+00:00","null"
"L02-1130","L02","영종물류고3","37.489156","126.531795","1130","","","","{}","","-1","1;1;1;1;1;2;3","2026-06-23T22:43:07.334182+00:00","2026-06-23T22:43:05.98+00:00","null"
"L02-1131","L02","운남초교","37.490061","126.529711","1131","","","","{}","","-1","1;1;1;1;1;2;3","2026-06-23T22:43:07.334182+00:00","2026-06-23T22:43:05.98+00:00","null"
"L02-1132","L02","운남공원4거리","37.491301","126.529728","1132","","","","{}","","-1","1;1;1;1;1;2;3","2026-06-23T22:43:07.334182+00:00","2026-06-23T22:43:05.98+00:00","null"
"L02-1133","L02","요트경기장입구","37.460218","126.371778","1133","","","","{}","","-1","1;1;1;1;1;2;3","2026-06-23T22:43:07.334182+00:00","2026-06-23T22:43:05.98+00:00","null"
"L02-1134","L02","왕산팬션타운","37.458129","126.371921","1134","","","","{}","","-1","1;1;1;1;1;2;3","2026-06-23T22:43:07.334182+00:00","2026-06-23T22:43:05.98+00:00","null"
"L02-1135","L02","영마루공원3","37.495257","126.488271","1135","","","","{}","","-1","1;1;1;1;1;2;3","2026-06-23T22:43:07.334182+00:00","2026-06-23T22:43:05.98+00:00","null"
"L02-1136","L02","운남4거리","37.500709","126.537831","1136","","","","{}","","-1","1;1;1;1;1;2;3","2026-06-23T22:43:07.334182+00:00","2026-06-23T22:43:05.98+00:00","null"
"L02-1137","L02","중산4","37.495471","126.549833","1137","","","","{}","","-1","1;1;1;1;1;2;3","2026-06-23T22:43:07.334182+00:00","2026-06-23T22:43:05.98+00:00","null"
"L02-1138","L02","영종역입구4","37.511263","126.522344","1138","","","","{}","","-1","1;1;1;1;1;2;3","2026-06-23T22:43:07.334182+00:00","2026-06-23T22:43:05.98+00:00","null"
"L02-1139","L02","공항초입구","37.492556","126.486502","1139","","","","{}","","-1","1;1;1;1;1;2;3","2026-06-23T22:43:07.334182+00:00","2026-06-23T22:43:05.98+00:00","null"
"L02-1140","L02","영종석산입구3","37.519835","126.501297","1140","","","","{}","","-1","1;1;1;1;1;2;3","2026-06-23T22:43:07.334182+00:00","2026-06-23T22:43:05.98+00:00","null"
"L02-1141","L02","탐지견센터입구3","37.521182","126.501494","1141","","","","{}","","-1","1;1;1;1;1;2;3","2026-06-23T22:43:07.334182+00:00","2026-06-23T22:43:05.98+00:00","null"
"L02-1142","L02","남측유수지입구3","37.429151","126.456219","1142","","","","{}","","-1","1;1;1;1;1;2;3","2026-06-23T22:43:07.334182+00:00","2026-06-23T22:43:05.98+00:00","null"
"L02-1143","L02","선녀바위입구","37.444694","126.376521","1143","","","","{}","","-1","1;1;1;1;1;2;3","2026-06-23T22:43:07.334182+00:00","2026-06-23T22:43:05.98+00:00","null"
"L02-1144","L02","공항서로제1진입로3","37.435107","126.433088","1144","","","","{}","","-1","1;1;1;1;1;2;3","2026-06-23T22:43:07.334182+00:00","2026-06-23T22:43:05.98+00:00","null"
"L02-1145","L02","공항서로제2진입로3","37.459833","126.40259","1145","","","","{}","","-1","1;1;1;1;1;2;3","2026-06-23T22:43:07.334182+00:00","2026-06-23T22:43:05.98+00:00","null"
"L02-1146","L02","영종인재개발원","37.455969","126.385998","1146","","","","{}","","-1","1;1;1;1;1;2;3","2026-06-23T22:43:07.334182+00:00","2026-06-23T22:43:05.98+00:00","null"
"L02-1147","L02","왕산교3","37.470821","126.372613","1147","","","","{}","","-1","1;1;1;1;1;2;3","2026-06-23T22:43:07.334182+00:00","2026-06-23T22:43:05.98+00:00","null"
"L02-1148","L02","왕산레이더3","37.470144","126.371526","1148","","","","{}","","-1","1;1;1;1;1;2;3","2026-06-23T22:43:07.334182+00:00","2026-06-23T22:43:05.98+00:00","null"
"L02-1149","L02","북측유수지3","37.466208","126.374356","1149","","","","{}","","-1","1;1;1;1;1;2;3","2026-06-23T22:43:07.334182+00:00","2026-06-23T22:43:05.98+00:00","null"
"L02-1150","L02","왕산해수욕장3","37.455698","126.371823","1150","","","","{}","","-1","1;1;1;1;1;2;3","2026-06-23T22:43:07.334182+00:00","2026-06-23T22:43:05.98+00:00","null"
"L02-1151","L02","교직원수련원","37.449943","126.37308","1151","","","","{}","","-1","1;1;1;1;1;2;3","2026-06-23T22:43:07.334182+00:00","2026-06-23T22:43:05.98+00:00","null"
"L02-1152","L02","을왕해수욕장","37.445428","126.375694","1152","","","","{}","","-1","1;1;1;1;1;2;3","2026-06-23T22:43:07.334182+00:00","2026-06-23T22:43:05.98+00:00","null"
"L02-1153","L02","못개입구","37.444116","126.378731","1153","","","","{}","","-1","1;1;1;1;1;2;3","2026-06-23T22:43:07.334182+00:00","2026-06-23T22:43:05.98+00:00","null"
"L02-1154","L02","영종상촌마을","37.502341","126.533501","1154","","","","{}","","-1","1;1;1;1;1;2;3","2026-06-23T22:43:07.334182+00:00","2026-06-23T22:43:05.98+00:00","null"
"L02-1155","L02","영종토취장입구3","37.462137","126.501009","1155","","","","{}","","-1","1;1;1;1;1;2;3","2026-06-23T22:43:07.334182+00:00","2026-06-23T22:43:05.98+00:00","null"
"L02-1156","L02","오성터널입구","37.441562","126.417125","1156","","","","{}","","-1","1;1;1;1;1;2;3","2026-06-23T22:43:07.334182+00:00","2026-06-23T22:43:05.98+00:00","null"
"L02-1157","L02","영종초입구","37.496825","126.547776","1157","","","","{}","","-1","1;1;1;1;1;2;3","2026-06-23T22:43:07.334182+00:00","2026-06-23T22:43:05.98+00:00","null"
"L02-1158","L02","중촌4거리","37.498122","126.545485","1158","","","","{}","","-1","1;1;1;1;1;2;3","2026-06-23T22:43:07.334182+00:00","2026-06-23T22:43:05.98+00:00","null"
"L02-1159","L02","동감동입구","37.505527","126.529468","1159","","","","{}","","-1","1;1;1;1;1;2;3","2026-06-23T22:43:07.334182+00:00","2026-06-23T22:43:05.98+00:00","null"
"L02-1160","L02","금산나들목입구","37.509895","126.524096","1160","","","","{}","","-1","1;1;1;1;1;2;3","2026-06-23T22:43:07.334182+00:00","2026-06-23T22:43:05.98+00:00","null"
"L02-1161","L02","금산뒷골3","37.516287","126.51726","1161","","","","{}","","-1","1;1;1;1;1;2;3","2026-06-23T22:43:07.334182+00:00","2026-06-23T22:43:05.98+00:00","null"
"L02-1162","L02","운서초교서측4","37.483111","126.51001","1162","","","","{}","","-1","1;1;1;1;1;2;3","2026-06-23T22:43:07.334182+00:00","2026-06-23T22:43:05.98+00:00","null"
"L02-1163","L02","운서지구3거리","37.483275","126.50834","1163","","","","{}","","-1","1;1;1;1;1;2;3","2026-06-23T22:43:07.334182+00:00","2026-06-23T22:43:05.98+00:00","null"
"L02-1164","L02","운서넙뒤4거리","37.484459","126.507396","1164","","","","{}","","-1","1;1;1;1;1;2;3","2026-06-23T22:43:07.334182+00:00","2026-06-23T22:43:05.98+00:00","null"
"L02-1165","L02","등록되지 않은 교차로","37.456","126.705","1165","","","","{}","","-1","1;1;1;1;1;2;3","2026-06-23T22:43:07.334182+00:00","2026-06-23T22:43:05.98+00:00","null"
"L02-1166","L02","영종수질센터","37.457409","126.495071","1166","","","","{}","","-1","1;1;1;1;1;2;3","2026-06-23T22:43:07.334182+00:00","2026-06-23T22:43:05.98+00:00","null"
"L02-1167","L02","골든리조트","37.451861","126.372389","1167","","","","{}","","-1","1;1;1;1;1;2;3","2026-06-23T22:43:07.334182+00:00","2026-06-23T22:43:05.98+00:00","null"
"L02-1168","L02","남성네고개","37.4354","126.42361","1168","","","","{}","","-1","1;1;1;1;1;2;3","2026-06-23T22:43:07.334182+00:00","2026-06-23T22:43:05.98+00:00","null"
"L02-1169","L02","반석행복마을","37.473758","126.633035","1169","","","","{}","","-1","1;1;1;1;1;2;3","2026-06-23T22:43:07.334182+00:00","2026-06-23T22:43:05.98+00:00","null"
"L02-1170","L02","공항대로주유소3","37.44137","126.477869","1170","","","","{}","","-1","1;1;1;1;1;2;3","2026-06-23T22:43:07.334182+00:00","2026-06-23T22:43:05.98+00:00","null"
"L02-1171","L02","중구보건소입구3","37.478007","126.629334","1171","","","","{}","","-1","1;1;1;1;1;2;3","2026-06-23T22:43:07.334182+00:00","2026-06-23T22:43:05.98+00:00","null"
"L02-1172","L02","동화마을","37.478799","126.618886","1172","","","","{}","","-1","1;1;1;1;1;2;3","2026-06-23T22:43:07.334182+00:00","2026-06-23T22:43:05.98+00:00","null"
"L02-1173","L02","우현로입구","37.470194","126.62566","1173","","","","{}","","-1","1;1;1;1;1;2;3","2026-06-23T22:43:07.334182+00:00","2026-06-23T22:43:05.98+00:00","null"
"L02-1174","L02","신흥SK주유소앞","37.462671","126.63714","1174","","","","{}","","-1","1;1;1;1;1;2;3","2026-06-23T22:43:07.334182+00:00","2026-06-23T22:43:05.98+00:00","null"
"L02-1175","L02","하늘산책","37.496633","126.566613","1175","","","","{}","","-1","1;1;1;1;1;2;3","2026-06-23T22:43:07.334182+00:00","2026-06-23T22:43:05.98+00:00","null"
"L02-1176","L02","신선초교3거리","37.449907","126.627842","1176","","","","{}","","-1","1;1;1;1;1;2;3","2026-06-23T22:43:07.334182+00:00","2026-06-23T22:43:05.98+00:00","null"
"L02-1177","L02","영종강서부동산","37.496355","126.564457","1177","","","","{}","","-1","1;1;1;1;1;2;3","2026-06-23T22:43:07.334182+00:00","2026-06-23T22:43:05.98+00:00","null"
"L02-1178","L02","인성여고","37.473887","126.625489","1178","","","","{}","","-1","1;1;1;1;1;2;3","2026-06-23T22:43:07.334182+00:00","2026-06-23T22:43:05.98+00:00","null"
"L02-1179","L02","운남공원북","37.491301","126.531256","1179","","","","{}","","-1","1;1;1;1;1;2;3","2026-06-23T22:43:07.334182+00:00","2026-06-23T22:43:05.98+00:00","null"
"L02-1180","L02","영종하나로마트앞","37.492606","126.533187","1180","","","","{}","","-1","1;1;1;1;1;2;3","2026-06-23T22:43:07.334182+00:00","2026-06-23T22:43:05.98+00:00","null"
"L02-1181","L02","을왕정비","37.46332","126.37176","1181","","","","{}","","-1","1;1;1;1;1;2;3","2026-06-23T22:43:07.334182+00:00","2026-06-23T22:43:05.98+00:00","null"
"L02-1182","L02","용유서로520","37.464682","126.372433","1182","","","","{}","","-1","1;1;1;1;1;2;3","2026-06-23T22:43:07.334182+00:00","2026-06-23T22:43:05.98+00:00","null"
"L02-1183","L02","운중4거리","37.49329","126.538783","1183","","","","{}","","-1","1;1;1;1;1;2;3","2026-06-23T22:43:07.334182+00:00","2026-06-23T22:43:05.98+00:00","null"
"L02-1184","L02","돌팍재4거리","37.499676","126.555348","1184","","","","{}","","-1","1;1;1;1;1;2;3","2026-06-23T22:43:07.334182+00:00","2026-06-23T22:43:05.98+00:00","null"
"L02-1185","L02","바다어린이집","37.456","126.705","1185","","","","{}","","-1","1;1;1;1;1;2;3","2026-06-23T22:43:07.334182+00:00","2026-06-23T22:43:05.98+00:00","null"
"L02-1186","L02","운서초교4거리","37.483111","126.511187","1186","","","","{}","","-1","1;1;1;1;1;2;3","2026-06-23T22:43:07.334182+00:00","2026-06-23T22:43:05.98+00:00","null"
"L02-1187","L02","연안초교정문","37.453137","126.60746","1187","","","","{}","","-1","1;1;1;1;1;2;3","2026-06-23T22:43:07.334182+00:00","2026-06-23T22:43:05.98+00:00","null"
"L02-1188","L02","영종중정문앞","37.483147","126.523871","1188","","","","{}","","-1","1;1;1;1;1;2;3","2026-06-23T22:43:07.334182+00:00","2026-06-23T22:43:05.98+00:00","null"
"L02-1189","L02","상상플랫폼3","37.476867","126.615006","1189","","","","{}","","-1","1;1;1;1;1;2;3","2026-06-23T22:43:07.334182+00:00","2026-06-23T22:43:05.98+00:00","null"
"L02-1190","L02","상상플랫폼3","37.456","126.705","1190","","","","{}","","-1","1;1;1;1;1;2;3","2026-06-23T22:43:07.334182+00:00","2026-06-23T22:43:05.98+00:00","null"
"L02-2001","L02","송현소방4거리","37.486219","126.650561","2001","","","","{}","","-1","1;1;1;1;1;2;3","2026-06-23T22:43:07.334182+00:00","2026-06-23T22:43:05.98+00:00","null"
"L02-2002","L02","염전4거리","37.48314","126.651001","2002","","","","{}","","-1","1;1;1;1;1;2;3","2026-06-23T22:43:07.334182+00:00","2026-06-23T22:43:05.98+00:00","null"
"L02-2003","L02","송림시장(보)","37.476467","126.646716","2003","","","","{}","","-1","1;1;1;1;1;2;3","2026-06-23T22:43:07.334182+00:00","2026-06-23T22:43:05.98+00:00","null"
"L02-2004","L02","송림지구대","37.474578","126.640661","2004","","","","{}","","-1","1;1;1;1;1;2;3","2026-06-23T22:43:07.334182+00:00","2026-06-23T22:43:05.98+00:00","null"
"L02-2005","L02","박문사거리","37.470764","126.649186","2005","","","","{}","","-1","1;1;1;1;1;2;3","2026-06-23T22:43:07.334182+00:00","2026-06-23T22:43:05.98+00:00","null"
"L02-2006","L02","서림초교4거리","37.474129","126.646177","2006","","","","{}","","-1","1;1;1;1;1;2;3","2026-06-23T22:43:07.334182+00:00","2026-06-23T22:43:05.98+00:00","null"
"L02-2007","L02","송림5거리","37.475947","126.644677","2007","","","","{}","","-1","1;1;1;1;1;2;3","2026-06-23T22:43:07.334182+00:00","2026-06-23T22:43:05.98+00:00","null"
"L02-2008","L02","동구공원북문","37.477986","126.671204","2008","","","","{}","","-1","1;1;1;1;1;2;3","2026-06-23T22:43:07.334182+00:00","2026-06-23T22:43:05.98+00:00","null"
"L02-2009","L02","배다리3거리","37.473288","126.637023","2009","","","","{}","","-1","1;1;1;1;1;2;3","2026-06-23T22:43:07.334182+00:00","2026-06-23T22:43:05.98+00:00","null"
"L02-2010","L02","산업용품센타사거리","37.482677","126.658951","2010","","","","{}","","-1","1;1;1;1;1;2;3","2026-06-23T22:43:07.334182+00:00","2026-06-23T22:43:05.98+00:00","null"
"L02-2011","L02","염전3거리","37.486946","126.645737","2011","","","","{}","","-1","1;1;1;1;1;2;3","2026-06-23T22:43:07.334182+00:00","2026-06-23T22:43:05.98+00:00","null"
"L02-2012","L02","현대제철","37.485314","126.64385","2012","","","","{}","","-1","1;1;1;1;1;2;3","2026-06-23T22:43:07.334182+00:00","2026-06-23T22:43:05.98+00:00","null"
"L02-2013","L02","동국제강","37.483653","126.642153","2013","","","","{}","","-1","1;1;1;1;1;2;3","2026-06-23T22:43:07.334182+00:00","2026-06-23T22:43:05.98+00:00","null"
"L02-2014","L02","송현4거리","37.481229","126.639601","2014","","","","{}","","-1","1;1;1;1;1;2;3","2026-06-23T22:43:07.334182+00:00","2026-06-23T22:43:05.98+00:00","null"
"L02-2015","L02","방축사거리","37.485008","126.652564","2015","","","","{}","","-1","1;1;1;1;1;2;3","2026-06-23T22:43:07.334182+00:00","2026-06-23T22:43:05.98+00:00","null"
"L02-2016","L02","방축삼거리","37.488393","126.647165","2016","","","","{}","","-1","1;1;1;1;1;2;3","2026-06-23T22:43:07.334182+00:00","2026-06-23T22:43:05.98+00:00","null"
"L02-2017","L02","동구노인복지관(서흥초교)","37.477801","126.644982","2017","","","","{}","","-1","1;1;1;1;1;2;3","2026-06-23T22:43:07.334182+00:00","2026-06-23T22:43:05.98+00:00","null"
"L02-2018","L02","이건산업","37.480973","126.66232","2018","","","","{}","","-1","1;1;1;1;1;2;3","2026-06-23T22:43:07.334182+00:00","2026-06-23T22:43:05.98+00:00","null"
"L02-2019","L02","인천의료원","37.478385","126.667512","2019","","","","{}","","-1","1;1;1;1;1;2;3","2026-06-23T22:43:07.334182+00:00","2026-06-23T22:43:05.98+00:00","null"
"L02-2020","L02","솔빛마을정문","37.479953","126.636655","2020","","","","{}","","-1","1;1;1;1;1;2;3","2026-06-23T22:43:07.334182+00:00","2026-06-23T22:43:05.98+00:00","null"
"L02-2021","L02","송현치안3거리","37.48222","126.637383","2021","","","","{}","","-1","1;1;1;1;1;2;3","2026-06-23T22:43:07.334182+00:00","2026-06-23T22:43:05.98+00:00","null"
"L02-2022","L02","일진전기","37.484074","126.634274","2022","","","","{}","","-1","1;1;1;1;1;2;3","2026-06-23T22:43:07.334182+00:00","2026-06-23T22:43:05.98+00:00","null"
"L02-2023","L02","화수사거리","37.485792","126.630142","2023","","","","{}","","-1","1;1;1;1;1;2;3","2026-06-23T22:43:07.334182+00:00","2026-06-23T22:43:05.98+00:00","null"
"L02-2024","L02","두인북문","37.486797","126.625525","2024","","","","{}","","-1","1;1;1;1;1;2;3","2026-06-23T22:43:07.334182+00:00","2026-06-23T22:43:05.98+00:00","null"
"L02-2025","L02","만석부두입구4거리","37.486975","126.621779","2025","","","","{}","","-1","1;1;1;1;1;2;3","2026-06-23T22:43:07.334182+00:00","2026-06-23T22:43:05.98+00:00","null"
"L02-2026","L02","만석4거리","37.483838","126.626199","2026","","","","{}","","-1","1;1;1;1;1;2;3","2026-06-23T22:43:07.334182+00:00","2026-06-23T22:43:05.98+00:00","null"
"L02-2027","L02","화평사거리","37.478321","126.631526","2027","","","","{}","","-1","1;1;1;1;1;2;3","2026-06-23T22:43:07.334182+00:00","2026-06-23T22:43:05.98+00:00","null"
"L02-2028","L02","수문통4거리","37.480752","126.635622","2028","","","","{}","","-1","1;1;1;1;1;2;3","2026-06-23T22:43:07.334182+00:00","2026-06-23T22:43:05.98+00:00","null"
"L01-3810","L01","명지전문대","37.58413964","126.9243499","381","서대문","서대문","1957","{}","","-1","1;1;1;1;1;2;3","2026-06-23T22:22:39.199768+00:00","2026-06-23T22:22:39.199768+00:00","null"
"L02-2029","L02","송현농협(보)","37.47785","126.634463","2029","","","","{}","","-1","1;1;1;1;1;2;3","2026-06-23T22:43:07.334182+00:00","2026-06-23T22:43:05.98+00:00","null"
"L02-2030","L02","황금고개4거리","37.48073","126.645683","2030","","","","{}","","-1","1;1;1;1;1;2;3","2026-06-23T22:43:07.334182+00:00","2026-06-23T22:43:05.98+00:00","null"
"L02-2031","L02","인천세무소","37.470229","126.642225","2031","","","","{}","","-1","1;1;1;1;1;2;3","2026-06-23T22:43:07.334182+00:00","2026-06-23T22:43:05.98+00:00","null"
"L02-2032","L02","서림초교3거리","37.475134","126.648055","2032","","","","{}","","-1","1;1;1;1;1;2;3","2026-06-23T22:43:07.334182+00:00","2026-06-23T22:43:05.98+00:00","null"
"L02-2033","L02","동산지구입구3거리","37.471997","126.649941","2033","","","","{}","","-1","1;1;1;1;1;2;3","2026-06-23T22:43:07.334182+00:00","2026-06-23T22:43:05.98+00:00","null"
"L02-2034","L02","송림풍림3거리","37.480139","126.647237","2034","","","","{}","","-1","1;1;1;1;1;2;3","2026-06-23T22:43:07.334182+00:00","2026-06-23T22:43:05.98+00:00","null"
"L02-2035","L02","송림고가3거리","37.478677","126.651378","2035","","","","{}","","-1","1;1;1;1;1;2;3","2026-06-23T22:43:07.334182+00:00","2026-06-23T22:43:05.98+00:00","null"
"L02-2036","L02","송림3거리","37.478007","126.651926","2036","","","","{}","","-1","1;1;1;1;1;2;3","2026-06-23T22:43:07.334182+00:00","2026-06-23T22:43:05.98+00:00","null"
"L02-2037","L02","송림위생사업소","37.484516","126.649142","2037","","","","{}","","-1","1;1;1;1;1;2;3","2026-06-23T22:43:07.334182+00:00","2026-06-23T22:43:05.98+00:00","null"
"L02-2038","L02","화평치안4거리","37.477622","126.632271","2038","","","","{}","","-1","1;1;1;1;1;2;3","2026-06-23T22:43:07.334182+00:00","2026-06-23T22:43:05.98+00:00","null"
"L02-2039","L02","재능대3거리","37.477116","126.649106","2039","","","","{}","","-1","1;1;1;1;1;2;3","2026-06-23T22:43:07.334182+00:00","2026-06-23T22:43:05.98+00:00","null"
"L02-2040","L02","송현삼두입구","37.480224","126.634894","2040","","","","{}","","-1","1;1;1;1;1;2;3","2026-06-23T22:43:07.334182+00:00","2026-06-23T22:43:05.98+00:00","null"
"L02-2041","L02","송림경기장","37.485621","126.647471","2041","","","","{}","","-1","1;1;1;1;1;2;3","2026-06-23T22:43:07.334182+00:00","2026-06-23T22:43:05.98+00:00","null"
"L02-2042","L02","동구다목적회관","37.482256","126.647013","2042","","","","{}","","-1","1;1;1;1;1;2;3","2026-06-23T22:43:07.334182+00:00","2026-06-23T22:43:05.98+00:00","null"
"L02-2043","L02","송림체육관","37.483617","126.648297","2043","","","","{}","","-1","1;1;1;1;1;2;3","2026-06-23T22:43:07.334182+00:00","2026-06-23T22:43:05.98+00:00","null"
"L02-2044","L02","만석초교입구","37.484872","126.628471","2044","","","","{}","","-1","1;1;1;1;1;2;3","2026-06-23T22:43:07.334182+00:00","2026-06-23T22:43:05.98+00:00","null"
"L02-2045","L02","두인정문","37.486362","126.627717","2045","","","","{}","","-1","1;1;1;1;1;2;3","2026-06-23T22:43:07.334182+00:00","2026-06-23T22:43:05.98+00:00","null"
"L02-2046","L02","만석부두입구삼거리","37.487203","126.623477","2046","","","","{}","","-1","1;1;1;1;1;2;3","2026-06-23T22:43:07.334182+00:00","2026-06-23T22:43:05.98+00:00","null"
"L02-2047","L02","송림초교","37.474043","126.636107","2047","","","","{}","","-1","1;1;1;1;1;2;3","2026-06-23T22:43:07.334182+00:00","2026-06-23T22:43:05.98+00:00","null"
"L02-2048","L02","화도진중학교","37.483967","126.631831","2048","","","","{}","","-1","1;1;1;1;1;2;3","2026-06-23T22:43:07.334182+00:00","2026-06-23T22:43:05.98+00:00","null"
"L02-2049","L02","만석주공입구","37.485521","126.622731","2049","","","","{}","","-1","1;1;1;1;1;2;3","2026-06-23T22:43:07.334182+00:00","2026-06-23T22:43:05.98+00:00","null"
"L02-2050","L02","화도진공원","37.481258","126.628193","2050","","","","{}","","-1","1;1;1;1;1;2;3","2026-06-23T22:43:07.334182+00:00","2026-06-23T22:43:05.98+00:00","null"
"L02-2051","L02","동구청4거리","37.473145","126.644084","2051","","","","{}","","-1","1;1;1;1;1;2;3","2026-06-23T22:43:07.334182+00:00","2026-06-23T22:43:05.98+00:00","null"
"L02-2052","L02","송현3거리","37.476745","126.63325","2052","","","","{}","","-1","1;1;1;1;1;2;3","2026-06-23T22:43:07.334182+00:00","2026-06-23T22:43:05.98+00:00","null"
"L02-2053","L02","송현3동주민센터","37.481037","126.642458","2053","","","","{}","","-1","1;1;1;1;1;2;3","2026-06-23T22:43:07.334182+00:00","2026-06-23T22:43:05.98+00:00","null"
"L02-2054","L02","수문지구","37.478763","126.633322","2054","","","","{}","","-1","1;1;1;1;1;2;3","2026-06-23T22:43:07.334182+00:00","2026-06-23T22:43:05.98+00:00","null"
"L02-2055","L02","이건창호4_제2산용4거리","37.484038","126.655106","2055","","","","{}","","-1","1;1;1;1;1;2;3","2026-06-23T22:43:07.334182+00:00","2026-06-23T22:43:05.98+00:00","null"
"L02-2056","L02","재능대4거리","37.477366","126.649887","2056","","","","{}","","-1","1;1;1;1;1;2;3","2026-06-23T22:43:07.334182+00:00","2026-06-23T22:43:05.98+00:00","null"
"L02-2057","L02","동산중앞","37.471684","126.648342","2057","","","","{}","","-1","1;1;1;1;1;2;3","2026-06-23T22:43:07.334182+00:00","2026-06-23T22:43:05.98+00:00","null"
"L02-2058","L02","송현초교앞","37.48078","126.633232","2058","","","","{}","","-1","1;1;1;1;1;2;3","2026-06-23T22:43:07.334182+00:00","2026-06-23T22:43:05.98+00:00","null"
"L02-2059","L02","서림초교앞","37.474621","126.647066","2059","","","","{}","","-1","1;1;1;1;1;2;3","2026-06-23T22:43:07.334182+00:00","2026-06-23T22:43:05.98+00:00","null"
"L02-2060","L02","송림휴먼시아","37.478905","126.650714","2060","","","","{}","","-1","1;1;1;1;1;2;3","2026-06-23T22:43:07.334182+00:00","2026-06-23T22:43:05.98+00:00","null"
"L02-3001","L02","숭의시장4거리","37.466914","126.645773","3001","","","","{}","","-1","1;1;1;1;1;2;3","2026-06-23T22:43:07.334182+00:00","2026-06-23T22:43:05.98+00:00","null"
"L02-3002","L02","주오4거리","37.466472","126.683888","3002","","","","{}","","-1","1;1;1;1;1;2;3","2026-06-23T22:43:07.334182+00:00","2026-06-23T22:43:05.98+00:00","null"
"L02-3003","L02","주안역북측4거리","37.4669","126.679442","3003","","","","{}","","-1","1;1;1;1;1;2;3","2026-06-23T22:43:07.334182+00:00","2026-06-23T22:43:05.98+00:00","null"
"L02-3004","L02","대화초교(보)","37.468019","126.669057","3004","","","","{}","","-1","1;1;1;1;1;2;3","2026-06-23T22:43:07.334182+00:00","2026-06-23T22:43:05.98+00:00","null"
"L02-3005","L02","도화금고","37.468147","126.661125","3005","","","","{}","","-1","1;1;1;1;1;2;3","2026-06-23T22:43:07.334182+00:00","2026-06-23T22:43:05.98+00:00","null"
"L02-3006","L02","박문3거리","37.468561","126.651154","3006","","","","{}","","-1","1;1;1;1;1;2;3","2026-06-23T22:43:07.334182+00:00","2026-06-23T22:43:05.98+00:00","null"
"L02-3007","L02","숭의시장3거리","37.468661","126.647812","3007","","","","{}","","-1","1;1;1;1;1;2;3","2026-06-23T22:43:07.334182+00:00","2026-06-23T22:43:05.98+00:00","null"
"L02-3008","L02","사미공원입구","37.448495","126.672731","3008","","","","{}","","-1","1;1;1;1;1;2;3","2026-06-23T22:43:07.334182+00:00","2026-06-23T22:43:05.98+00:00","null"
"L02-3009","L02","주안7동주민센터","37.448224","126.676711","3009","","","","{}","","-1","1;1;1;1;1;2;3","2026-06-23T22:43:07.334182+00:00","2026-06-23T22:43:05.98+00:00","null"
"L02-3010","L02","신기시장4거리","37.448038","126.679684","3010","","","","{}","","-1","1;1;1;1;1;2;3","2026-06-23T22:43:07.334182+00:00","2026-06-23T22:43:05.98+00:00","null"
"L02-3011","L02","승학4거리","37.448288","126.689961","3011","","","","{}","","-1","1;1;1;1;1;2;3","2026-06-23T22:43:07.334182+00:00","2026-06-23T22:43:05.98+00:00","null"
"L02-3012","L02","남인천여중4거리","37.445457","126.694983","3012","","","","{}","","-1","1;1;1;1;1;2;3","2026-06-23T22:43:07.334182+00:00","2026-06-23T22:43:05.98+00:00","null"
"L02-3013","L02","중앙공원4거리","37.443987","126.698827","3013","","","","{}","","-1","1;1;1;1;1;2;3","2026-06-23T22:43:07.334182+00:00","2026-06-23T22:43:05.98+00:00","null"
"L02-3014","L02","숭의운동장4거리","37.464026","126.643958","3014","","","","{}","","-1","1;1;1;1;1;2;3","2026-06-23T22:43:07.334182+00:00","2026-06-23T22:43:05.98+00:00","null"
"L02-3015","L02","도화동원입구","37.464019","126.671815","3015","","","","{}","","-1","1;1;1;1;1;2;3","2026-06-23T22:43:07.334182+00:00","2026-06-23T22:43:05.98+00:00","null"
"L02-3016","L02","주안우진입구","37.448038","126.685218","3016","","","","{}","","-1","1;1;1;1;1;2;3","2026-06-23T22:43:07.334182+00:00","2026-06-23T22:43:05.98+00:00","null"
"L02-3017","L02","현상약국","37.453601","126.679846","3017","","","","{}","","-1","1;1;1;1;1;2;3","2026-06-23T22:43:07.334182+00:00","2026-06-23T22:43:05.98+00:00","null"
"L02-3018","L02","미추홀사거리","37.460974","126.680232","3018","","","","{}","","-1","1;1;1;1;1;2;3","2026-06-23T22:43:07.334182+00:00","2026-06-23T22:43:05.98+00:00","null"
"L02-3019","L02","주안로얄입구 - 주안로얄아파트","37.449529","126.679747","3019","","","","{}","","-1","1;1;1;1;1;2;3","2026-06-23T22:43:07.334182+00:00","2026-06-23T22:43:05.98+00:00","null"
"L02-3020","L02","가구단지4거리","37.480588","126.655735","3020","","","","{}","","-1","1;1;1;1;1;2;3","2026-06-23T22:43:07.334182+00:00","2026-06-23T22:43:05.98+00:00","null"
"L02-3021","L02","궁현4거리","37.47559","126.665158","3021","","","","{}","","-1","1;1;1;1;1;2;3","2026-06-23T22:43:07.334182+00:00","2026-06-23T22:43:05.98+00:00","null"
"L02-3022","L02","송림고개","37.477544","126.653723","3022","","","","{}","","-1","1;1;1;1;1;2;3","2026-06-23T22:43:07.334182+00:00","2026-06-23T22:43:05.98+00:00","null"
"L02-3023","L02","용현국민은행3","37.454585","126.633699","3023","","","","{}","","-1","1;1;1;1;1;2;3","2026-06-23T22:43:07.334182+00:00","2026-06-23T22:43:05.98+00:00","null"
"L02-3024","L02","차량정비단지3","37.439323","126.633394","3024","","","","{}","","-1","1;1;1;1;1;2;3","2026-06-23T22:43:07.334182+00:00","2026-06-23T22:43:05.98+00:00","null"
"L02-3025","L02","경인방송국3","37.436477","126.633969","3025","","","","{}","","-1","1;1;1;1;1;2;3","2026-06-23T22:43:07.334182+00:00","2026-06-23T22:43:05.98+00:00","null"
"L02-3026","L02","인하대후문","37.451148","126.656714","3026","","","","{}","","-1","1;1;1;1;1;2;3","2026-06-23T22:43:07.334182+00:00","2026-06-23T22:43:05.98+00:00","null"
"L02-3027","L02","용현4동사무소","37.449536","126.662832","3027","","","","{}","","-1","1;1;1;1;1;2;3","2026-06-23T22:43:07.334182+00:00","2026-06-23T22:43:05.98+00:00","null"
"L02-3028","L02","교통방송사거리","37.445464","126.650489","3028","","","","{}","","-1","1;1;1;1;1;2;3","2026-06-23T22:43:07.334182+00:00","2026-06-23T22:43:05.98+00:00","null"
"L02-3029","L02","OCI입구","37.441491","126.649447","3029","","","","{}","","-1","1;1;1;1;1;2;3","2026-06-23T22:43:07.334182+00:00","2026-06-23T22:43:05.98+00:00","null"
"L02-3030","L02","능해나들목4(능해IC)","37.446455","126.631804","3030","","","","{}","","-1","1;1;1;1;1;2;3","2026-06-23T22:43:07.334182+00:00","2026-06-23T22:43:05.98+00:00","null"
"L02-3031","L02","학익여고입구4거리","37.44443","126.678822","3031","","","","{}","","-1","1;1;1;1;1;2;3","2026-06-23T22:43:07.334182+00:00","2026-06-23T22:43:05.98+00:00","null"
"L02-3032","L02","학익교회3거리","37.441163","126.678319","3032","","","","{}","","-1","1;1;1;1;1;2;3","2026-06-23T22:43:07.334182+00:00","2026-06-23T22:43:05.98+00:00","null"
"L02-3033","L02","조개고개삼거리","37.434494","126.647246","3033","","","","{}","","-1","1;1;1;1;1;2;3","2026-06-23T22:43:07.334182+00:00","2026-06-23T22:43:05.98+00:00","null"
"L02-3034","L02","용일사거리","37.452296","126.667512","3034","","","","{}","","-1","1;1;1;1;1;2;3","2026-06-23T22:43:07.334182+00:00","2026-06-23T22:43:05.98+00:00","null"
"L02-3035","L02","주안2동사무소","37.451818","126.673073","3035","","","","{}","","-1","1;1;1;1;1;2;3","2026-06-23T22:43:07.334182+00:00","2026-06-23T22:43:05.98+00:00","null"
"L02-3036","L02","신기4거리","37.451383","126.679891","3036","","","","{}","","-1","1;1;1;1;1;2;3","2026-06-23T22:43:07.334182+00:00","2026-06-23T22:43:05.98+00:00","null"
"L02-3037","L02","제물포여중(보)","37.450912","126.687401","3037","","","","{}","","-1","1;1;1;1;1;2;3","2026-06-23T22:43:07.334182+00:00","2026-06-23T22:43:05.98+00:00","null"
"L02-3038","L02","승기4거리","37.450734","126.68988","3038","","","","{}","","-1","1;1;1;1;1;2;3","2026-06-23T22:43:07.334182+00:00","2026-06-23T22:43:05.98+00:00","null"
"L02-3039","L02","시민공원역4거리","37.458479","126.68008","3039","","","","{}","","-1","1;1;1;1;1;2;3","2026-06-23T22:43:07.334182+00:00","2026-06-23T22:43:05.98+00:00","null"
"L02-3040","L02","석바위4거리","37.457908","126.689395","3040","","","","{}","","-1","1;1;1;1;1;2;3","2026-06-23T22:43:07.334182+00:00","2026-06-23T22:43:05.98+00:00","null"
"L02-3041","L02","인천고교","37.454742","126.689593","3041","","","","{}","","-1","1;1;1;1;1;2;3","2026-06-23T22:43:07.334182+00:00","2026-06-23T22:43:05.98+00:00","null"
"L02-3042","L02","석암4거리","37.463584","126.689844","3042","","","","{}","","-1","1;1;1;1;1;2;3","2026-06-23T22:43:07.334182+00:00","2026-06-23T22:43:05.98+00:00","null"
"L02-3043","L02","주안역3거리","37.464019","126.680358","3043","","","","{}","","-1","1;1;1;1;1;2;3","2026-06-23T22:43:07.334182+00:00","2026-06-23T22:43:05.98+00:00","null"
"L02-3044","L02","도화초교4거리","37.463876","126.669165","3044","","","","{}","","-1","1;1;1;1;1;2;3","2026-06-23T22:43:07.334182+00:00","2026-06-23T22:43:05.98+00:00","null"
"L02-3045","L02","도화나들목","37.461167","126.672884","3045","","","","{}","","-1","1;1;1;1;1;2;3","2026-06-23T22:43:07.334182+00:00","2026-06-23T22:43:05.98+00:00","null"
"L02-3046","L02","주안4거리","37.458764","126.676145","3046","","","","{}","","-1","1;1;1;1;1;2;3","2026-06-23T22:43:07.334182+00:00","2026-06-23T22:43:05.98+00:00","null"
"L02-3047","L02","도화4거리","37.46844","126.665015","3047","","","","{}","","-1","1;1;1;1;1;2;3","2026-06-23T22:43:07.334182+00:00","2026-06-23T22:43:05.98+00:00","null"
"L02-3048","L02","6공단사거리","37.473473","126.668527","3048","","","","{}","","-1","1;1;1;1;1;2;3","2026-06-23T22:43:07.334182+00:00","2026-06-23T22:43:05.98+00:00","null"
"L02-3049","L02","인천교3거리","37.476239","126.67009","3049","","","","{}","","-1","1;1;1;1;1;2;3","2026-06-23T22:43:07.334182+00:00","2026-06-23T22:43:05.98+00:00","null"
"L02-3050","L02","기계공고(보)","37.455384","126.66992","3050","","","","{}","","-1","1;1;1;1;1;2;3","2026-06-23T22:43:07.334182+00:00","2026-06-23T22:43:05.98+00:00","null"
"L02-3051","L02","제일시장4거리","37.458978","126.672282","3051","","","","{}","","-1","1;1;1;1;1;2;3","2026-06-23T22:43:07.334182+00:00","2026-06-23T22:43:05.98+00:00","null"
"L02-3052","L02","인천금고","37.459477","126.693482","3052","","","","{}","","-1","1;1;1;1;1;2;3","2026-06-23T22:43:07.334182+00:00","2026-06-23T22:43:05.98+00:00","null"
"L02-3053","L02","관교여중4거리","37.445392","126.689988","3053","","","","{}","","-1","1;1;1;1;1;2;3","2026-06-23T22:43:07.334182+00:00","2026-06-23T22:43:05.98+00:00","null"
"L02-3054","L02","주안역지구대","37.46424","126.675633","3054","","","","{}","","-1","1;1;1;1;1;2;3","2026-06-23T22:43:07.334182+00:00","2026-06-23T22:43:05.98+00:00","null"
"L02-3055","L02","석암지하차도 입구","37.463769","126.686035","3055","","","","{}","","-1","1;1;1;1;1;2;3","2026-06-23T22:43:07.334182+00:00","2026-06-23T22:43:05.98+00:00","null"
"L02-3056","L02","주안현대입구","37.4582","126.68387","3056","","","","{}","","-1","1;1;1;1;1;2;3","2026-06-23T22:43:07.334182+00:00","2026-06-23T22:43:05.98+00:00","null"
"L02-3057","L02","남구청입구삼거리","37.466165","126.649492","3057","","","","{}","","-1","1;1;1;1;1;2;3","2026-06-23T22:43:07.334182+00:00","2026-06-23T22:43:05.98+00:00","null"
"L02-3058","L02","숭의3거리","37.466158","126.652591","3058","","","","{}","","-1","1;1;1;1;1;2;3","2026-06-23T22:43:07.334182+00:00","2026-06-23T22:43:05.98+00:00","null"
"L02-3059","L02","제물포역3거리","37.466208","126.656355","3059","","","","{}","","-1","1;1;1;1;1;2;3","2026-06-23T22:43:07.334182+00:00","2026-06-23T22:43:05.98+00:00","null"
"L02-3060","L02","수봉공원3거리","37.465481","126.663811","3060","","","","{}","","-1","1;1;1;1;1;2;3","2026-06-23T22:43:07.334182+00:00","2026-06-23T22:43:05.98+00:00","null"
"L02-3061","L02","숭의로타리","37.462165","126.64288","3061","","","","{}","","-1","1;1;1;1;1;2;3","2026-06-23T22:43:07.334182+00:00","2026-06-23T22:43:05.98+00:00","null"
"L02-3062","L02","능안삼거리","37.460817","126.63838","3062","","","","{}","","-1","1;1;1;1;1;2;3","2026-06-23T22:43:07.334182+00:00","2026-06-23T22:43:05.98+00:00","null"
"L02-3063","L02","인하대병원4거리","37.457188","126.635864","3063","","","","{}","","-1","1;1;1;1;1;2;3","2026-06-23T22:43:07.334182+00:00","2026-06-23T22:43:05.98+00:00","null"
"L02-3064","L02","학익소방4거리","37.439694","126.672228","3064","","","","{}","","-1","1;1;1;1;1;2;3","2026-06-23T22:43:07.334182+00:00","2026-06-23T22:43:05.98+00:00","null"
"L02-3065","L02","제물포역북측3거리","37.467798","126.656427","3065","","","","{}","","-1","1;1;1;1;1;2;3","2026-06-23T22:43:07.334182+00:00","2026-06-23T22:43:05.98+00:00","null"
"L02-3066","L02","대우전자입구","37.444116","126.644946","3066","","","","{}","","-1","1;1;1;1;1;2;3","2026-06-23T22:43:07.334182+00:00","2026-06-23T22:43:05.98+00:00","null"
"L02-3067","L02","문학향교","37.438474","126.686125","3067","","","","{}","","-1","1;1;1;1;1;2;3","2026-06-23T22:43:07.334182+00:00","2026-06-23T22:43:05.98+00:00","null"
"L02-3068","L02","문학4거리","37.439565","126.677789","3068","","","","{}","","-1","1;1;1;1;1;2;3","2026-06-23T22:43:07.334182+00:00","2026-06-23T22:43:05.98+00:00","null"
"L02-3069","L02","학익지구대사거리","37.439523","126.674986","3069","","","","{}","","-1","1;1;1;1;1;2;3","2026-06-23T22:43:07.334182+00:00","2026-06-23T22:43:05.98+00:00","null"
"L02-3070","L02","주안태화입구","37.467342","126.675453","3070","","","","{}","","-1","1;1;1;1;1;2;3","2026-06-23T22:43:07.334182+00:00","2026-06-23T22:43:05.98+00:00","null"
"L02-3071","L02","주안주유소","37.453458","126.668428","3071","","","","{}","","-1","1;1;1;1;1;2;3","2026-06-23T22:43:07.334182+00:00","2026-06-23T22:43:05.98+00:00","null"
"L02-3072","L02","법원길삼거리","37.4404","126.670593","3072","","","","{}","","-1","1;1;1;1;1;2;3","2026-06-23T22:43:07.334182+00:00","2026-06-23T22:43:05.98+00:00","null"
"L02-3073","L02","학익4거리","37.442939","126.664188","3073","","","","{}","","-1","1;1;1;1;1;2;3","2026-06-23T22:43:07.334182+00:00","2026-06-23T22:43:05.98+00:00","null"
"L02-3074","L02","학익치안센타","37.444472","126.660514","3074","","","","{}","","-1","1;1;1;1;1;2;3","2026-06-23T22:43:07.334182+00:00","2026-06-23T22:43:05.98+00:00","null"
"L02-3075","L02","인하공전","37.446027","126.656526","3075","","","","{}","","-1","1;1;1;1;1;2;3","2026-06-23T22:43:07.334182+00:00","2026-06-23T22:43:05.98+00:00","null"
"L02-3076","L02","인하대정문","37.446826","126.654657","3076","","","","{}","","-1","1;1;1;1;1;2;3","2026-06-23T22:43:07.334182+00:00","2026-06-23T22:43:05.98+00:00","null"
"L02-3077","L02","비룡4거리","37.448652","126.649932","3077","","","","{}","","-1","1;1;1;1;1;2;3","2026-06-23T22:43:07.334182+00:00","2026-06-23T22:43:05.98+00:00","null"
"L02-3078","L02","용현고개","37.453958","126.648612","3078","","","","{}","","-1","1;1;1;1;1;2;3","2026-06-23T22:43:07.334182+00:00","2026-06-23T22:43:05.98+00:00","null"
"L02-3079","L02","용현4거리","37.456318","126.649914","3079","","","","{}","","-1","1;1;1;1;1;2;3","2026-06-23T22:43:07.334182+00:00","2026-06-23T22:43:05.98+00:00","null"
"L02-3080","L02","남부역삼거리","37.460012","126.64147","3080","","","","{}","","-1","1;1;1;1;1;2;3","2026-06-23T22:43:07.334182+00:00","2026-06-23T22:43:05.98+00:00","null"
"L02-3081","L02","숭의5거리","37.459841","126.648315","3081","","","","{}","","-1","1;1;1;1;1;2;3","2026-06-23T22:43:07.334182+00:00","2026-06-23T22:43:05.98+00:00","null"
"L02-3082","L02","장안4거리","37.46367","126.646518","3082","","","","{}","","-1","1;1;1;1;1;2;3","2026-06-23T22:43:07.334182+00:00","2026-06-23T22:43:05.98+00:00","null"
"L02-3083","L02","남구청4거리","37.465053","126.649995","3083","","","","{}","","-1","1;1;1;1;1;2;3","2026-06-23T22:43:07.334182+00:00","2026-06-23T22:43:05.98+00:00","null"
"L02-3084","L02","독정이3거리","37.45609","126.655232","3084","","","","{}","","-1","1;1;1;1;1;2;3","2026-06-23T22:43:07.334182+00:00","2026-06-23T22:43:05.98+00:00","null"
"L02-3085","L02","옥련사격장3","37.435799","126.647605","3085","","","","{}","","-1","1;1;1;1;1;2;3","2026-06-23T22:43:07.334182+00:00","2026-06-23T22:43:05.98+00:00","null"
"L02-3086","L02","학산사거리","37.440792","126.662553","3086","","","","{}","","-1","1;1;1;1;1;2;3","2026-06-23T22:43:07.334182+00:00","2026-06-23T22:43:05.98+00:00","null"
"L02-3087","L02","학익대동A","37.440072","126.666614","3087","","","","{}","","-1","1;1;1;1;1;2;3","2026-06-23T22:43:07.334182+00:00","2026-06-23T22:43:05.98+00:00","null"
"L02-3088","L02","주안진흥입구","37.447931","126.681346","3088","","","","{}","","-1","1;1;1;1;1;2;3","2026-06-23T22:43:07.334182+00:00","2026-06-23T22:43:05.98+00:00","null"
"L02-3089","L02","관교삼환A","37.441085","126.698477","3089","","","","{}","","-1","1;1;1;1;1;2;3","2026-06-23T22:43:07.334182+00:00","2026-06-23T22:43:05.98+00:00","null"
"L02-3090","L02","석암주유소","37.457509","126.694659","3090","","","","{}","","-1","1;1;1;1;1;2;3","2026-06-23T22:43:07.334182+00:00","2026-06-23T22:43:05.98+00:00","null"
"L02-3091","L02","관청마을입구","37.438759","126.681301","3091","","","","{}","","-1","1;1;1;1;1;2;3","2026-06-23T22:43:07.334182+00:00","2026-06-23T22:43:05.98+00:00","null"
"L02-3092","L02","방축고가입구사거리","37.474685","126.678364","3092","","","","{}","","-1","1;1;1;1;1;2;3","2026-06-23T22:43:07.334182+00:00","2026-06-23T22:43:05.98+00:00","null"
"L02-3093","L02","주안산단역4거리","37.473894","126.681068","3093","","","","{}","","-1","1;1;1;1;1;2;3","2026-06-23T22:43:07.334182+00:00","2026-06-23T22:43:05.98+00:00","null"
"L02-3094","L02","주염로삼거리","37.472354","126.685469","3094","","","","{}","","-1","1;1;1;1;1;2;3","2026-06-23T22:43:07.334182+00:00","2026-06-23T22:43:05.98+00:00","null"
"L02-3095","L02","학익2동사무소","37.446619","126.667054","3095","","","","{}","","-1","1;1;1;1;1;2;3","2026-06-23T22:43:07.334182+00:00","2026-06-23T22:43:05.98+00:00","null"
"L02-3096","L02","순일빌딩3거리","37.467712","126.672237","3096","","","","{}","","-1","1;1;1;1;1;2;3","2026-06-23T22:43:07.334182+00:00","2026-06-23T22:43:05.98+00:00","null"
"L02-3097","L02","용현우리은행3거리","37.449793","126.633412","3097","","","","{}","","-1","1;1;1;1;1;2;3","2026-06-23T22:43:07.334182+00:00","2026-06-23T22:43:05.98+00:00","null"
"L02-3098","L02","용현대림삼거리","37.448787","126.634894","3098","","","","{}","","-1","1;1;1;1;1;2;3","2026-06-23T22:43:07.334182+00:00","2026-06-23T22:43:05.98+00:00","null"
"L02-3099","L02","제운4거리","37.448901","126.667503","3099","","","","{}","","-1","1;1;1;1;1;2;3","2026-06-23T22:43:07.334182+00:00","2026-06-23T22:43:05.98+00:00","null"
"L02-3100","L02","문학고개","37.438267","126.675956","3100","","","","{}","","-1","1;1;1;1;1;2;3","2026-06-23T22:43:07.334182+00:00","2026-06-23T22:43:05.98+00:00","null"
"L02-3101","L02","용현향교4거리","37.4585","126.644964","3101","","","","{}","","-1","1;1;1;1;1;2;3","2026-06-23T22:43:07.334182+00:00","2026-06-23T22:43:05.98+00:00","null"
"L02-3102","L02","학익교삼거리","37.442953","126.657146","3102","","","","{}","","-1","1;1;1;1;1;2;3","2026-06-23T22:43:07.334182+00:00","2026-06-23T22:43:05.98+00:00","null"
"L02-3103","L02","용화사4거리","37.469723","126.683098","3103","","","","{}","","-1","1;1;1;1;1;2;3","2026-06-23T22:43:07.334182+00:00","2026-06-23T22:43:05.98+00:00","null"
"L02-3104","L02","주안일터4거리","37.470293","126.679999","3104","","","","{}","","-1","1;1;1;1;1;2;3","2026-06-23T22:43:07.334182+00:00","2026-06-23T22:43:05.98+00:00","null"
"L02-3105","L02","주안5동PB","37.470821","126.677214","3105","","","","{}","","-1","1;1;1;1;1;2;3","2026-06-23T22:43:07.334182+00:00","2026-06-23T22:43:05.98+00:00","null"
"L02-3106","L02","용현굴다리","37.451918","126.648279","3106","","","","{}","","-1","1;1;1;1;1;2;3","2026-06-23T22:43:07.334182+00:00","2026-06-23T22:43:05.98+00:00","null"
"L02-3107","L02","문학체육공원삼거리","37.43841","126.689206","3107","","","","{}","","-1","1;1;1;1;1;2;3","2026-06-23T22:43:07.334182+00:00","2026-06-23T22:43:05.98+00:00","null"
"L02-3108","L02","주안전화국입구","37.458821","126.674447","3108","","","","{}","","-1","1;1;1;1;1;2;3","2026-06-23T22:43:07.334182+00:00","2026-06-23T22:43:05.98+00:00","null"
"L02-3109","L02","도화역입구","37.468283","126.666632","3109","","","","{}","","-1","1;1;1;1;1;2;3","2026-06-23T22:43:07.334182+00:00","2026-06-23T22:43:05.98+00:00","null"
"L02-3110","L02","인하대후문3거리","37.452296","126.652807","3110","","","","{}","","-1","1;1;1;1;1;2;3","2026-06-23T22:43:07.334182+00:00","2026-06-23T22:43:05.98+00:00","null"
"L02-3111","L02","석바위고개3거리","37.460967","126.689647","3111","","","","{}","","-1","1;1;1;1;1;2;3","2026-06-23T22:43:07.334182+00:00","2026-06-23T22:43:05.98+00:00","null"
"L02-3112","L02","종합터미널입구4","37.438931","126.699591","3112","","","","{}","","-1","1;1;1;1;1;2;3","2026-06-23T22:43:07.334182+00:00","2026-06-23T22:43:05.98+00:00","null"
"L02-3113","L02","관교교통공원","37.438952","126.698208","3113","","","","{}","","-1","1;1;1;1;1;2;3","2026-06-23T22:43:07.334182+00:00","2026-06-23T22:43:05.98+00:00","null"
"L02-3114","L02","독정이굴다리","37.455041","126.658691","3114","","","","{}","","-1","1;1;1;1;1;2;3","2026-06-23T22:43:07.334182+00:00","2026-06-23T22:43:05.98+00:00","null"
"L02-3115","L02","용일초교","37.452731","126.666057","3115","","","","{}","","-1","1;1;1;1;1;2;3","2026-06-23T22:43:07.334182+00:00","2026-06-23T22:43:05.98+00:00","null"
"L02-3116","L02","법원3거리","37.441998","126.666506","3116","","","","{}","","-1","1;1;1;1;1;2;3","2026-06-23T22:43:07.334182+00:00","2026-06-23T22:43:05.98+00:00","null"
"L02-3117","L02","검찰청3거리","37.442547","126.670432","3117","","","","{}","","-1","1;1;1;1;1;2;3","2026-06-23T22:43:07.334182+00:00","2026-06-23T22:43:05.98+00:00","null"
"L02-3118","L02","관교중3거리","37.442754","126.691838","3118","","","","{}","","-1","1;1;1;1;1;2;3","2026-06-23T22:43:07.334182+00:00","2026-06-23T22:43:05.98+00:00","null"
"L02-3119","L02","인천소방본부","37.448723","126.669955","3119","","","","{}","","-1","1;1;1;1;1;2;3","2026-06-23T22:43:07.334182+00:00","2026-06-23T22:43:05.98+00:00","null"
"L02-3120","L02","정석항공고","37.450335","126.659894","3120","","","","{}","","-1","1;1;1;1;1;2;3","2026-06-23T22:43:07.334182+00:00","2026-06-23T22:43:05.98+00:00","null"
"L02-3121","L02","남구청민원실","37.463263","126.6511","3121","","","","{}","","-1","1;1;1;1;1;2;3","2026-06-23T22:43:07.334182+00:00","2026-06-23T22:43:05.98+00:00","null"
"L02-3122","L02","장천사거리","37.461374","126.652142","3122","","","","{}","","-1","1;1;1;1;1;2;3","2026-06-23T22:43:07.334182+00:00","2026-06-23T22:43:05.98+00:00","null"
"L02-3123","L02","용현신약국","37.459605","126.653211","3123","","","","{}","","-1","1;1;1;1;1;2;3","2026-06-23T22:43:07.334182+00:00","2026-06-23T22:43:05.98+00:00","null"
"L02-3124","L02","용현시장","37.457495","126.654567","3124","","","","{}","","-1","1;1;1;1;1;2;3","2026-06-23T22:43:07.334182+00:00","2026-06-23T22:43:05.98+00:00","null"
"L02-3125","L02","숭의교회","37.461466","126.644434","3125","","","","{}","","-1","1;1;1;1;1;2;3","2026-06-23T22:43:07.334182+00:00","2026-06-23T22:43:05.98+00:00","null"
"L02-3126","L02","숭의초교","37.462629","126.655196","3126","","","","{}","","-1","1;1;1;1;1;2;3","2026-06-23T22:43:07.334182+00:00","2026-06-23T22:43:05.98+00:00","null"
"L02-3127","L02","제물포치안3거리","37.464839","126.65631","3127","","","","{}","","-1","1;1;1;1;1;2;3","2026-06-23T22:43:07.334182+00:00","2026-06-23T22:43:05.98+00:00","null"
"L02-3128","L02","제물포시장","37.463085","126.656624","3128","","","","{}","","-1","1;1;1;1;1;2;3","2026-06-23T22:43:07.334182+00:00","2026-06-23T22:43:05.98+00:00","null"
"L02-3129","L02","용정초교","37.45989","126.659104","3129","","","","{}","","-1","1;1;1;1;1;2;3","2026-06-23T22:43:07.334182+00:00","2026-06-23T22:43:05.98+00:00","null"
"L02-3130","L02","푸른샘어린이집","37.460454","126.649869","3130","","","","{}","","-1","1;1;1;1;1;2;3","2026-06-23T22:43:07.334182+00:00","2026-06-23T22:43:05.98+00:00","null"
"L02-3131","L02","용현신창입구","37.44388","126.642548","3131","","","","{}","","-1","1;1;1;1;1;2;3","2026-06-23T22:43:07.334182+00:00","2026-06-23T22:43:05.98+00:00","null"
"L02-3132","L02","용화사입구(보)","37.468154","126.682002","3132","","","","{}","","-1","1;1;1;1;1;2;3","2026-06-23T22:43:07.334182+00:00","2026-06-23T22:43:05.98+00:00","null"
"L02-3133","L02","제물포굴다리","37.466251","126.658349","3133","","","","{}","","-1","1;1;1;1;1;2;3","2026-06-23T22:43:07.334182+00:00","2026-06-23T22:43:05.98+00:00","null"
"L02-3134","L02","삼영주유소","37.481985","126.653211","3134","","","","{}","","-1","1;1;1;1;1;2;3","2026-06-23T22:43:07.334182+00:00","2026-06-23T22:43:05.98+00:00","null"
"L02-3135","L02","용현윤성입구","37.445328","126.639799","3135","","","","{}","","-1","1;1;1;1;1;2;3","2026-06-23T22:43:07.334182+00:00","2026-06-23T22:43:05.98+00:00","null"
"L02-3136","L02","옹진군청","37.44669","126.637841","3136","","","","{}","","-1","1;1;1;1;1;2;3","2026-06-23T22:43:07.334182+00:00","2026-06-23T22:43:05.98+00:00","null"
"L02-3137","L02","수봉대림빌라(보)","37.459078","126.668967","3137","","","","{}","","-1","1;1;1;1;1;2;3","2026-06-23T22:43:07.334182+00:00","2026-06-23T22:43:05.98+00:00","null"
"L02-3138","L02","수봉교회(보)","37.4586","126.667279","3138","","","","{}","","-1","1;1;1;1;1;2;3","2026-06-23T22:43:07.334182+00:00","2026-06-23T22:43:05.98+00:00","null"
"L02-3139","L02","수봉마을쉼터(보)","37.45773","126.666236","3139","","","","{}","","-1","1;1;1;1;1;2;3","2026-06-23T22:43:07.334182+00:00","2026-06-23T22:43:05.98+00:00","null"
"L02-3140","L02","수봉운교3거리","37.457701","126.663083","3140","","","","{}","","-1","1;1;1;1;1;2;3","2026-06-23T22:43:07.334182+00:00","2026-06-23T22:43:05.98+00:00","null"
"L02-3141","L02","미추홀서입구4","37.443745","126.655187","3141","","","","{}","","-1","1;1;1;1;1;2;3","2026-06-23T22:43:07.334182+00:00","2026-06-23T22:43:05.98+00:00","null"
"L02-3142","L02","인주중학교","37.441762","126.660083","3142","","","","{}","","-1","1;1;1;1;1;2;3","2026-06-23T22:43:07.334182+00:00","2026-06-23T22:43:05.98+00:00","null"
"L02-3143","L02","문학초교","37.438553","126.683511","3143","","","","{}","","-1","1;1;1;1;1;2;3","2026-06-23T22:43:07.334182+00:00","2026-06-23T22:43:05.98+00:00","null"
"L02-3144","L02","학익여고3거리","37.444159","126.67628","3144","","","","{}","","-1","1;1;1;1;1;2;3","2026-06-23T22:43:07.334182+00:00","2026-06-23T22:43:05.98+00:00","null"
"L02-3145","L02","중부검역본부","37.463876","126.684023","3145","","","","{}","","-1","1;1;1;1;1;2;3","2026-06-23T22:43:07.334182+00:00","2026-06-23T22:43:05.98+00:00","null"
"L02-3146","L02","학익초교입구","37.445157","126.658565","3146","","","","{}","","-1","1;1;1;1;1;2;3","2026-06-23T22:43:07.334182+00:00","2026-06-23T22:43:05.98+00:00","null"
"L02-3147","L02","토금6로굴다리4","37.455134","126.64023","3147","","","","{}","","-1","1;1;1;1;1;2;3","2026-06-23T22:43:07.334182+00:00","2026-06-23T22:43:05.98+00:00","null"
"L02-3148","L02","여성복지관4","37.459726","126.689557","3148","","","","{}","","-1","1;1;1;1;1;2;3","2026-06-23T22:43:07.334182+00:00","2026-06-23T22:43:05.98+00:00","null"
"L02-3149","L02","인천남중입구","37.466201","126.654352","3149","","","","{}","","-1","1;1;1;1;1;2;3","2026-06-23T22:43:07.334182+00:00","2026-06-23T22:43:05.98+00:00","null"
"L02-3150","L02","잔다리입구","37.450577","126.692674","3150","","","","{}","","-1","1;1;1;1;1;2;3","2026-06-23T22:43:07.334182+00:00","2026-06-23T22:43:05.98+00:00","null"
"L02-3151","L02","숭의2동주민센타","37.462557","126.647004","3151","","","","{}","","-1","1;1;1;1;1;2;3","2026-06-23T22:43:07.334182+00:00","2026-06-23T22:43:05.98+00:00","null"
"L02-3152","L02","학익역4거리","37.438495","126.648342","3152","","","","{}","","-1","1;1;1;1;1;2;3","2026-06-23T22:43:07.334182+00:00","2026-06-23T22:43:05.98+00:00","null"
"L02-3153","L02","남부서정문","37.442597","126.654495","3153","","","","{}","","-1","1;1;1;1;1;2;3","2026-06-23T22:43:07.334182+00:00","2026-06-23T22:43:05.98+00:00","null"
"L02-3154","L02","남부서입구삼거리","37.441812","126.653903","3154","","","","{}","","-1","1;1;1;1;1;2;3","2026-06-23T22:43:07.334182+00:00","2026-06-23T22:43:05.98+00:00","null"
"L02-3155","L02","학익두산남문","37.441049","126.655645","3155","","","","{}","","-1","1;1;1;1;1;2;3","2026-06-23T22:43:07.334182+00:00","2026-06-23T22:43:05.98+00:00","null"
"L02-3156","L02","관교동주민센터","37.444408","126.697103","3156","","","","{}","","-1","1;1;1;1;1;2;3","2026-06-23T22:43:07.334182+00:00","2026-06-23T22:43:05.98+00:00","null"
"L02-3157","L02","인하공전북문","37.450813","126.658089","3157","","","","{}","","-1","1;1;1;1;1;2;3","2026-06-23T22:43:07.334182+00:00","2026-06-23T22:43:05.98+00:00","null"
"L02-3158","L02","낙섬4거리","37.451262","126.631229","3158","","","","{}","","-1","1;1;1;1;1;2;3","2026-06-23T22:43:07.334182+00:00","2026-06-23T22:43:05.98+00:00","null"
"L02-3159","L02","문학경기장4거리","37.438752","126.694938","3159","","","","{}","","-1","1;1;1;1;1;2;3","2026-06-23T22:43:07.334182+00:00","2026-06-23T22:43:05.98+00:00","null"
"L02-3160","L02","학익하나입구","37.439958","126.66833","3160","","","","{}","","-1","1;1;1;1;1;2;3","2026-06-23T22:43:07.334182+00:00","2026-06-23T22:43:05.98+00:00","null"
"L02-3161","L02","한누리주유소","37.442825","126.649914","3161","","","","{}","","-1","1;1;1;1;1;2;3","2026-06-23T22:43:07.334182+00:00","2026-06-23T22:43:05.98+00:00","null"
"L02-3162","L02","숭의소방3거리","37.464753","126.642225","3162","","","","{}","","-1","1;1;1;1;1;2;3","2026-06-23T22:43:07.334182+00:00","2026-06-23T22:43:05.98+00:00","null"
"L02-3163","L02","인천대후문","37.475961","126.655672","3163","","","","{}","","-1","1;1;1;1;1;2;3","2026-06-23T22:43:07.334182+00:00","2026-06-23T22:43:05.98+00:00","null"
"L02-3164","L02","숭의금고","37.461866","126.647363","3164","","","","{}","","-1","1;1;1;1;1;2;3","2026-06-23T22:43:07.334182+00:00","2026-06-23T22:43:05.98+00:00","null"
"L02-3165","L02","도화산단4 (DH01)","37.479012","126.658709","3165","","","","{}","","-1","1;1;1;1;1;2;3","2026-06-23T22:43:07.334182+00:00","2026-06-23T22:43:05.98+00:00","null"
"L02-3166","L02","도화산단3거리(DH02)","37.477736","126.661071","3166","","","","{}","","-1","1;1;1;1;1;2;3","2026-06-23T22:43:07.334182+00:00","2026-06-23T22:43:05.98+00:00","null"
"L02-3167","L02","도화산단3입구(DH03)","37.476788","126.662859","3167","","","","{}","","-1","1;1;1;1;1;2;3","2026-06-23T22:43:07.334182+00:00","2026-06-23T22:43:05.98+00:00","null"
"L02-3168","L02","서화공원(DH05)","37.475191","126.657101","3168","","","","{}","","-1","1;1;1;1;1;2;3","2026-06-23T22:43:07.334182+00:00","2026-06-23T22:43:05.98+00:00","null"
"L02-3169","L02","서화초교4거리(DH07)","37.47492","126.660056","3169","","","","{}","","-1","1;1;1;1;1;2;3","2026-06-23T22:43:07.334182+00:00","2026-06-23T22:43:05.98+00:00","null"
"L02-3170","L02","서화초교3(DH08)","37.475255","126.662553","3170","","","","{}","","-1","1;1;1;1;1;2;3","2026-06-23T22:43:07.334182+00:00","2026-06-23T22:43:05.98+00:00","null"
"L02-3171","L02","비즈니스고3거리(DH11)","37.471783","126.667557","3171","","","","{}","","-1","1;1;1;1;1;2;3","2026-06-23T22:43:07.334182+00:00","2026-06-23T22:43:05.98+00:00","null"
"L02-3172","L02","도화지구입구3(DH12)","37.470964","126.666946","3172","","","","{}","","-1","1;1;1;1;1;2;3","2026-06-23T22:43:07.334182+00:00","2026-06-23T22:43:05.98+00:00","null"
"L02-3173","L02","DH13","37.469901","126.666389","3173","","","","{}","","-1","1;1;1;1;1;2;3","2026-06-23T22:43:07.334182+00:00","2026-06-23T22:43:05.98+00:00","null"
"L02-3174","L02","도2주문센터(DH15-1)","37.468361","126.662877","3174","","","","{}","","-1","1;1;1;1;1;2;3","2026-06-23T22:43:07.334182+00:00","2026-06-23T22:43:05.98+00:00","null"
"L02-3175","L02","JST3(DH17)","37.468026","126.659796","3175","","","","{}","","-1","1;1;1;1;1;2;3","2026-06-23T22:43:07.334182+00:00","2026-06-23T22:43:05.98+00:00","null"
"L02-3176","L02","도화행정타운(DH18)","37.469053","126.659778","3176","","","","{}","","-1","1;1;1;1;1;2;3","2026-06-23T22:43:07.334182+00:00","2026-06-23T22:43:05.98+00:00","null"
"L02-3177","L02","청운대남문(DH19)","37.469687","126.659742","3177","","","","{}","","-1","1;1;1;1;1;2;3","2026-06-23T22:43:07.334182+00:00","2026-06-23T22:43:05.98+00:00","null"
"L02-3178","L02","도화지구대(DH20)","37.469687","126.661493","3178","","","","{}","","-1","1;1;1;1;1;2;3","2026-06-23T22:43:07.334182+00:00","2026-06-23T22:43:05.98+00:00","null"
"L02-3179","L02","도화지구3거리(DH22)","37.470108","126.663461","3179","","","","{}","","-1","1;1;1;1;1;2;3","2026-06-23T22:43:07.334182+00:00","2026-06-23T22:43:05.98+00:00","null"
"L02-3180","L02","도화특화3거리(DH24)","37.470885","126.662742","3180","","","","{}","","-1","1;1;1;1;1;2;3","2026-06-23T22:43:07.334182+00:00","2026-06-23T22:43:05.98+00:00","null"
"L02-3181","L02","청운대동문(DH29)","37.471819","126.661978","3181","","","","{}","","-1","1;1;1;1;1;2;3","2026-06-23T22:43:07.334182+00:00","2026-06-23T22:43:05.98+00:00","null"
"L02-3182","L02","도화녹지3(DH38)","37.473416","126.665069","3182","","","","{}","","-1","1;1;1;1;1;2;3","2026-06-23T22:43:07.334182+00:00","2026-06-23T22:43:05.98+00:00","null"
"L02-3183","L02","도화공원3(DH39)","37.471356","126.665473","3183","","","","{}","","-1","1;1;1;1;1;2;3","2026-06-23T22:43:07.334182+00:00","2026-06-23T22:43:05.98+00:00","null"
"L02-3184","L02","도화대림(DH53)","37.474036","126.664125","3184","","","","{}","","-1","1;1;1;1;1;2;3","2026-06-23T22:43:07.334182+00:00","2026-06-23T22:43:05.98+00:00","null"
"L02-3185","L02","서화초후문(DH34)","37.473181","126.660613","3185","","","","{}","","-1","1;1;1;1;1;2;3","2026-06-23T22:43:07.334182+00:00","2026-06-23T22:43:05.98+00:00","null"
"L02-3186","L02","제일시장북서문","37.460404","126.674016","3186","","","","{}","","-1","1;1;1;1;1;2;3","2026-06-23T22:43:07.334182+00:00","2026-06-23T22:43:05.98+00:00","null"
"L02-3187","L02","주안농협","37.458628","126.677798","3187","","","","{}","","-1","1;1;1;1;1;2;3","2026-06-23T22:43:07.334182+00:00","2026-06-23T22:43:05.98+00:00","null"
"L02-3188","L02","주안행복주택","37.463926","126.682855","3188","","","","{}","","-1","1;1;1;1;1;2;3","2026-06-23T22:43:07.334182+00:00","2026-06-23T22:43:05.98+00:00","null"
"L02-3190","L02","주안하나은행","37.458643","126.691668","3190","","","","{}","","-1","1;1;1;1;1;2;3","2026-06-23T22:43:07.334182+00:00","2026-06-23T22:43:05.98+00:00","null"
"L02-3191","L02","석바위시장역","37.457687","126.692306","3191","","","","{}","","-1","1;1;1;1;1;2;3","2026-06-23T22:43:07.334182+00:00","2026-06-23T22:43:05.98+00:00","null"
"L02-3192","L02","사랑병원","37.462244","126.680313","3192","","","","{}","","-1","1;1;1;1;1;2;3","2026-06-23T22:43:07.334182+00:00","2026-06-23T22:43:05.98+00:00","null"
"L02-3193","L02","주인공원3거리","37.457823","126.64624","3193","","","","{}","","-1","1;1;1;1;1;2;3","2026-06-23T22:43:07.334182+00:00","2026-06-23T22:43:05.98+00:00","null"
"L02-3194","L02","용마루2블럭(YM21)","37.45661","126.645405","3194","","","","{}","","-1","1;1;1;1;1;2;3","2026-06-23T22:43:07.334182+00:00","2026-06-23T22:43:05.98+00:00","null"
"L02-3195","L02","용마루공원4(YM22)","37.455576","126.643967","3195","","","","{}","","-1","1;1;1;1;1;2;3","2026-06-23T22:43:07.334182+00:00","2026-06-23T22:43:05.98+00:00","null"
"L02-3196","L02","인화여고","37.468326","126.652645","3196","","","","{}","","-1","1;1;1;1;1;2;3","2026-06-23T22:43:07.334182+00:00","2026-06-23T22:43:05.98+00:00","null"
"L02-3197","L02","인하노인센터","37.441448","126.667898","3197","","","","{}","","-1","1;1;1;1;1;2;3","2026-06-23T22:43:07.334182+00:00","2026-06-23T22:43:05.98+00:00","null"
"L02-3199","L02","수봉폭포","37.464789","126.666389","3199","","","","{}","","-1","1;1;1;1;1;2;3","2026-06-23T22:43:07.334182+00:00","2026-06-23T22:43:05.98+00:00","null"
"L02-3200","L02","선인고3","37.468176","126.653903","3200","","","","{}","","-1","1;1;1;1;1;2;3","2026-06-23T22:43:07.334182+00:00","2026-06-23T22:43:05.98+00:00","null"
"L02-3201","L02","도화4구역입구","37.474058","126.667575","3201","","","","{}","","-1","1;1;1;1;1;2;3","2026-06-23T22:43:07.334182+00:00","2026-06-23T22:43:05.98+00:00","null"
"L02-3202","L02","시온교회입구","37.465616","126.651369","3202","","","","{}","","-1","1;1;1;1;1;2;3","2026-06-23T22:43:07.334182+00:00","2026-06-23T22:43:05.98+00:00","null"
"L02-3203","L02","신성쇼핑4거리","37.461017","126.682721","3203","","","","{}","","-1","1;1;1;1;1;2;3","2026-06-23T22:43:07.334182+00:00","2026-06-23T22:43:05.98+00:00","null"
"L02-3204","L02","석암초교(보)","37.461167","126.685919","3204","","","","{}","","-1","1;1;1;1;1;2;3","2026-06-23T22:43:07.334182+00:00","2026-06-23T22:43:05.98+00:00","null"
"L02-3205","L02","숭의농협","37.466087","126.645261","3205","","","","{}","","-1","1;1;1;1;1;2;3","2026-06-23T22:43:07.334182+00:00","2026-06-23T22:43:05.98+00:00","null"
"L02-3206","L02","용현초교4거리","37.45241","126.641686","3206","","","","{}","","-1","1;1;1;1;1;2;3","2026-06-23T22:43:07.334182+00:00","2026-06-23T22:43:05.98+00:00","null"
"L02-3207","L02","용현중학교","37.447739","126.638883","3207","","","","{}","","-1","1;1;1;1;1;2;3","2026-06-23T22:43:07.334182+00:00","2026-06-23T22:43:05.98+00:00","null"
"L02-3208","L02","인천구치소","37.444836","126.669857","3208","","","","{}","","-1","1;1;1;1;1;2;3","2026-06-23T22:43:07.334182+00:00","2026-06-23T22:43:05.98+00:00","null"
"L02-3209","L02","연학초교","37.44388","126.67221","3209","","","","{}","","-1","1;1;1;1;1;2;3","2026-06-23T22:43:07.334182+00:00","2026-06-23T22:43:05.98+00:00","null"
"L02-3210","L02","주안한신입구","37.444915","126.681005","3210","","","","{}","","-1","1;1;1;1;1;2;3","2026-06-23T22:43:07.334182+00:00","2026-06-23T22:43:05.98+00:00","null"
"L02-3211","L02","학산초교3거리","37.43908","126.657765","3211","","","","{}","","-1","1;1;1;1;1;2;3","2026-06-23T22:43:07.334182+00:00","2026-06-23T22:43:05.98+00:00","null"
"L02-3212","L02","한나루공원4","37.439993","126.662149","3212","","","","{}","","-1","1;1;1;1;1;2;3","2026-06-23T22:43:07.334182+00:00","2026-06-23T22:43:05.98+00:00","null"
"L02-3213","L02","용3행복3거리","37.456439","126.652016","3213","","","","{}","","-1","1;1;1;1;1;2;3","2026-06-23T22:43:07.334182+00:00","2026-06-23T22:43:05.98+00:00","null"
"L02-3214","L02","용오굴다리3","37.452603","126.645773","3214","","","","{}","","-1","1;1;1;1;1;2;3","2026-06-23T22:43:07.334182+00:00","2026-06-23T22:43:05.98+00:00","null"
"L02-3215","L02","용현동아3","37.452981","126.644794","3215","","","","{}","","-1","1;1;1;1;1;2;3","2026-06-23T22:43:07.334182+00:00","2026-06-23T22:43:05.98+00:00","null"
"L02-3216","L02","용정공원","37.450977","126.643626","3216","","","","{}","","-1","1;1;1;1;1;2;3","2026-06-23T22:43:07.334182+00:00","2026-06-23T22:43:05.98+00:00","null"
"L02-3217","L02","도담공원","37.447054","126.642701","3217","","","","{}","","-1","1;1;1;1;1;2;3","2026-06-23T22:43:07.334182+00:00","2026-06-23T22:43:05.98+00:00","null"
"L02-3218","L02","용학초서문","37.44632","126.642952","3218","","","","{}","","-1","1;1;1;1;1;2;3","2026-06-23T22:43:07.334182+00:00","2026-06-23T22:43:05.98+00:00","null"
"L02-3219","L02","다솜공원3","37.447803","126.64633","3219","","","","{}","","-1","1;1;1;1;1;2;3","2026-06-23T22:43:07.334182+00:00","2026-06-23T22:43:05.98+00:00","null"
"L02-3221","L02","미추홀꿈에그린3거리","37.456917","126.680017","3221","","","","{}","","-1","1;1;1;1;1;2;3","2026-06-23T22:43:07.334182+00:00","2026-06-23T22:43:05.98+00:00","null"
"L02-3222","L02","용현스크린골프","37.457694","126.642323","3222","","","","{}","","-1","1;1;1;1;1;2;3","2026-06-23T22:43:07.334182+00:00","2026-06-23T22:43:05.98+00:00","null"
"L02-3223","L02","용마루3단지(YM02)","37.459291","126.643123","3223","","","","{}","","-1","1;1;1;1;1;2;3","2026-06-23T22:43:07.334182+00:00","2026-06-23T22:43:05.98+00:00","null"
"L02-3224","L02","멕시카나치킨앞","37.451162","126.640697","3224","","","","{}","","-1","1;1;1;1;1;2;3","2026-06-23T22:43:07.334182+00:00","2026-06-23T22:43:05.98+00:00","null"
"L02-3225","L02","인주초교정문","37.442026","126.674555","3225","","","","{}","","-1","1;1;1;1;1;2;3","2026-06-23T22:43:07.334182+00:00","2026-06-23T22:43:05.98+00:00","null"
"L02-3226","L02","신동아7차","37.442768","126.674456","3226","","","","{}","","-1","1;1;1;1;1;2;3","2026-06-23T22:43:07.334182+00:00","2026-06-23T22:43:05.98+00:00","null"
"L02-3227","L02","신동아6차","37.441227","126.675085","3227","","","","{}","","-1","1;1;1;1;1;2;3","2026-06-23T22:43:07.334182+00:00","2026-06-23T22:43:05.98+00:00","null"
"L02-3228","L02","병무청정문","37.4403","126.657397","3228","","","","{}","","-1","1;1;1;1;1;2;3","2026-06-23T22:43:07.334182+00:00","2026-06-23T22:43:05.98+00:00","null"
"L02-3229","L02","스카이프라자","37.472318","126.661448","3229","","","","{}","","-1","1;1;1;1;1;2;3","2026-06-23T22:43:07.334182+00:00","2026-06-23T22:43:05.98+00:00","null"
"L02-3230","L02","도화5단지","37.472439","126.663173","3230","","","","{}","","-1","1;1;1;1;1;2;3","2026-06-23T22:43:07.334182+00:00","2026-06-23T22:43:05.98+00:00","null"
"L02-3231","L02","학익힐스테이트정문","37.442347","126.64527","3231","","","","{}","","-1","1;1;1;1;1;2;3","2026-06-23T22:43:07.334182+00:00","2026-06-23T22:43:05.98+00:00","null"
"L02-3232","L02","용정공원남측","37.449386","126.64271","3232","","","","{}","","-1","1;1;1;1;1;2;3","2026-06-23T22:43:07.334182+00:00","2026-06-23T22:43:05.98+00:00","null"
"L02-3233","L02","교정아파트3거리","37.443724","126.670324","3233","","","","{}","","-1","1;1;1;1;1;2;3","2026-06-23T22:43:07.334182+00:00","2026-06-23T22:43:05.98+00:00","null"
"L02-3234","L02","염전충전소3","37.469345","126.685074","3234","","","","{}","","-1","1;1;1;1;1;2;3","2026-06-23T22:43:07.334182+00:00","2026-06-23T22:43:05.98+00:00","null"
"L02-3235","L02","주5행복센터","37.466194","126.686799","3235","","","","{}","","-1","1;1;1;1;1;2;3","2026-06-23T22:43:07.334182+00:00","2026-06-23T22:43:05.98+00:00","null"
"L02-3236","L02","주안센트레빌정문","37.469217","126.686179","3236","","","","{}","","-1","1;1;1;1;1;2;3","2026-06-23T22:43:07.334182+00:00","2026-06-23T22:43:05.98+00:00","null"
"L02-3237","L02","학익힐스테이트후문","37.443453","126.646491","3237","","","","{}","","-1","1;1;1;1;1;2;3","2026-06-23T22:43:07.334182+00:00","2026-06-23T22:43:05.98+00:00","null"
"L02-3238","L02","반디유치원","37.440707","126.656499","3238","","","","{}","","-1","1;1;1;1;1;2;3","2026-06-23T22:43:07.334182+00:00","2026-06-23T22:43:05.98+00:00","null"
"L02-3239","L02","이화어린이집","37.451676","126.635936","3239","","","","{}","","-1","1;1;1;1;1;2;3","2026-06-23T22:43:07.334182+00:00","2026-06-23T22:43:05.98+00:00","null"
"L02-3240","L02","공작어린이집","37.459163","126.639242","3240","","","","{}","","-1","1;1;1;1;1;2;3","2026-06-23T22:43:07.334182+00:00","2026-06-23T22:43:05.98+00:00","null"
"L02-3241","L02","건영유치원","37.449308","126.672812","3241","","","","{}","","-1","1;1;1;1;1;2;3","2026-06-23T22:43:07.334182+00:00","2026-06-23T22:43:05.98+00:00","null"
"L02-3242","L02","별하어린이집","37.450178","126.672911","3242","","","","{}","","-1","1;1;1;1;1;2;3","2026-06-23T22:43:07.334182+00:00","2026-06-23T22:43:05.98+00:00","null"
"L02-3243","L02","용현5동행정복지센터","37.453045","126.640374","3243","","","","{}","","-1","1;1;1;1;1;2;3","2026-06-23T22:43:07.334182+00:00","2026-06-23T22:43:05.98+00:00","null"
"L02-3244","L02","주안에듀포레정문","37.456","126.705","3244","","","","{}","","-1","1;1;1;1;1;2;3","2026-06-23T22:43:07.334182+00:00","2026-06-23T22:43:05.98+00:00","null"
"L02-3245","L02","주안에듀포레후문","37.456","126.705","3245","","","","{}","","-1","1;1;1;1;1;2;3","2026-06-23T22:43:07.334182+00:00","2026-06-23T22:43:05.98+00:00","null"
"L02-3246","L02","도화농협","37.456","126.705","3246","","","","{}","","-1","1;1;1;1;1;2;3","2026-06-23T22:43:07.334182+00:00","2026-06-23T22:43:05.98+00:00","null"
"L02-4001","L02","해양고3거리","37.424643","126.640536","4001","","","","{}","","-1","1;1;1;1;1;2;3","2026-06-23T22:43:07.334182+00:00","2026-06-23T22:43:05.98+00:00","null"
"L02-4002","L02","능허대공원남측","37.421932","126.643635","4002","","","","{}","","-1","1;1;1;1;1;2;3","2026-06-23T22:43:07.334182+00:00","2026-06-23T22:43:05.98+00:00","null"
"L02-4003","L02","청학풀장입구사거리","37.42699","126.66338","4003","","","","{}","","-1","1;1;1;1;1;2;3","2026-06-23T22:43:07.334182+00:00","2026-06-23T22:43:05.98+00:00","null"
"L02-4004","L02","송도전화국사거리","37.420583","126.64624","4004","","","","{}","","-1","1;1;1;1;1;2;3","2026-06-23T22:43:07.334182+00:00","2026-06-23T22:43:05.98+00:00","null"
"L02-4005","L02","옹암5거리","37.430478","126.635379","4005","","","","{}","","-1","1;1;1;1;1;2;3","2026-06-23T22:43:07.334182+00:00","2026-06-23T22:43:05.98+00:00","null"
"L02-4006","L02","터미널3거리","37.438909","126.702376","4006","","","","{}","","-1","1;1;1;1;1;2;3","2026-06-23T22:43:07.334182+00:00","2026-06-23T22:43:05.98+00:00","null"
"L02-4007","L02","솔안말사거리","37.418942","126.692162","4007","","","","{}","","-1","1;1;1;1;1;2;3","2026-06-23T22:43:07.334182+00:00","2026-06-23T22:43:05.98+00:00","null"
"L02-4008","L02","선학역입구","37.428637","126.699079","4008","","","","{}","","-1","1;1;1;1;1;2;3","2026-06-23T22:43:08.381365+00:00","2026-06-23T22:43:05.98+00:00","null"
"L02-4009","L02","선학역사거리","37.423209","126.698145","4009","","","","{}","","-1","1;1;1;1;1;2;3","2026-06-23T22:43:08.381365+00:00","2026-06-23T22:43:05.98+00:00","null"
"L02-4010","L02","신연수역4거리","37.417958","126.693985","4010","","","","{}","","-1","1;1;1;1;1;2;3","2026-06-23T22:43:08.381365+00:00","2026-06-23T22:43:05.98+00:00","null"
"L02-4011","L02","원인재역3거리","37.412043","126.687536","4011","","","","{}","","-1","1;1;1;1;1;2;3","2026-06-23T22:43:08.381365+00:00","2026-06-23T22:43:05.98+00:00","null"
"L02-4012","L02","연수4거리","37.407897","126.683242","4012","","","","{}","","-1","1;1;1;1;1;2;3","2026-06-23T22:43:08.381365+00:00","2026-06-23T22:43:05.98+00:00","null"
"L02-4013","L02","경원로3거리","37.400954","126.6761","4013","","","","{}","","-1","1;1;1;1;1;2;3","2026-06-23T22:43:08.381365+00:00","2026-06-23T22:43:05.98+00:00","null"
"L02-4014","L02","동막역4거리","37.397164","126.671905","4014","","","","{}","","-1","1;1;1;1;1;2;3","2026-06-23T22:43:08.381365+00:00","2026-06-23T22:43:05.98+00:00","null"
"L02-4015","L02","청학4거리","37.425213","126.669264","4015","","","","{}","","-1","1;1;1;1;1;2;3","2026-06-23T22:43:08.381365+00:00","2026-06-23T22:43:05.98+00:00","null"
"L02-4016","L02","연수동남3거리","37.424635","126.676621","4016","","","","{}","","-1","1;1;1;1;1;2;3","2026-06-23T22:43:08.381365+00:00","2026-06-23T22:43:05.98+00:00","null"
"L02-4017","L02","수리봉4거리","37.424143","126.682864","4017","","","","{}","","-1","1;1;1;1;1;2;3","2026-06-23T22:43:08.381365+00:00","2026-06-23T22:43:05.98+00:00","null"
"L02-4018","L02","길마산4거리","37.422995","126.693491","4018","","","","{}","","-1","1;1;1;1;1;2;3","2026-06-23T22:43:08.381365+00:00","2026-06-23T22:43:05.98+00:00","null"
"L02-4019","L02","선학초교4거리","37.423009","126.701046","4019","","","","{}","","-1","1;1;1;1;1;2;3","2026-06-23T22:43:08.381365+00:00","2026-06-23T22:43:05.98+00:00","null"
"L02-4020","L02","청학공고4거리","37.421511","126.66797","4020","","","","{}","","-1","1;1;1;1;1;2;3","2026-06-23T22:43:08.381365+00:00","2026-06-23T22:43:05.98+00:00","null"
"L02-4021","L02","인천여고","37.42288","126.690725","4021","","","","{}","","-1","1;1;1;1;1;2;3","2026-06-23T22:43:08.381365+00:00","2026-06-23T22:43:05.98+00:00","null"
"L02-4022","L02","옥골4거리","37.431084","126.646249","4022","","","","{}","","-1","1;1;1;1;1;2;3","2026-06-23T22:43:08.381365+00:00","2026-06-23T22:43:05.98+00:00","null"
"L02-4023","L02","옥련고개3거리","37.429387","126.651217","4023","","","","{}","","-1","1;1;1;1;1;2;3","2026-06-23T22:43:08.381365+00:00","2026-06-23T22:43:05.98+00:00","null"
"L02-4024","L02","송도역3거리","37.427703","126.657496","4024","","","","{}","","-1","1;1;1;1;1;2;3","2026-06-23T22:43:08.381365+00:00","2026-06-23T22:43:05.98+00:00","null"
"L02-4025","L02","청학영남3거리","37.427346","126.659517","4025","","","","{}","","-1","1;1;1;1;1;2;3","2026-06-23T22:43:08.381365+00:00","2026-06-23T22:43:05.98+00:00","null"
"L02-4026","L02","동춘역4거리","37.403509","126.678966","4026","","","","{}","","-1","1;1;1;1;1;2;3","2026-06-23T22:43:08.381365+00:00","2026-06-23T22:43:05.98+00:00","null"
"L02-4027","L02","인송중입구사거리","37.425791","126.644659","4027","","","","{}","","-1","1;1;1;1;1;2;3","2026-06-23T22:43:08.381365+00:00","2026-06-23T22:43:05.98+00:00","null"
"L02-4028","L02","옥련우리은행4거리","37.424257","126.64465","4028","","","","{}","","-1","1;1;1;1;1;2;3","2026-06-23T22:43:08.381365+00:00","2026-06-23T22:43:05.98+00:00","null"
"L02-4029","L02","옥련백산사거리","37.421789","126.645342","4029","","","","{}","","-1","1;1;1;1;1;2;3","2026-06-23T22:43:08.381365+00:00","2026-06-23T22:43:05.98+00:00","null"
"L02-4030","L02","옥련사거리","37.426904","126.644991","4030","","","","{}","","-1","1;1;1;1;1;2;3","2026-06-23T22:43:08.381365+00:00","2026-06-23T22:43:05.98+00:00","null"
"L02-4031","L02","동남스포피아","37.42246","126.67477","4031","","","","{}","","-1","1;1;1;1;1;2;3","2026-06-23T22:43:08.381365+00:00","2026-06-23T22:43:05.98+00:00","null"
"L02-4032","L02","함박초교4거리","37.423266","126.676495","4032","","","","{}","","-1","1;1;1;1;1;2;3","2026-06-23T22:43:08.381365+00:00","2026-06-23T22:43:05.98+00:00","null"
"L02-4033","L02","함박뫼4거리","37.421782","126.681661","4033","","","","{}","","-1","1;1;1;1;1;2;3","2026-06-23T22:43:08.381365+00:00","2026-06-23T22:43:05.98+00:00","null"
"L02-4034","L02","인천연일학교","37.42054","126.689386","4034","","","","{}","","-1","1;1;1;1;1;2;3","2026-06-23T22:43:08.381365+00:00","2026-06-23T22:43:05.98+00:00","null"
"L02-4035","L02","문남초교","37.420062","126.680241","4035","","","","{}","","-1","1;1;1;1;1;2;3","2026-06-23T22:43:08.381365+00:00","2026-06-23T22:43:05.98+00:00","null"
"L02-4036","L02","연수고가입구","37.418921","126.679217","4036","","","","{}","","-1","1;1;1;1;1;2;3","2026-06-23T22:43:08.381365+00:00","2026-06-23T22:43:05.98+00:00","null"
"L02-4037","L02","연수중앙초3","37.416838","126.684823","4037","","","","{}","","-1","1;1;1;1;1;2;3","2026-06-23T22:43:08.381365+00:00","2026-06-23T22:43:05.98+00:00","null"
"L02-4038","L02","연수중3거리","37.415732","126.686709","4038","","","","{}","","-1","1;1;1;1;1;2;3","2026-06-23T22:43:08.381365+00:00","2026-06-23T22:43:05.98+00:00","null"
"L02-4039","L02","적십자병원","37.41708","126.689224","4039","","","","{}","","-1","1;1;1;1;1;2;3","2026-06-23T22:43:08.381365+00:00","2026-06-23T22:43:05.98+00:00","null"
"L02-4040","L02","용담공원4거리","37.420148","126.671977","4040","","","","{}","","-1","1;1;1;1;1;2;3","2026-06-23T22:43:08.381365+00:00","2026-06-23T22:43:05.98+00:00","null"
"L02-4041","L02","청학중삼거리","37.417444","126.670953","4041","","","","{}","","-1","1;1;1;1;1;2;3","2026-06-23T22:43:08.381365+00:00","2026-06-23T22:43:05.98+00:00","null"
"L02-4042","L02","연수국민은행사거리","37.415482","126.676899","4042","","","","{}","","-1","1;1;1;1;1;2;3","2026-06-23T22:43:08.381365+00:00","2026-06-23T22:43:05.98+00:00","null"
"L02-4043","L02","먼우금4거리","37.413655","126.675678","4043","","","","{}","","-1","1;1;1;1;1;2;3","2026-06-23T22:43:08.381365+00:00","2026-06-23T22:43:05.98+00:00","null"
"L02-4044","L02","연수동아입구","37.411679","126.677528","4044","","","","{}","","-1","1;1;1;1;1;2;3","2026-06-23T22:43:08.381365+00:00","2026-06-23T22:43:05.98+00:00","null"
"L02-4045","L02","연화사거리","37.413734","126.684742","4045","","","","{}","","-1","1;1;1;1;1;2;3","2026-06-23T22:43:08.381365+00:00","2026-06-23T22:43:05.98+00:00","null"
"L02-4046","L02","연수2동사무소","37.412128","126.68184","4046","","","","{}","","-1","1;1;1;1;1;2;3","2026-06-23T22:43:08.381365+00:00","2026-06-23T22:43:05.98+00:00","null"
"L02-4047","L02","연수구청사거리","37.410181","126.679666","4047","","","","{}","","-1","1;1;1;1;1;2;3","2026-06-23T22:43:08.381365+00:00","2026-06-23T22:43:05.98+00:00","null"
"L02-4048","L02","청량중3","37.411037","126.672929","4048","","","","{}","","-1","1;1;1;1;1;2;3","2026-06-23T22:43:08.381365+00:00","2026-06-23T22:43:05.98+00:00","null"
"L02-4049","L02","연성중학교","37.408468","126.677798","4049","","","","{}","","-1","1;1;1;1;1;2;3","2026-06-23T22:43:08.381365+00:00","2026-06-23T22:43:05.98+00:00","null"
"L02-4050","L02","소금밭사거리","37.405457","126.6761","4050","","","","{}","","-1","1;1;1;1;1;2;3","2026-06-23T22:43:08.381365+00:00","2026-06-23T22:43:05.98+00:00","null"
"L02-4051","L02","동막초교","37.402831","126.673315","4051","","","","{}","","-1","1;1;1;1;1;2;3","2026-06-23T22:43:08.381365+00:00","2026-06-23T22:43:05.98+00:00","null"
"L02-4052","L02","나나주유소","37.41317","126.657226","4052","","","","{}","","-1","1;1;1;1;1;2;3","2026-06-23T22:43:08.381365+00:00","2026-06-23T22:43:05.98+00:00","null"
"L02-4053","L02","여성의광장사거리","37.411979","126.665635","4053","","","","{}","","-1","1;1;1;1;1;2;3","2026-06-23T22:43:08.381365+00:00","2026-06-23T22:43:05.98+00:00","null"
"L02-4054","L02","동춘태평아파트","37.410973","126.667997","4054","","","","{}","","-1","1;1;1;1;1;2;3","2026-06-23T22:43:08.381365+00:00","2026-06-23T22:43:05.98+00:00","null"
"L02-4055","L02","동춘4거리","37.409117","126.670764","4055","","","","{}","","-1","1;1;1;1;1;2;3","2026-06-23T22:43:08.381365+00:00","2026-06-23T22:43:05.98+00:00","null"
"L02-4056","L02","동춘한양4거리","37.406563","126.670018","4056","","","","{}","","-1","1;1;1;1;1;2;3","2026-06-23T22:43:08.381365+00:00","2026-06-23T22:43:05.98+00:00","null"
"L02-4057","L02","서면초교4거리","37.402973","126.669785","4057","","","","{}","","-1","1;1;1;1;1;2;3","2026-06-23T22:43:08.381365+00:00","2026-06-23T22:43:05.98+00:00","null"
"L02-4058","L02","구석말3거리","37.399113","126.668698","4058","","","","{}","","-1","1;1;1;1;1;2;3","2026-06-23T22:43:08.381365+00:00","2026-06-23T22:43:05.98+00:00","null"
"L02-4059","L02","친수공원","37.421596","126.637562","4059","","","","{}","","-1","1;1;1;1;1;2;3","2026-06-23T22:43:08.381365+00:00","2026-06-23T22:43:05.98+00:00","null"
"L02-4060","L02","아암도","37.412592","126.641757","4060","","","","{}","","-1","1;1;1;1;1;2;3","2026-06-23T22:43:08.381365+00:00","2026-06-23T22:43:05.98+00:00","null"
"L02-4061","L02","송도3교4거리","37.408447","126.646635","4061","","","","{}","","-1","1;1;1;1;1;2;3","2026-06-23T22:43:08.381365+00:00","2026-06-23T22:43:05.98+00:00","null"
"L02-4062","L02","송도2교사거리","37.400904","126.655322","4062","","","","{}","","-1","1;1;1;1;1;2;3","2026-06-23T22:43:08.381365+00:00","2026-06-23T22:43:05.98+00:00","null"
"L02-4063","L02","외암도4거리","37.392604","126.666937","4063","","","","{}","","-1","1;1;1;1;1;2;3","2026-06-23T22:43:08.381365+00:00","2026-06-23T22:43:05.98+00:00","null"
"L02-4064","L02","장도장4거리","37.435949","126.698558","4064","","","","{}","","-1","1;1;1;1;1;2;3","2026-06-23T22:43:08.381365+00:00","2026-06-23T22:43:05.98+00:00","null"
"L02-4065","L02","연수중앙병원","37.416017","126.673755","4065","","","","{}","","-1","1;1;1;1;1;2;3","2026-06-23T22:43:08.381365+00:00","2026-06-23T22:43:05.98+00:00","null"
"L02-4066","L02","청학지하차도입구","37.424921","126.673091","4066","","","","{}","","-1","1;1;1;1;1;2;3","2026-06-23T22:43:08.381365+00:00","2026-06-23T22:43:05.98+00:00","null"
"L02-4067","L02","함박마을입구","37.423908","126.686098","4067","","","","{}","","-1","1;1;1;1;1;2;3","2026-06-23T22:43:08.381365+00:00","2026-06-23T22:43:05.98+00:00","null"
"L02-4068","L02","먼우금길삼거리","37.41758","126.677915","4068","","","","{}","","-1","1;1;1;1;1;2;3","2026-06-23T22:43:08.381365+00:00","2026-06-23T22:43:05.98+00:00","null"
"L02-4069","L02","인천여중","37.404529","126.675103","4069","","","","{}","","-1","1;1;1;1;1;2;3","2026-06-23T22:43:08.381365+00:00","2026-06-23T22:43:05.98+00:00","null"
"L02-4070","L02","송도라마다입구","37.412913","126.653642","4070","","","","{}","","-1","1;1;1;1;1;2;3","2026-06-23T22:43:08.381365+00:00","2026-06-23T22:43:05.98+00:00","null"
"L02-4071","L02","능허대공원북측","37.422902","126.641883","4071","","","","{}","","-1","1;1;1;1;1;2;3","2026-06-23T22:43:08.381365+00:00","2026-06-23T22:43:05.98+00:00","null"
"L02-4072","L02","동춘국민은행삼거리","37.407583","126.672929","4072","","","","{}","","-1","1;1;1;1;1;2;3","2026-06-23T22:43:08.381365+00:00","2026-06-23T22:43:05.98+00:00","null"
"L02-4073","L02","소암말4거리","37.411993","126.654244","4073","","","","{}","","-1","1;1;1;1;1;2;3","2026-06-23T22:43:08.381365+00:00","2026-06-23T22:43:05.98+00:00","null"
"L02-4074","L02","대우차출고장","37.410238","126.65075","4074","","","","{}","","-1","1;1;1;1;1;2;3","2026-06-23T22:43:08.381365+00:00","2026-06-23T22:43:05.98+00:00","null"
"L02-4075","L02","옥련현대1차4거리","37.427268","126.642979","4075","","","","{}","","-1","1;1;1;1;1;2;3","2026-06-23T22:43:08.381365+00:00","2026-06-23T22:43:05.98+00:00","null"
"L02-4076","L02","옥련2동4거리","37.426512","126.648082","4076","","","","{}","","-1","1;1;1;1;1;2;3","2026-06-23T22:43:08.381365+00:00","2026-06-23T22:43:05.98+00:00","null"
"L02-4077","L02","옥련중후문4거리","37.425591","126.654469","4077","","","","{}","","-1","1;1;1;1;1;2;3","2026-06-23T22:43:08.381365+00:00","2026-06-23T22:43:05.98+00:00","null"
"L02-4078","L02","옥련중정문4거리","37.425827","126.652771","4078","","","","{}","","-1","1;1;1;1;1;2;3","2026-06-23T22:43:08.381365+00:00","2026-06-23T22:43:05.98+00:00","null"
"L02-4079","L02","새싹공원3거리","37.426226","126.649797","4079","","","","{}","","-1","1;1;1;1;1;2;3","2026-06-23T22:43:08.381365+00:00","2026-06-23T22:43:05.98+00:00","null"
"L02-4080","L02","주은교회","37.423487","126.654406","4080","","","","{}","","-1","1;1;1;1;1;2;3","2026-06-23T22:43:08.381365+00:00","2026-06-23T22:43:05.98+00:00","null"
"L02-4081","L02","축현초교4거리","37.422609","126.653283","4081","","","","{}","","-1","1;1;1;1;1;2;3","2026-06-23T22:43:08.381365+00:00","2026-06-23T22:43:05.98+00:00","null"
"L02-4082","L02","송도가든","37.422659","126.650112","4082","","","","{}","","-1","1;1;1;1;1;2;3","2026-06-23T22:43:08.381365+00:00","2026-06-23T22:43:05.98+00:00","null"
"L02-4083","L02","예일교회","37.422402","126.647947","4083","","","","{}","","-1","1;1;1;1;1;2;3","2026-06-23T22:43:08.381365+00:00","2026-06-23T22:43:05.98+00:00","null"
"L02-4084","L02","송도유원지","37.4184","126.649734","4084","","","","{}","","-1","1;1;1;1;1;2;3","2026-06-23T22:43:08.381365+00:00","2026-06-23T22:43:05.98+00:00","null"
"L02-4085","L02","옥련금고3거리","37.425413","126.656184","4085","","","","{}","","-1","1;1;1;1;1;2;3","2026-06-23T22:43:08.381365+00:00","2026-06-23T22:43:05.98+00:00","null"
"L02-4086","L02","옥련2동사무소","37.429979","126.649501","4086","","","","{}","","-1","1;1;1;1;1;2;3","2026-06-23T22:43:08.381365+00:00","2026-06-23T22:43:05.98+00:00","null"
"L02-4087","L02","앵고개사거리","37.412628","126.663137","4087","","","","{}","","-1","1;1;1;1;1;2;3","2026-06-23T22:43:08.381365+00:00","2026-06-23T22:43:05.98+00:00","null"
"L02-4088","L02","용담마을3거리","37.42064","126.670521","4088","","","","{}","","-1","1;1;1;1;1;2;3","2026-06-23T22:43:08.381365+00:00","2026-06-23T22:43:05.98+00:00","null"
"L02-4089","L02","꽃게거리입구","37.416802","126.6503","4089","","","","{}","","-1","1;1;1;1;1;2;3","2026-06-23T22:43:08.381365+00:00","2026-06-23T22:43:05.98+00:00","null"
"L02-4090","L02","문학경기장역4","37.434173","126.697902","4090","","","","{}","","-1","1;1;1;1;1;2;3","2026-06-23T22:43:08.381365+00:00","2026-06-23T22:43:05.98+00:00","null"
"L02-4091","L02","선학경기장입구4거리","37.431049","126.698908","4091","","","","{}","","-1","1;1;1;1;1;2;3","2026-06-23T22:43:08.381365+00:00","2026-06-23T22:43:05.98+00:00","null"
"L02-4092","L02","연수보건소","37.418543","126.671303","4092","","","","{}","","-1","1;1;1;1;1;2;3","2026-06-23T22:43:08.381365+00:00","2026-06-23T22:43:05.98+00:00","null"
"L02-4093","L02","동춘대동입구","37.404665","126.669893","4093","","","","{}","","-1","1;1;1;1;1;2;3","2026-06-23T22:43:08.381365+00:00","2026-06-23T22:43:05.98+00:00","null"
"L02-4094","L02","청량초3","37.412414","126.67433","4094","","","","{}","","-1","1;1;1;1;1;2;3","2026-06-23T22:43:08.381365+00:00","2026-06-23T22:43:05.98+00:00","null"
"L02-4095","L02","연수체육공원","37.40677","126.685137","4095","","","","{}","","-1","1;1;1;1;1;2;3","2026-06-23T22:43:08.381365+00:00","2026-06-23T22:43:05.98+00:00","null"
"L02-4096","L02","연수E마트입구","37.406049","126.681346","4096","","","","{}","","-1","1;1;1;1;1;2;3","2026-06-23T22:43:08.381365+00:00","2026-06-23T22:43:05.98+00:00","null"
"L02-4097","L02","송도역앞","37.428416","126.654325","4097","","","","{}","","-1","1;1;1;1;1;2;3","2026-06-23T22:43:08.381365+00:00","2026-06-23T22:43:05.98+00:00","null"
"L02-4098","L02","청릉마을3(청학태평2차A)","37.417794","126.669488","4098","","","","{}","","-1","1;1;1;1;1;2;3","2026-06-23T22:43:08.381365+00:00","2026-06-23T22:43:05.98+00:00","null"
"L02-4099","L02","동춘차고3","37.400069","126.669497","4099","","","","{}","","-1","1;1;1;1;1;2;3","2026-06-23T22:43:08.381365+00:00","2026-06-23T22:43:05.98+00:00","null"
"L02-4100","L02","동춘서해3거리","37.40966","126.666407","4100","","","","{}","","-1","1;1;1;1;1;2;3","2026-06-23T22:43:08.381365+00:00","2026-06-23T22:43:05.98+00:00","null"
"L02-4101","L02","동춘2구역4거리","37.408054","126.666299","4101","","","","{}","","-1","1;1;1;1;1;2;3","2026-06-23T22:43:08.381365+00:00","2026-06-23T22:43:05.98+00:00","null"
"L02-4102","L02","구석말4거리","37.400883","126.665617","4102","","","","{}","","-1","1;1;1;1;1;2;3","2026-06-23T22:43:08.381365+00:00","2026-06-23T22:43:05.98+00:00","null"
"L02-4103","L02","박문초교 입구","37.402167","126.666874","4103","","","","{}","","-1","1;1;1;1;1;2;3","2026-06-23T22:43:08.381365+00:00","2026-06-23T22:43:05.98+00:00","null"
"L02-4104","L02","문남마을입구","37.422524","126.679621","4104","","","","{}","","-1","1;1;1;1;1;2;3","2026-06-23T22:43:08.381365+00:00","2026-06-23T22:43:05.98+00:00","null"
"L02-4105","L02","능허대초교4거리","37.424443","126.649465","4105","","","","{}","","-1","1;1;1;1;1;2;3","2026-06-23T22:43:08.381365+00:00","2026-06-23T22:43:05.98+00:00","null"
"L02-4106","L02","승기펌프장","37.416181","126.639296","4106","","","","{}","","-1","1;1;1;1;1;2;3","2026-06-23T22:43:08.381365+00:00","2026-06-23T22:43:05.98+00:00","null"
"L02-4107","L02","인천대교홍보관3거리","37.409674","126.645117","4107","","","","{}","","-1","1;1;1;1;1;2;3","2026-06-23T22:43:08.381365+00:00","2026-06-23T22:43:05.98+00:00","null"
"L02-4108","L02","대한적십자(보)","37.419891","126.690482","4108","","","","{}","","-1","1;1;1;1;1;2;3","2026-06-23T22:43:08.381365+00:00","2026-06-23T22:43:05.98+00:00","null"
"L02-4109","L02","소암말입구4","37.404693","126.657855","4109","","","","{}","","-1","1;1;1;1;1;2;3","2026-06-23T22:43:08.381365+00:00","2026-06-23T22:43:05.98+00:00","null"
"L02-4110","L02","소암말3거리","37.40926","126.65569","4110","","","","{}","","-1","1;1;1;1;1;2;3","2026-06-23T22:43:08.381365+00:00","2026-06-23T22:43:05.98+00:00","null"
"L02-4111","L02","DC04","37.412343","126.657415","4111","","","","{}","","-1","1;1;1;1;1;2;3","2026-06-23T22:43:08.381365+00:00","2026-06-23T22:43:05.98+00:00","null"
"L02-4112","L02","동춘파크자이(DC09)","37.411187","126.658152","4112","","","","{}","","-1","1;1;1;1;1;2;3","2026-06-23T22:43:08.381365+00:00","2026-06-23T22:43:05.98+00:00","null"
"L02-4113","L02","새봄초후문(DC10)","37.409802","126.657253","4113","","","","{}","","-1","1;1;1;1;1;2;3","2026-06-23T22:43:08.381365+00:00","2026-06-23T22:43:05.98+00:00","null"
"L02-4114","L02","능허대초교정문","37.423651","126.647974","4114","","","","{}","","-1","1;1;1;1;1;2;3","2026-06-23T22:43:08.381365+00:00","2026-06-23T22:43:05.98+00:00","null"
"L02-4115","L02","박문초교남","37.401475","126.666227","4115","","","","{}","","-1","1;1;1;1;1;2;3","2026-06-23T22:43:08.381365+00:00","2026-06-23T22:43:05.98+00:00","null"
"L02-4116","L02","옥련서해입구3","37.422559","126.651899","4116","","","","{}","","-1","1;1;1;1;1;2;3","2026-06-23T22:43:08.381365+00:00","2026-06-23T22:43:05.98+00:00","null"
"L02-4117","L02","선학초교3거리","37.424236","126.701181","4117","","","","{}","","-1","1;1;1;1;1;2;3","2026-06-23T22:43:08.381365+00:00","2026-06-23T22:43:05.98+00:00","null"
"L02-4118","L02","청학초교앞","37.418899","126.669875","4118","","","","{}","","-1","1;1;1;1;1;2;3","2026-06-23T22:43:08.381365+00:00","2026-06-23T22:43:05.98+00:00","null"
"L02-4119","L02","옥련초교정문","37.425178","126.648019","4119","","","","{}","","-1","1;1;1;1;1;2;3","2026-06-23T22:43:08.381365+00:00","2026-06-23T22:43:05.98+00:00","null"
"L02-4120","L02","봉재산3거리","37.404772","126.667844","4120","","","","{}","","-1","1;1;1;1;1;2;3","2026-06-23T22:43:08.381365+00:00","2026-06-23T22:43:05.98+00:00","null"
"L02-4121","L02","박문초교북3","37.403209","126.667377","4121","","","","{}","","-1","1;1;1;1;1;2;3","2026-06-23T22:43:08.381365+00:00","2026-06-23T22:43:05.98+00:00","null"
"L02-4122","L02","연송초앞","37.456","126.705","4122","","","","{}","","-1","1;1;1;1;1;2;3","2026-06-23T22:43:08.381365+00:00","2026-06-23T22:43:05.98+00:00","null"
"L02-4123","L02","신송초남3거리","37.456","126.705","4123","","","","{}","","-1","1;1;1;1;1;2;3","2026-06-23T22:43:08.381365+00:00","2026-06-23T22:43:05.98+00:00","null"
"L02-4124","L02","신송공원3거리","37.456","126.705","4124","","","","{}","","-1","1;1;1;1;1;2;3","2026-06-23T22:43:08.381365+00:00","2026-06-23T22:43:05.98+00:00","null"
"L02-4125","L02","먼우금초남3거리","37.456","126.705","4125","","","","{}","","-1","1;1;1;1;1;2;3","2026-06-23T22:43:08.381365+00:00","2026-06-23T22:43:05.98+00:00","null"
"L02-4126","L02","잔디마당","37.456","126.705","4126","","","","{}","","-1","1;1;1;1;1;2;3","2026-06-23T22:43:08.381365+00:00","2026-06-23T22:43:05.98+00:00","null"
"L02-4127","L02","생태마당","37.456","126.705","4127","","","","{}","","-1","1;1;1;1;1;2;3","2026-06-23T22:43:08.381365+00:00","2026-06-23T22:43:05.98+00:00","null"
"L02-4128","L02","동춘초교앞","37.409988","126.669443","4128","","","","{}","","-1","1;1;1;1;1;2;3","2026-06-23T22:43:08.381365+00:00","2026-06-23T22:43:05.98+00:00","null"
"L02-5001","L02","남동굴다리4거리","37.406085","126.698755","5001","","","","{}","","-1","1;1;1;1;1;2;3","2026-06-23T22:43:08.381365+00:00","2026-06-23T22:43:05.98+00:00","null"
"L02-5002","L02","고잔4거리","37.389414","126.686368","5002","","","","{}","","-1","1;1;1;1;1;2;3","2026-06-23T22:43:08.381365+00:00","2026-06-23T22:43:05.98+00:00","null"
"L02-5003","L02","제3번영로4거리","37.399933","126.686305","5003","","","","{}","","-1","1;1;1;1;1;2;3","2026-06-23T22:43:08.381365+00:00","2026-06-23T22:43:05.98+00:00","null"
"L02-5004","L02","제2번영로4거리","37.4046","126.689844","5004","","","","{}","","-1","1;1;1;1;1;2;3","2026-06-23T22:43:08.381365+00:00","2026-06-23T22:43:05.98+00:00","null"
"L02-5005","L02","남동공단PB","37.409346","126.69324","5005","","","","{}","","-1","1;1;1;1;1;2;3","2026-06-23T22:43:08.381365+00:00","2026-06-23T22:43:05.98+00:00","null"
"L02-5006","L02","제1번영로사거리","37.415218","126.698181","5006","","","","{}","","-1","1;1;1;1;1;2;3","2026-06-23T22:43:08.381365+00:00","2026-06-23T22:43:05.98+00:00","null"
"L02-5007","L02","농산물시장4거리","37.443132","126.702879","5007","","","","{}","","-1","1;1;1;1;1;2;3","2026-06-23T22:43:08.381365+00:00","2026-06-23T22:43:05.98+00:00","null"
"L02-5008","L02","신세계백화점","37.443531","126.700247","5008","","","","{}","","-1","1;1;1;1;1;2;3","2026-06-23T22:43:08.381365+00:00","2026-06-23T22:43:05.98+00:00","null"
"L02-5009","L02","갈뫼사거리","37.388529","126.716551","5009","","","","{}","","-1","1;1;1;1;1;2;3","2026-06-23T22:43:08.381365+00:00","2026-06-23T22:43:05.98+00:00","null"
"L02-5010","L02","작은구월4거리","37.449144","126.718671","5010","","","","{}","","-1","1;1;1;1;1;2;3","2026-06-23T22:43:08.381365+00:00","2026-06-23T22:43:05.98+00:00","null"
"L02-5011","L02","석정초교(보)","37.46645","126.698136","5011","","","","{}","","-1","1;1;1;1;1;2;3","2026-06-23T22:43:08.381365+00:00","2026-06-23T22:43:05.98+00:00","null"
"L02-5012","L02","간석4거리","37.461053","126.720126","5012","","","","{}","","-1","1;1;1;1;1;2;3","2026-06-23T22:43:08.381365+00:00","2026-06-23T22:43:05.98+00:00","null"
"L02-5013","L02","구월체육공원입구","37.458864","126.719767","5013","","","","{}","","-1","1;1;1;1;1;2;3","2026-06-23T22:43:08.381365+00:00","2026-06-23T22:43:05.98+00:00","null"
"L02-5014","L02","전재울삼거리","37.438781","126.710074","5014","","","","{}","","-1","1;1;1;1;1;2;3","2026-06-23T22:43:08.381365+00:00","2026-06-23T22:43:05.98+00:00","null"
"L02-5015","L02","선수촌삼거리","37.439073","126.714817","5015","","","","{}","","-1","1;1;1;1;1;2;3","2026-06-23T22:43:08.381365+00:00","2026-06-23T22:43:05.98+00:00","null"
"L02-5016","L02","교보문고3거리","37.445592","126.700525","5016","","","","{}","","-1","1;1;1;1;1;2;3","2026-06-23T22:43:08.381365+00:00","2026-06-23T22:43:05.98+00:00","null"
"L02-5017","L02","만수북초교3거리","37.459106","126.727151","5017","","","","{}","","-1","1;1;1;1;1;2;3","2026-06-23T22:43:08.381365+00:00","2026-06-23T22:43:05.98+00:00","null"
"L02-5018","L02","간석역북측","37.46563","126.693527","5018","","","","{}","","-1","1;1;1;1;1;2;3","2026-06-23T22:43:08.381365+00:00","2026-06-23T22:43:05.98+00:00","null"
"L02-5019","L02","구월벽산입구","37.448873","126.724375","5019","","","","{}","","-1","1;1;1;1;1;2;3","2026-06-23T22:43:08.381365+00:00","2026-06-23T22:43:05.98+00:00","null"
"L02-5020","L02","만수지구대","37.46163","126.731391","5020","","","","{}","","-1","1;1;1;1;1;2;3","2026-06-23T22:43:08.381365+00:00","2026-06-23T22:43:05.98+00:00","null"
"L02-5021","L02","장수4거리","37.45005","126.746133","5021","","","","{}","","-1","1;1;1;1;1;2;3","2026-06-23T22:43:08.381365+00:00","2026-06-23T22:43:05.98+00:00","null"
"L02-5022","L02","장자골4거리","37.449301","126.749555","5022","","","","{}","","-1","1;1;1;1;1;2;3","2026-06-23T22:43:08.381365+00:00","2026-06-23T22:43:05.98+00:00","null"
"L02-5023","L02","구월팬더입구","37.449586","126.710658","5023","","","","{}","","-1","1;1;1;1;1;2;3","2026-06-23T22:43:08.381365+00:00","2026-06-23T22:43:05.98+00:00","null"
"L02-5024","L02","남동나들목","37.431305","126.708439","5024","","","","{}","","-1","1;1;1;1;1;2;3","2026-06-23T22:43:08.381365+00:00","2026-06-23T22:43:05.98+00:00","null"
"L02-5025","L02","전재울4거리","37.438845","126.706238","5025","","","","{}","","-1","1;1;1;1;1;2;3","2026-06-23T22:43:08.381365+00:00","2026-06-23T22:43:05.98+00:00","null"
"L02-5026","L02","독곡4거리","37.448017","126.740347","5026","","","","{}","","-1","1;1;1;1;1;2;3","2026-06-23T22:43:08.381365+00:00","2026-06-23T22:43:05.98+00:00","null"
"L02-5027","L02","남동구평생학습관3","37.447026","126.733251","5027","","","","{}","","-1","1;1;1;1;1;2;3","2026-06-23T22:43:08.381365+00:00","2026-06-23T22:43:05.98+00:00","null"
"L02-5028","L02","장승백이4거리","37.447675","126.745091","5028","","","","{}","","-1","1;1;1;1;1;2;3","2026-06-23T22:43:08.381365+00:00","2026-06-23T22:43:05.98+00:00","null"
"L02-5029","L02","서창분기점입구","37.441598","126.742099","5029","","","","{}","","-1","1;1;1;1;1;2;3","2026-06-23T22:43:08.381365+00:00","2026-06-23T22:43:05.98+00:00","null"
"L02-5030","L02","만수여중","37.459705","126.732577","5030","","","","{}","","-1","1;1;1;1;1;2;3","2026-06-23T22:43:08.381365+00:00","2026-06-23T22:43:05.98+00:00","null"
"L02-5031","L02","부평4거리","37.479198","126.710775","5031","","","","{}","","-1","1;1;1;1;1;2;3","2026-06-23T22:43:08.381365+00:00","2026-06-23T22:43:05.98+00:00","null"
"L02-5032","L02","구삼4거리","37.450342","126.696429","5032","","","","{}","","-1","1;1;1;1;1;2;3","2026-06-23T22:43:08.381365+00:00","2026-06-23T22:43:05.98+00:00","null"
"L02-5033","L02","시청입구삼거리","37.449921","126.704379","5033","","","","{}","","-1","1;1;1;1;1;2;3","2026-06-23T22:43:08.381365+00:00","2026-06-23T22:43:05.98+00:00","null"
"L02-5034","L02","길병원4거리","37.449757","126.707658","5034","","","","{}","","-1","1;1;1;1;1;2;3","2026-06-23T22:43:08.381365+00:00","2026-06-23T22:43:05.98+00:00","null"
"L02-5035","L02","남동구청4거리","37.448395","126.733889","5035","","","","{}","","-1","1;1;1;1;1;2;3","2026-06-23T22:43:08.381365+00:00","2026-06-23T22:43:05.98+00:00","null"
"L02-5036","L02","만수4거리","37.452966","126.736152","5036","","","","{}","","-1","1;1;1;1;1;2;3","2026-06-23T22:43:08.381365+00:00","2026-06-23T22:43:05.98+00:00","null"
"L02-5037","L02","이화4거리","37.465866","126.690078","5037","","","","{}","","-1","1;1;1;1;1;2;3","2026-06-23T22:43:08.381365+00:00","2026-06-23T22:43:05.98+00:00","null"
"L02-5038","L02","석정3거리","37.468454","126.690266","5038","","","","{}","","-1","1;1;1;1;1;2;3","2026-06-23T22:43:08.381365+00:00","2026-06-23T22:43:05.98+00:00","null"
"L02-5039","L02","목화예식장","37.465709","126.710802","5039","","","","{}","","-1","1;1;1;1;1;2;3","2026-06-23T22:43:08.381365+00:00","2026-06-23T22:43:05.98+00:00","null"
"L02-5040","L02","간석시장사거리","37.463969","126.714422","5040","","","","{}","","-1","1;1;1;1;1;2;3","2026-06-23T22:43:08.381365+00:00","2026-06-23T22:43:05.98+00:00","null"
"L02-5041","L02","상인천중","37.462564","126.717126","5041","","","","{}","","-1","1;1;1;1;1;2;3","2026-06-23T22:43:08.381365+00:00","2026-06-23T22:43:05.98+00:00","null"
"L02-5042","L02","만수소방4거리","37.460005","126.725624","5042","","","","{}","","-1","1;1;1;1;1;2;3","2026-06-23T22:43:08.381365+00:00","2026-06-23T22:43:05.98+00:00","null"
"L02-5043","L02","만수시장입구삼거리","37.457516","126.729478","5043","","","","{}","","-1","1;1;1;1;1;2;3","2026-06-23T22:43:08.381365+00:00","2026-06-23T22:43:05.98+00:00","null"
"L02-5044","L02","만수주공사거리","37.45487","126.73335","5044","","","","{}","","-1","1;1;1;1;1;2;3","2026-06-23T22:43:08.381365+00:00","2026-06-23T22:43:05.98+00:00","null"
"L02-5045","L02","중소기업청4거리","37.409239","126.701091","5045","","","","{}","","-1","1;1;1;1;1;2;3","2026-06-23T22:43:08.381365+00:00","2026-06-23T22:43:05.98+00:00","null"
"L02-5046","L02","벗말4거리","37.412771","126.703651","5046","","","","{}","","-1","1;1;1;1;1;2;3","2026-06-23T22:43:08.381365+00:00","2026-06-23T22:43:05.98+00:00","null"
"L02-5047","L02","공단주유소","37.416267","126.706283","5047","","","","{}","","-1","1;1;1;1;1;2;3","2026-06-23T22:43:08.381365+00:00","2026-06-23T22:43:05.98+00:00","null"
"L02-5048","L02","동양이화공업","37.419349","126.708556","5048","","","","{}","","-1","1;1;1;1;1;2;3","2026-06-23T22:43:08.381365+00:00","2026-06-23T22:43:05.98+00:00","null"
"L02-5049","L02","남동공단입구4거리","37.422331","126.709589","5049","","","","{}","","-1","1;1;1;1;1;2;3","2026-06-23T22:43:08.381365+00:00","2026-06-23T22:43:05.98+00:00","null"
"L02-5050","L02","방죽들삼거리","37.434351","126.707595","5050","","","","{}","","-1","1;1;1;1;1;2;3","2026-06-23T22:43:08.381365+00:00","2026-06-23T22:43:05.98+00:00","null"
"L02-5051","L02","남동서4거리","37.442932","126.706688","5051","","","","{}","","-1","1;1;1;1;1;2;3","2026-06-23T22:43:08.381365+00:00","2026-06-23T22:43:05.98+00:00","null"
"L02-5052","L02","보훈지청","37.444929","126.706957","5052","","","","{}","","-1","1;1;1;1;1;2;3","2026-06-23T22:43:08.381365+00:00","2026-06-23T22:43:05.98+00:00","null"
"L02-5053","L02","구월주공4거리","37.45303","126.708089","5053","","","","{}","","-1","1;1;1;1;1;2;3","2026-06-23T22:43:08.381365+00:00","2026-06-23T22:43:05.98+00:00","null"
"L02-5054","L02","구월중학교","37.454599","126.708332","5054","","","","{}","","-1","1;1;1;1;1;2;3","2026-06-23T22:43:08.381365+00:00","2026-06-23T22:43:05.98+00:00","null"
"L02-5055","L02","석천4거리","37.456931","126.708691","5055","","","","{}","","-1","1;1;1;1;1;2;3","2026-06-23T22:43:08.381365+00:00","2026-06-23T22:43:05.98+00:00","null"
"L02-5056","L02","올리브백화점4거리","37.460411","126.70843","5056","","","","{}","","-1","1;1;1;1;1;2;3","2026-06-23T22:43:08.381365+00:00","2026-06-23T22:43:05.98+00:00","null"
"L02-5057","L02","목화4거리","37.464226","126.708197","5057","","","","{}","","-1","1;1;1;1;1;2;3","2026-06-23T22:43:08.381365+00:00","2026-06-23T22:43:05.98+00:00","null"
"L02-5058","L02","올림픽공원4거리","37.450128","126.699672","5058","","","","{}","","-1","1;1;1;1;1;2;3","2026-06-23T22:43:08.381365+00:00","2026-06-23T22:43:05.98+00:00","null"
"L02-5059","L02","구월동아입구","37.449479","126.712625","5059","","","","{}","","-1","1;1;1;1;1;2;3","2026-06-23T22:43:08.381365+00:00","2026-06-23T22:43:05.98+00:00","null"
"L02-5060","L02","남동소방서","37.449286","126.716201","5060","","","","{}","","-1","1;1;1;1;1;2;3","2026-06-23T22:43:08.381365+00:00","2026-06-23T22:43:05.98+00:00","null"
"L02-5061","L02","구룡4거리","37.448616","126.729667","5061","","","","{}","","-1","1;1;1;1;1;2;3","2026-06-23T22:43:08.381365+00:00","2026-06-23T22:43:05.98+00:00","null"
"L02-5062","L02","문예회관3거리","37.447054","126.699268","5062","","","","{}","","-1","1;1;1;1;1;2;3","2026-06-23T22:43:08.381365+00:00","2026-06-23T22:43:05.98+00:00","null"
"L02-5063","L02","동암굴다리4거리","37.467848","126.703202","5063","","","","{}","","-1","1;1;1;1;1;2;3","2026-06-23T22:43:08.381365+00:00","2026-06-23T22:43:05.98+00:00","null"
"L02-5064","L02","구월2동사무소","37.456304","126.714763","5064","","","","{}","","-1","1;1;1;1;1;2;3","2026-06-23T22:43:08.381365+00:00","2026-06-23T22:43:05.98+00:00","null"
"L02-5065","L02","모래마을4거리","37.455826","126.719408","5065","","","","{}","","-1","1;1;1;1;1;2;3","2026-06-23T22:43:08.381365+00:00","2026-06-23T22:43:05.98+00:00","null"
"L02-5066","L02","여성인력개발센터4","37.455512","126.725148","5066","","","","{}","","-1","1;1;1;1;1;2;3","2026-06-23T22:43:08.381365+00:00","2026-06-23T22:43:05.98+00:00","null"
"L02-5067","L02","구남동구청","37.455191","126.729424","5067","","","","{}","","-1","1;1;1;1;1;2;3","2026-06-23T22:43:08.381365+00:00","2026-06-23T22:43:05.98+00:00","null"
"L02-5068","L02","남동교사거리","37.405978","126.68688","5068","","","","{}","","-1","1;1;1;1;1;2;3","2026-06-23T22:43:08.381365+00:00","2026-06-23T22:43:05.98+00:00","null"
"L02-5069","L02","도림고4거리","37.421903","126.719516","5069","","","","{}","","-1","1;1;1;1;1;2;3","2026-06-23T22:43:08.381365+00:00","2026-06-23T22:43:05.98+00:00","null"
"L02-5070","L02","문예역4거리","37.450064","126.701127","5070","","","","{}","","-1","1;1;1;1;1;2;3","2026-06-23T22:43:08.381365+00:00","2026-06-23T22:43:05.98+00:00","null"
"L02-5071","L02","장수3교4거리","37.446933","126.747444","5071","","","","{}","","-1","1;1;1;1;1;2;3","2026-06-23T22:43:08.381365+00:00","2026-06-23T22:43:05.98+00:00","null"
"L02-5072","L02","치야고개삼거리","37.44587","126.757424","5072","","","","{}","","-1","1;1;1;1;1;2;3","2026-06-23T22:43:08.381365+00:00","2026-06-23T22:43:05.98+00:00","null"
"L02-5073","L02","찬우물마을","37.438025","126.717899","5073","","","","{}","","-1","1;1;1;1;1;2;3","2026-06-23T22:43:08.381365+00:00","2026-06-23T22:43:05.98+00:00","null"
"L02-5074","L02","남촌풍림입구","37.431277","126.718465","5074","","","","{}","","-1","1;1;1;1;1;2;3","2026-06-23T22:43:08.381365+00:00","2026-06-23T22:43:05.98+00:00","null"
"L02-5075","L02","남촌마을4거리","37.425292","126.717458","5075","","","","{}","","-1","1;1;1;1;1;2;3","2026-06-23T22:43:08.381365+00:00","2026-06-23T22:43:05.98+00:00","null"
"L02-5076","L02","큰방죽4거리","37.422067","126.716506","5076","","","","{}","","-1","1;1;1;1;1;2;3","2026-06-23T22:43:08.381365+00:00","2026-06-23T22:43:05.98+00:00","null"
"L02-5077","L02","건설교육원","37.450984","126.735146","5077","","","","{}","","-1","1;1;1;1;1;2;3","2026-06-23T22:43:08.381365+00:00","2026-06-23T22:43:05.98+00:00","null"
"L02-5078","L02","드래곤정기","37.414048","126.710919","5078","","","","{}","","-1","1;1;1;1;1;2;3","2026-06-23T22:43:08.381365+00:00","2026-06-23T22:43:05.98+00:00","null"
"L02-5079","L02","논현동보입구","37.413391","126.712329","5079","","","","{}","","-1","1;1;1;1;1;2;3","2026-06-23T22:43:08.381365+00:00","2026-06-23T22:43:05.98+00:00","null"
"L02-5080","L02","논곡초교","37.410195","126.709104","5080","","","","{}","","-1","1;1;1;1;1;2;3","2026-06-23T22:43:08.381365+00:00","2026-06-23T22:43:05.98+00:00","null"
"L02-5081","L02","논현주공2단지","37.409289","126.711332","5081","","","","{}","","-1","1;1;1;1;1;2;3","2026-06-23T22:43:08.381365+00:00","2026-06-23T22:43:05.98+00:00","null"
"L02-5082","L02","논현1지구4거리","37.408882","126.712536","5082","","","","{}","","-1","1;1;1;1;1;2;3","2026-06-23T22:43:08.381365+00:00","2026-06-23T22:43:05.98+00:00","null"
"L02-5083","L02","동인천중교","37.453744","126.695845","5083","","","","{}","","-1","1;1;1;1;1;2;3","2026-06-23T22:43:08.381365+00:00","2026-06-23T22:43:05.98+00:00","null"
"L02-5084","L02","부평3거리역","37.475869","126.709571","5084","","","","{}","","-1","1;1;1;1;1;2;3","2026-06-23T22:43:08.381365+00:00","2026-06-23T22:43:05.98+00:00","null"
"L02-5085","L02","보훈회관","37.474592","126.709266","5085","","","","{}","","-1","1;1;1;1;1;2;3","2026-06-23T22:43:08.381365+00:00","2026-06-23T22:43:05.98+00:00","null"
"L02-5086","L02","간석5거리","37.467071","126.707972","5086","","","","{}","","-1","1;1;1;1;1;2;3","2026-06-23T22:43:08.381365+00:00","2026-06-23T22:43:05.98+00:00","null"
"L02-5087","L02","주원4거리","37.464276","126.702385","5087","","","","{}","","-1","1;1;1;1;1;2;3","2026-06-23T22:43:08.381365+00:00","2026-06-23T22:43:05.98+00:00","null"
"L02-5088","L02","예술고4거리","37.460147","126.70243","5088","","","","{}","","-1","1;1;1;1;1;2;3","2026-06-23T22:43:08.381365+00:00","2026-06-23T22:43:05.98+00:00","null"
"L02-5089","L02","시청역4거리","37.456732","126.702124","5089","","","","{}","","-1","1;1;1;1;1;2;3","2026-06-23T22:43:08.381365+00:00","2026-06-23T22:43:05.98+00:00","null"
"L02-5090","L02","중앙도서관3거리","37.455163","126.701846","5090","","","","{}","","-1","1;1;1;1;1;2;3","2026-06-23T22:43:08.381365+00:00","2026-06-23T22:43:05.98+00:00","null"
"L02-5091","L02","인천YMCA4거리","37.453301","126.701621","5091","","","","{}","","-1","1;1;1;1;1;2;3","2026-06-23T22:43:08.381365+00:00","2026-06-23T22:43:05.98+00:00","null"
"L02-5092","L02","경찰청입구3거리","37.447432","126.700759","5092","","","","{}","","-1","1;1;1;1;1;2;3","2026-06-23T22:43:08.381365+00:00","2026-06-23T22:43:05.98+00:00","null"
"L02-5093","L02","6공단입구4거리","37.470607","126.690491","5093","","","","{}","","-1","1;1;1;1;1;2;3","2026-06-23T22:43:08.381365+00:00","2026-06-23T22:43:05.98+00:00","null"
"L02-5094","L02","남동공단입구삼거리","37.422766","126.704298","5094","","","","{}","","-1","1;1;1;1;1;2;3","2026-06-23T22:43:08.381365+00:00","2026-06-23T22:43:05.98+00:00","null"
"L02-5095","L02","덕골마을","37.421682","126.722911","5095","","","","{}","","-1","1;1;1;1;1;2;3","2026-06-23T22:43:08.381365+00:00","2026-06-23T22:43:05.98+00:00","null"
"L02-5096","L02","도림사거리","37.421175","126.731751","5096","","","","{}","","-1","1;1;1;1;1;2;3","2026-06-23T22:43:08.381365+00:00","2026-06-23T22:43:05.98+00:00","null"
"L02-5097","L02","문화예술회관서측","37.448374","126.69942","5097","","","","{}","","-1","1;1;1;1;1;2;3","2026-06-23T22:43:08.381365+00:00","2026-06-23T22:43:05.98+00:00","null"
"L02-5098","L02","시청정문","37.454949","126.705062","5098","","","","{}","","-1","1;1;1;1;1;2;3","2026-06-23T22:43:08.381365+00:00","2026-06-23T22:43:05.98+00:00","null"
"L02-5099","L02","간석금고","37.457252","126.696626","5099","","","","{}","","-1","1;1;1;1;1;2;3","2026-06-23T22:43:08.381365+00:00","2026-06-23T22:43:05.98+00:00","null"
"L02-5100","L02","간석역4거리","37.463327","126.69527","5100","","","","{}","","-1","1;1;1;1;1;2;3","2026-06-23T22:43:08.381365+00:00","2026-06-23T22:43:05.98+00:00","null"
"L02-5101","L02","주안국민은행5","37.461274","126.697336","5101","","","","{}","","-1","1;1;1;1;1;2;3","2026-06-23T22:43:08.381365+00:00","2026-06-23T22:43:05.98+00:00","null"
"L02-5102","L02","주원초교4거리","37.463056","126.700795","5102","","","","{}","","-1","1;1;1;1;1;2;3","2026-06-23T22:43:08.381365+00:00","2026-06-23T22:43:05.98+00:00","null"
"L02-5103","L02","동남주유소4거리","37.445535","126.738856","5103","","","","{}","","-1","1;1;1;1;1;2;3","2026-06-23T22:43:08.381365+00:00","2026-06-23T22:43:05.98+00:00","null"
"L02-5104","L02","열린광장R","37.453088","126.704855","5104","","","","{}","","-1","1;1;1;1;1;2;3","2026-06-23T22:43:08.381365+00:00","2026-06-23T22:43:05.98+00:00","null"
"L02-5105","L02","국정원앞","37.416559","126.714871","5105","","","","{}","","-1","1;1;1;1;1;2;3","2026-06-23T22:43:08.381365+00:00","2026-06-23T22:43:05.98+00:00","null"
"L02-5106","L02","사리울삼거리","37.412763","126.71373","5106","","","","{}","","-1","1;1;1;1;1;2;3","2026-06-23T22:43:08.381365+00:00","2026-06-23T22:43:05.98+00:00","null"
"L02-5107","L02","공단본부4거리","37.405328","126.698199","5107","","","","{}","","-1","1;1;1;1;1;2;3","2026-06-23T22:43:08.381365+00:00","2026-06-23T22:43:05.98+00:00","null"
"L02-5108","L02","운연삼거리","37.444458","126.763156","5108","","","","{}","","-1","1;1;1;1;1;2;3","2026-06-23T22:43:08.381365+00:00","2026-06-23T22:43:05.98+00:00","null"
"L02-5109","L02","운연마을3거리","37.443196","126.76577","5109","","","","{}","","-1","1;1;1;1;1;2;3","2026-06-23T22:43:08.381365+00:00","2026-06-23T22:43:05.98+00:00","null"
"L02-5110","L02","대우재사거리","37.453416","126.700085","5110","","","","{}","","-1","1;1;1;1;1;2;3","2026-06-23T22:43:08.381365+00:00","2026-06-23T22:43:05.98+00:00","null"
"L02-5111","L02","근린공원앞","37.402231","126.724034","5111","","","","{}","","-1","1;1;1;1;1;2;3","2026-06-23T22:43:08.381365+00:00","2026-06-23T22:43:05.98+00:00","null"
"L02-5112","L02","동춘교사거리","37.402103","126.681759","5112","","","","{}","","-1","1;1;1;1;1;2;3","2026-06-23T22:43:08.381365+00:00","2026-06-23T22:43:05.98+00:00","null"
"L02-5113","L02","광표전기4거리","37.399505","126.693833","5113","","","","{}","","-1","1;1;1;1;1;2;3","2026-06-23T22:43:08.381365+00:00","2026-06-23T22:43:05.98+00:00","null"
"L02-5114","L02","인천대공원정문","37.459334","126.749079","5114","","","","{}","","-1","1;1;1;1;1;2;3","2026-06-23T22:43:08.381365+00:00","2026-06-23T22:43:05.98+00:00","null"
"L02-5115","L02","남동농협3거리","37.445521","126.736","5115","","","","{}","","-1","1;1;1;1;1;2;3","2026-06-23T22:43:08.381365+00:00","2026-06-23T22:43:05.98+00:00","null"
"L02-5116","L02","만월산터널입구","37.465024","126.720836","5116","","","","{}","","-1","1;1;1;1;1;2;3","2026-06-23T22:43:08.381365+00:00","2026-06-23T22:43:05.98+00:00","null"
"L02-5117","L02","장수초교(보)","37.449729","126.741875","5117","","","","{}","","-1","1;1;1;1;1;2;3","2026-06-23T22:43:08.381365+00:00","2026-06-23T22:43:05.98+00:00","null"
"L02-5118","L02","인천대공원후문","37.448295","126.754945","5118","","","","{}","","-1","1;1;1;1;1;2;3","2026-06-23T22:43:08.381365+00:00","2026-06-23T22:43:05.98+00:00","null"
"L02-5119","L02","부평농장3거리","37.467798","126.721276","5119","","","","{}","","-1","1;1;1;1;1;2;3","2026-06-23T22:43:08.381365+00:00","2026-06-23T22:43:05.98+00:00","null"
"L02-5120","L02","만수8단지","37.44878","126.740904","5120","","","","{}","","-1","1;1;1;1;1;2;3","2026-06-23T22:43:08.381365+00:00","2026-06-23T22:43:05.98+00:00","null"
"L02-5121","L02","간석금호입구","37.457109","126.698315","5121","","","","{}","","-1","1;1;1;1;1;2;3","2026-06-23T22:43:08.381365+00:00","2026-06-23T22:43:05.98+00:00","null"
"L02-5122","L02","공단소방4거리","37.408061","126.692404","5122","","","","{}","","-1","1;1;1;1;1;2;3","2026-06-23T22:43:08.381365+00:00","2026-06-23T22:43:05.98+00:00","null"
"L02-5123","L02","소래포구4거리","37.404137","126.739791","5123","","","","{}","","-1","1;1;1;1;1;2;3","2026-06-23T22:43:08.381365+00:00","2026-06-23T22:43:05.98+00:00","null"
"L02-5124","L02","간석홈플러스","37.468974","126.687275","5124","","","","{}","","-1","1;1;1;1;1;2;3","2026-06-23T22:43:08.381365+00:00","2026-06-23T22:43:05.98+00:00","null"
"L02-5125","L02","딩동댕유치원","37.446783","126.739054","5125","","","","{}","","-1","1;1;1;1;1;2;3","2026-06-23T22:43:08.381365+00:00","2026-06-23T22:43:05.98+00:00","null"
"L02-5126","L02","논현유수지입구3","37.402217","126.7049","5126","","","","{}","","-1","1;1;1;1;1;2;3","2026-06-23T22:43:08.381365+00:00","2026-06-23T22:43:05.98+00:00","null"
"L02-5127","L02","외암4거리","37.387251","126.684778","5127","","","","{}","","-1","1;1;1;1;1;2;3","2026-06-23T22:43:08.381365+00:00","2026-06-23T22:43:05.98+00:00","null"
"L02-5128","L02","송도5교4","37.385145","126.697165","5128","","","","{}","","-1","1;1;1;1;1;2;3","2026-06-23T22:43:08.381365+00:00","2026-06-23T22:43:05.98+00:00","null"
"L02-5129","L02","호구포역3거리","37.400476","126.708529","5129","","","","{}","","-1","1;1;1;1;1;2;3","2026-06-23T22:43:08.381365+00:00","2026-06-23T22:43:05.98+00:00","null"
"L02-5130","L02","동암역입구4거리","37.470493","126.707999","5130","","","","{}","","-1","1;1;1;1;1;2;3","2026-06-23T22:43:08.381365+00:00","2026-06-23T22:43:05.98+00:00","null"
"L02-5131","L02","석산3거리","37.464761","126.704469","5131","","","","{}","","-1","1;1;1;1;1;2;3","2026-06-23T22:43:08.381365+00:00","2026-06-23T22:43:05.98+00:00","null"
"L02-5132","L02","수현3거리","37.463049","126.75234","5132","","","","{}","","-1","1;1;1;1;1;2;3","2026-06-23T22:43:08.381365+00:00","2026-06-23T22:43:05.98+00:00","null"
"L02-5133","L02","남동구청역4거리_만성중입구","37.448217","126.736143","5133","","","","{}","","-1","1;1;1;1;1;2;3","2026-06-23T22:43:08.381365+00:00","2026-06-23T22:43:05.98+00:00","null"
"L02-5134","L02","간석초교","37.458985","126.714763","5134","","","","{}","","-1","1;1;1;1;1;2;3","2026-06-23T22:43:08.381365+00:00","2026-06-23T22:43:05.98+00:00","null"
"L02-5135","L02","소래4단지정문","37.399505","126.728714","5135","","","","{}","","-1","1;1;1;1;1;2;3","2026-06-23T22:43:08.381365+00:00","2026-06-23T22:43:05.98+00:00","null"
"L02-5136","L02","소래4단지후문","37.400904","126.730268","5136","","","","{}","","-1","1;1;1;1;1;2;3","2026-06-23T22:43:08.381365+00:00","2026-06-23T22:43:05.98+00:00","null"
"L02-5137","L02","소래한라입구3","37.404451","126.736799","5137","","","","{}","","-1","1;1;1;1;1;2;3","2026-06-23T22:43:08.381365+00:00","2026-06-23T22:43:05.98+00:00","null"
"L02-5138","L02","간석주공정문","37.464005","126.718231","5138","","","","{}","","-1","1;1;1;1;1;2;3","2026-06-23T22:43:08.381365+00:00","2026-06-23T22:43:05.98+00:00","null"
"L02-5139","L02","아지랭이공원입구","37.46481","126.71859","5139","","","","{}","","-1","1;1;1;1;1;2;3","2026-06-23T22:43:08.381365+00:00","2026-06-23T22:43:05.98+00:00","null"
"L02-5140","L02","영일포장4거리","37.41205","126.695234","5140","","","","{}","","-1","1;1;1;1;1;2;3","2026-06-23T22:43:08.381365+00:00","2026-06-23T22:43:05.98+00:00","null"
"L02-5141","L02","상아물산4거리","37.397179","126.698711","5141","","","","{}","","-1","1;1;1;1;1;2;3","2026-06-23T22:43:08.381365+00:00","2026-06-23T22:43:05.98+00:00","null"
"L02-5142","L02","산업단지공단4","37.404151","126.697309","5142","","","","{}","","-1","1;1;1;1;1;2;3","2026-06-23T22:43:08.381365+00:00","2026-06-23T22:43:05.98+00:00","null"
"L02-5143","L02","신남동주유소","37.447076","126.707289","5143","","","","{}","","-1","1;1;1;1;1;2;3","2026-06-23T22:43:08.381365+00:00","2026-06-23T22:43:05.98+00:00","null"
"L02-5144","L02","간석주공후문","37.464853","126.719659","5144","","","","{}","","-1","1;1;1;1;1;2;3","2026-06-23T22:43:08.381365+00:00","2026-06-23T22:43:05.98+00:00","null"
"L02-5145","L02","공단삼호상가","37.396387","126.683682","5145","","","","{}","","-1","1;1;1;1;1;2;3","2026-06-23T22:43:08.381365+00:00","2026-06-23T22:43:05.98+00:00","null"
"L02-5146","L02","대기목재3거리","37.393653","126.677277","5146","","","","{}","","-1","1;1;1;1;1;2;3","2026-06-23T22:43:08.381365+00:00","2026-06-23T22:43:05.98+00:00","null"
"L02-5147","L02","유수지3거리","37.392104","126.680502","5147","","","","{}","","-1","1;1;1;1;1;2;3","2026-06-23T22:43:08.381365+00:00","2026-06-23T22:43:05.98+00:00","null"
"L02-5148","L02","산업길사거리","37.399555","126.700453","5148","","","","{}","","-1","1;1;1;1;1;2;3","2026-06-23T22:43:08.381365+00:00","2026-06-23T22:43:05.98+00:00","null"
"L02-5149","L02","복지공원4거리","37.394895","126.697022","5149","","","","{}","","-1","1;1;1;1;1;2;3","2026-06-23T22:43:08.381365+00:00","2026-06-23T22:43:05.98+00:00","null"
"L02-5150","L02","남동공단2단지4","37.392347","126.702466","5150","","","","{}","","-1","1;1;1;1;1;2;3","2026-06-23T22:43:08.381365+00:00","2026-06-23T22:43:05.98+00:00","null"
"L02-5151","L02","영남목재사거리","37.394624","126.704226","5151","","","","{}","","-1","1;1;1;1;1;2;3","2026-06-23T22:43:08.381365+00:00","2026-06-23T22:43:05.98+00:00","null"
"L02-5152","L02","호구포길4거리","37.398842","126.707352","5152","","","","{}","","-1","1;1;1;1;1;2;3","2026-06-23T22:43:08.381365+00:00","2026-06-23T22:43:05.98+00:00","null"
"L02-5153","L02","논고개길4거리","37.389321","126.712006","5153","","","","{}","","-1","1;1;1;1;1;2;3","2026-06-23T22:43:08.381365+00:00","2026-06-23T22:43:05.98+00:00","null"
"L02-5154","L02","소래시장입구사거리","37.403523","126.737428","5154","","","","{}","","-1","1;1;1;1;1;2;3","2026-06-23T22:43:08.381365+00:00","2026-06-23T22:43:05.98+00:00","null"
"L02-5155","L02","간석마을입구","37.462215","126.696366","5155","","","","{}","","-1","1;1;1;1;1;2;3","2026-06-23T22:43:08.381365+00:00","2026-06-23T22:43:05.98+00:00","null"
"L02-5156","L02","이화공원입구3거리","37.462215","126.702421","5156","","","","{}","","-1","1;1;1;1;1;2;3","2026-06-23T22:43:08.381365+00:00","2026-06-23T22:43:05.98+00:00","null"
"L02-5157","L02","구월홈플러스3거리","37.452275","126.701414","5157","","","","{}","","-1","1;1;1;1;1;2;3","2026-06-23T22:43:08.381365+00:00","2026-06-23T22:43:05.98+00:00","null"
"L02-5158","L02","유진레미콘3거리","37.386287","126.711206","5158","","","","{}","","-1","1;1;1;1;1;2;3","2026-06-23T22:43:08.381365+00:00","2026-06-23T22:43:05.98+00:00","null"
"L02-5159","L02","장수주공정문","37.450492","126.749663","5159","","","","{}","","-1","1;1;1;1;1;2;3","2026-06-23T22:43:08.381365+00:00","2026-06-23T22:43:05.98+00:00","null"
"L02-5160","L02","새말초교3거리","37.460475","126.733799","5160","","","","{}","","-1","1;1;1;1;1;2;3","2026-06-23T22:43:08.381365+00:00","2026-06-23T22:43:05.98+00:00","null"
"L02-5161","L02","부평가족공원4거리","37.476368","126.712679","5161","","","","{}","","-1","1;1;1;1;1;2;3","2026-06-23T22:43:08.381365+00:00","2026-06-23T22:43:05.98+00:00","null"
"L02-5162","L02","만수3지구입구","37.443438","126.732155","5162","","","","{}","","-1","1;1;1;1;1;2;3","2026-06-23T22:43:08.381365+00:00","2026-06-23T22:43:05.98+00:00","null"
"L02-5163","L02","담방마을4거리","37.439587","126.732137","5163","","","","{}","","-1","1;1;1;1;1;2;3","2026-06-23T22:43:08.381365+00:00","2026-06-23T22:43:05.98+00:00","null"
"L02-5164","L02","연수교4거리","37.416474","126.696312","5164","","","","{}","","-1","1;1;1;1;1;2;3","2026-06-23T22:43:08.381365+00:00","2026-06-23T22:43:05.98+00:00","null"
"L02-5165","L02","동녘방죽3거리","37.412064","126.738784","5165","","","","{}","","-1","1;1;1;1;1;2;3","2026-06-23T22:43:08.381365+00:00","2026-06-23T22:43:05.98+00:00","null"
"L02-5166","L02","솔바람공원4","37.460019","126.700893","5166","","","","{}","","-1","1;1;1;1;1;2;3","2026-06-23T22:43:08.381365+00:00","2026-06-23T22:43:05.98+00:00","null"
"L02-5167","L02","시청역서측4거리","37.45686","126.700588","5167","","","","{}","","-1","1;1;1;1;1;2;3","2026-06-23T22:43:08.381365+00:00","2026-06-23T22:43:05.98+00:00","null"
"L02-5168","L02","건설회관3거리","37.452061","126.699959","5168","","","","{}","","-1","1;1;1;1;1;2;3","2026-06-23T22:43:08.381365+00:00","2026-06-23T22:43:05.98+00:00","null"
"L02-5169","L02","담방초교","37.439558","126.737293","5169","","","","{}","","-1","1;1;1;1;1;2;3","2026-06-23T22:43:08.381365+00:00","2026-06-23T22:43:05.98+00:00","null"
"L02-5170","L02","서창소방3거리","37.439537","126.738901","5170","","","","{}","","-1","1;1;1;1;1;2;3","2026-06-23T22:43:08.381365+00:00","2026-06-23T22:43:05.98+00:00","null"
"L02-5171","L02","만수한국A4거리","37.44157","126.738739","5171","","","","{}","","-1","1;1;1;1;1;2;3","2026-06-23T22:43:08.381365+00:00","2026-06-23T22:43:05.98+00:00","null"
"L02-5172","L02","담방로4거리","37.443474","126.738766","5172","","","","{}","","-1","1;1;1;1;1;2;3","2026-06-23T22:43:08.381365+00:00","2026-06-23T22:43:05.98+00:00","null"
"L02-5173","L02","만수체육공원","37.443438","126.733682","5173","","","","{}","","-1","1;1;1;1;1;2;3","2026-06-23T22:43:08.381365+00:00","2026-06-23T22:43:05.98+00:00","null"
"L02-5174","L02","남동초교4거리","37.443431","126.735991","5174","","","","{}","","-1","1;1;1;1;1;2;3","2026-06-23T22:43:08.381365+00:00","2026-06-23T22:43:05.98+00:00","null"
"L02-5175","L02","남동경기장삼거리","37.436028","126.732308","5175","","","","{}","","-1","1;1;1;1;1;2;3","2026-06-23T22:43:08.381365+00:00","2026-06-23T22:43:05.98+00:00","null"
"L02-5176","L02","남동경기장중문","37.436056","126.734374","5176","","","","{}","","-1","1;1;1;1;1;2;3","2026-06-23T22:43:08.381365+00:00","2026-06-23T22:43:05.98+00:00","null"
"L02-5177","L02","호구포육교4거리","37.404772","126.711251","5177","","","","{}","","-1","1;1;1;1;1;2;3","2026-06-23T22:43:08.381365+00:00","2026-06-23T22:43:05.98+00:00","null"
"L02-5178","L02","논현2주민센터3거리","37.404394","126.715949","5178","","","","{}","","-1","1;1;1;1;1;2;3","2026-06-23T22:43:08.381365+00:00","2026-06-23T22:43:05.98+00:00","null"
"L02-5179","L02","한누리학교4거리","37.402017","126.716551","5179","","","","{}","","-1","1;1;1;1;1;2;3","2026-06-23T22:43:08.381365+00:00","2026-06-23T22:43:05.98+00:00","null"
"L02-5180","L02","논현변전소4거리","37.399691","126.71709","5180","","","","{}","","-1","1;1;1;1;1;2;3","2026-06-23T22:43:08.381365+00:00","2026-06-23T22:43:05.98+00:00","null"
"L02-5181","L02","남동타워4거리","37.397286","126.716102","5181","","","","{}","","-1","1;1;1;1;1;2;3","2026-06-23T22:43:08.381365+00:00","2026-06-23T22:43:05.98+00:00","null"
"L02-5182","L02","동방중4거리","37.404957","126.719785","5182","","","","{}","","-1","1;1;1;1;1;2;3","2026-06-23T22:43:08.381365+00:00","2026-06-23T22:43:05.98+00:00","null"
"L02-5183","L02","동방초교4거리","37.402645","126.720486","5183","","","","{}","","-1","1;1;1;1;1;2;3","2026-06-23T22:43:08.381365+00:00","2026-06-23T22:43:05.98+00:00","null"
"L02-5184","L02","논현역입구3거리","37.401618","126.720791","5184","","","","{}","","-1","1;1;1;1;1;2;3","2026-06-23T22:43:08.381365+00:00","2026-06-23T22:43:05.98+00:00","null"
"L02-5185","L02","오봉공원입구4거리","37.407804","126.72292","5185","","","","{}","","-1","1;1;1;1;1;2;3","2026-06-23T22:43:08.381365+00:00","2026-06-23T22:43:05.98+00:00","null"
"L02-5186","L02","논현4거리","37.405635","126.723549","5186","","","","{}","","-1","1;1;1;1;1;2;3","2026-06-23T22:43:08.381365+00:00","2026-06-23T22:43:05.98+00:00","null"
"L02-5187","L02","논현앞골4거리","37.40398","126.723971","5187","","","","{}","","-1","1;1;1;1;1;2;3","2026-06-23T22:43:08.381365+00:00","2026-06-23T22:43:05.98+00:00","null"
"L02-5188","L02","논현역4거리","37.40094","126.724393","5188","","","","{}","","-1","1;1;1;1;1;2;3","2026-06-23T22:43:08.381365+00:00","2026-06-23T22:43:05.98+00:00","null"
"L02-5189","L02","논현1주민센터","37.40687","126.728723","5189","","","","{}","","-1","1;1;1;1;1;2;3","2026-06-23T22:43:08.381365+00:00","2026-06-23T22:43:05.98+00:00","null"
"L02-5190","L02","논현초4거리","37.405228","126.730188","5190","","","","{}","","-1","1;1;1;1;1;2;3","2026-06-23T22:43:08.381365+00:00","2026-06-23T22:43:05.98+00:00","null"
"L02-5191","L02","논현신영4거리","37.403551","126.731571","5191","","","","{}","","-1","1;1;1;1;1;2;3","2026-06-23T22:43:08.381365+00:00","2026-06-23T22:43:05.98+00:00","null"
"L02-5192","L02","소래역4거리","37.401767","126.733251","5192","","","","{}","","-1","1;1;1;1;1;2;3","2026-06-23T22:43:08.381365+00:00","2026-06-23T22:43:05.98+00:00","null"
"L02-5193","L02","호구포고개","37.407077","126.712077","5193","","","","{}","","-1","1;1;1;1;1;2;3","2026-06-23T22:43:08.381365+00:00","2026-06-23T22:43:05.98+00:00","null"
"L02-5194","L02","가오산방죽3거리","37.402645","126.735272","5194","","","","{}","","-1","1;1;1;1;1;2;3","2026-06-23T22:43:08.381365+00:00","2026-06-23T22:43:05.98+00:00","null"
"L02-5195","L02","논현중3거리","37.408718","126.731876","5195","","","","{}","","-1","1;1;1;1;1;2;3","2026-06-23T22:43:08.381365+00:00","2026-06-23T22:43:05.98+00:00","null"
"L02-5196","L02","장도초3거리","37.407069","126.733305","5196","","","","{}","","-1","1;1;1;1;1;2;3","2026-06-23T22:43:08.381365+00:00","2026-06-23T22:43:05.98+00:00","null"
"L02-5197","L02","소래초교4거리","37.405607","126.735371","5197","","","","{}","","-1","1;1;1;1;1;2;3","2026-06-23T22:43:08.381365+00:00","2026-06-23T22:43:05.98+00:00","null"
"L02-5198","L02","논현역상가","37.401932","126.722678","5198","","","","{}","","-1","1;1;1;1;1;2;3","2026-06-23T22:43:08.381365+00:00","2026-06-23T22:43:05.98+00:00","null"
"L02-5199","L02","소래나들목3거리","37.407833","126.739296","5199","","","","{}","","-1","1;1;1;1;1;2;3","2026-06-23T22:43:08.381365+00:00","2026-06-23T22:43:05.98+00:00","null"
"L02-5200","L02","구월시장4거리","37.452218","126.718968","5200","","","","{}","","-1","1;1;1;1;1;2;3","2026-06-23T22:43:08.381365+00:00","2026-06-23T22:43:05.98+00:00","null"
"L02-5201","L02","모래내시장","37.453986","126.719156","5201","","","","{}","","-1","1;1;1;1;1;2;3","2026-06-23T22:43:08.381365+00:00","2026-06-23T22:43:05.98+00:00","null"
"L02-5202","L02","구월현대북문","37.456603","126.711601","5202","","","","{}","","-1","1;1;1;1;1;2;3","2026-06-23T22:43:08.381365+00:00","2026-06-23T22:43:05.98+00:00","null"
"L02-5203","L02","구월현대남문","37.452824","126.710919","5203","","","","{}","","-1","1;1;1;1;1;2;3","2026-06-23T22:43:08.381365+00:00","2026-06-23T22:43:05.98+00:00","null"
"L02-5204","L02","정각초교후문","37.455284","126.714665","5204","","","","{}","","-1","1;1;1;1;1;2;3","2026-06-23T22:43:08.381365+00:00","2026-06-23T22:43:05.98+00:00","null"
"L02-5205","L02","구월롯대남문","37.452403","126.716713","5205","","","","{}","","-1","1;1;1;1;1;2;3","2026-06-23T22:43:08.381365+00:00","2026-06-23T22:43:05.98+00:00","null"
"L02-5206","L02","구월중앙로4거리","37.452546","126.714422","5206","","","","{}","","-1","1;1;1;1;1;2;3","2026-06-23T22:43:08.381365+00:00","2026-06-23T22:43:05.98+00:00","null"
"L02-5207","L02","북두4거리","37.400897","126.697552","5207","","","","{}","","-1","1;1;1;1;1;2;3","2026-06-23T22:43:08.381365+00:00","2026-06-23T22:43:05.98+00:00","null"
"L02-5208","L02","건양기업3","37.39892","126.702403","5208","","","","{}","","-1","1;1;1;1;1;2;3","2026-06-23T22:43:08.381365+00:00","2026-06-23T22:43:05.98+00:00","null"
"L02-5209","L02","다산길4거리","37.398863","126.704747","5209","","","","{}","","-1","1;1;1;1;1;2;3","2026-06-23T22:43:08.381365+00:00","2026-06-23T22:43:05.98+00:00","null"
"L02-5210","L02","너른들공원4","37.406741","126.736889","5210","","","","{}","","-1","1;1;1;1;1;2;3","2026-06-23T22:43:08.381365+00:00","2026-06-23T22:43:05.98+00:00","null"
"L02-5211","L02","철거_시청광장입구3거리","37.452089","126.704729","5211","","","","{}","","-1","1;1;1;1;1;2;3","2026-06-23T22:43:08.381365+00:00","2026-06-23T22:43:05.98+00:00","null"
"L02-5212","L02","간석레미안서문","37.458664","126.708574","5212","","","","{}","","-1","1;1;1;1;1;2;3","2026-06-23T22:43:08.381365+00:00","2026-06-23T22:43:05.98+00:00","null"
"L02-5213","L02","간석레미안북문입구","37.460554","126.710874","5213","","","","{}","","-1","1;1;1;1;1;2;3","2026-06-23T22:43:08.381365+00:00","2026-06-23T22:43:05.98+00:00","null"
"L02-5214","L02","간석지구대","37.460653","126.712491","5214","","","","{}","","-1","1;1;1;1;1;2;3","2026-06-23T22:43:08.381365+00:00","2026-06-23T22:43:05.98+00:00","null"
"L02-5215","L02","사리골4거리","37.401867","126.695611","5215","","","","{}","","-1","1;1;1;1;1;2;3","2026-06-23T22:43:08.381365+00:00","2026-06-23T22:43:05.98+00:00","null"
"L02-5216","L02","안말4거리","37.397207","126.692225","5216","","","","{}","","-1","1;1;1;1;1;2;3","2026-06-23T22:43:08.381365+00:00","2026-06-23T22:43:05.98+00:00","null"
"L02-5217","L02","호구포역4거리","37.402774","126.71011","5217","","","","{}","","-1","1;1;1;1;1;2;3","2026-06-23T22:43:08.381365+00:00","2026-06-23T22:43:05.98+00:00","null"
"L02-5218","L02","논현하늘남서문","37.402203","126.711494","5218","","","","{}","","-1","1;1;1;1;1;2;3","2026-06-23T22:43:08.381365+00:00","2026-06-23T22:43:05.98+00:00","null"
"L02-5219","L02","LH공사입구3거리","37.401846","126.713209","5219","","","","{}","","-1","1;1;1;1;1;2;3","2026-06-23T22:43:08.381365+00:00","2026-06-23T22:43:05.98+00:00","null"
"L02-5220","L02","하늘마을남동문","37.401739","126.71444","5220","","","","{}","","-1","1;1;1;1;1;2;3","2026-06-23T22:43:08.381365+00:00","2026-06-23T22:43:05.98+00:00","null"
"L02-5221","L02","논현포대4거리","37.405749","126.708385","5221","","","","{}","","-1","1;1;1;1;1;2;3","2026-06-23T22:43:08.381365+00:00","2026-06-23T22:43:05.98+00:00","null"
"L02-5222","L02","범마을남문","37.403551","126.708439","5222","","","","{}","","-1","1;1;1;1;1;2;3","2026-06-23T22:43:08.381365+00:00","2026-06-23T22:43:05.98+00:00","null"
"L02-5223","L02","논현어진북문","37.402331","126.718554","5223","","","","{}","","-1","1;1;1;1;1;2;3","2026-06-23T22:43:08.381365+00:00","2026-06-23T22:43:05.98+00:00","null"
"L02-5224","L02","새예지유치원","37.453801","126.714584","5224","","","","{}","","-1","1;1;1;1;1;2;3","2026-06-23T22:43:08.381365+00:00","2026-06-23T22:43:05.98+00:00","null"
"L02-5225","L02","간석현대입구","37.467605","126.692602","5225","","","","{}","","-1","1;1;1;1;1;2;3","2026-06-23T22:43:08.381365+00:00","2026-06-23T22:43:05.98+00:00","null"
"L02-5226","L02","유니벨르(주)","37.401489","126.683134","5226","","","","{}","","-1","1;1;1;1;1;2;3","2026-06-23T22:43:08.381365+00:00","2026-06-23T22:43:05.98+00:00","null"
"L02-5227","L02","코스프(주)","37.398735","126.688748","5227","","","","{}","","-1","1;1;1;1;1;2;3","2026-06-23T22:43:08.381365+00:00","2026-06-23T22:43:05.98+00:00","null"
"L02-5228","L02","동원판넬","37.396272","126.694183","5228","","","","{}","","-1","1;1;1;1;1;2;3","2026-06-23T22:43:08.381365+00:00","2026-06-23T22:43:05.98+00:00","null"
"L02-5229","L02","창원(주)","37.39396","126.69889","5229","","","","{}","","-1","1;1;1;1;1;2;3","2026-06-23T22:43:08.381365+00:00","2026-06-23T22:43:05.98+00:00","null"
"L02-5230","L02","에스아이테크","37.393282","126.700516","5230","","","","{}","","-1","1;1;1;1;1;2;3","2026-06-23T22:43:08.381365+00:00","2026-06-23T22:43:05.98+00:00","null"
"L02-5231","L02","아성강업","37.391812","126.703633","5231","","","","{}","","-1","1;1;1;1;1;2;3","2026-06-23T22:43:08.381365+00:00","2026-06-23T22:43:05.98+00:00","null"
"L02-5232","L02","영림임업","37.390284","126.706822","5232","","","","{}","","-1","1;1;1;1;1;2;3","2026-06-23T22:43:08.381365+00:00","2026-06-23T22:43:05.98+00:00","null"
"L02-5233","L02","신신기전","37.389828","126.709392","5233","","","","{}","","-1","1;1;1;1;1;2;3","2026-06-23T22:43:08.381365+00:00","2026-06-23T22:43:05.98+00:00","null"
"L02-5234","L02","소래5단지북문","37.398806","126.730053","5234","","","","{}","","-1","1;1;1;1;1;2;3","2026-06-23T22:43:08.381365+00:00","2026-06-23T22:43:05.98+00:00","null"
"L02-5235","L02","오봉생태공원","37.409438","126.723405","5235","","","","{}","","-1","1;1;1;1;1;2;3","2026-06-23T22:43:08.381365+00:00","2026-06-23T22:43:05.98+00:00","null"
"L02-5236","L02","송천고입구","37.396251","126.722552","5236","","","","{}","","-1","1;1;1;1;1;2;3","2026-06-23T22:43:08.381365+00:00","2026-06-23T22:43:05.98+00:00","null"
"L02-5237","L02","소래역삼거리","37.401147","126.734392","5237","","","","{}","","-1","1;1;1;1;1;2;3","2026-06-23T22:43:08.381365+00:00","2026-06-23T22:43:05.98+00:00","null"
"L02-5238","L02","소래역어시장3거리","37.398934","126.736296","5238","","","","{}","","-1","1;1;1;1;1;2;3","2026-06-23T22:43:08.381365+00:00","2026-06-23T22:43:05.98+00:00","null"
"L02-5239","L02","오공본드사거리","37.403123","126.703076","5239","","","","{}","","-1","1;1;1;1;1;2;3","2026-06-23T22:43:08.381365+00:00","2026-06-23T22:43:05.98+00:00","null"
"L02-5240","L02","소래역주차장3","37.399869","126.735479","5240","","","","{}","","-1","1;1;1;1;1;2;3","2026-06-23T22:43:08.381365+00:00","2026-06-23T22:43:05.98+00:00","null"
"L02-5241","L02","논현유수지공원4거리","37.407141","126.705475","5241","","","","{}","","-1","1;1;1;1;1;2;3","2026-06-23T22:43:08.381365+00:00","2026-06-23T22:43:05.98+00:00","null"
"L02-5242","L02","보루네오입구삼거리","37.395223","126.713802","5242","","","","{}","","-1","1;1;1;1;1;2;3","2026-06-23T22:43:08.381365+00:00","2026-06-23T22:43:05.98+00:00","null"
"L02-5243","L02","성진레미콘","37.395951","126.714781","5243","","","","{}","","-1","1;1;1;1;1;2;3","2026-06-23T22:43:08.381365+00:00","2026-06-23T22:43:05.98+00:00","null"
"L02-5244","L02","오성주유소","37.392911","126.713102","5244","","","","{}","","-1","1;1;1;1;1;2;3","2026-06-23T22:43:08.381365+00:00","2026-06-23T22:43:05.98+00:00","null"
"L02-5245","L02","소래도서관","37.392732","126.723253","5245","","","","{}","","-1","1;1;1;1;1;2;3","2026-06-23T22:43:08.381365+00:00","2026-06-23T22:43:05.98+00:00","null"
"L02-5246","L02","괴하4거리","37.394431","126.725211","5246","","","","{}","","-1","1;1;1;1;1;2;3","2026-06-23T22:43:08.381365+00:00","2026-06-23T22:43:05.98+00:00","null"
"L02-5247","L02","에코공원4거리","37.397421","126.728472","5247","","","","{}","","-1","1;1;1;1;1;2;3","2026-06-23T22:43:08.381365+00:00","2026-06-23T22:43:05.98+00:00","null"
"L02-5248","L02","괴하삼거리","37.40009","126.731454","5248","","","","{}","","-1","1;1;1;1;1;2;3","2026-06-23T22:43:08.381365+00:00","2026-06-23T22:43:05.98+00:00","null"
"L02-5249","L02","고잔초교4거리","37.392904","126.727385","5249","","","","{}","","-1","1;1;1;1;1;2;3","2026-06-23T22:43:08.381365+00:00","2026-06-23T22:43:05.98+00:00","null"
"L02-5250","L02","고잔중3거리","37.395809","126.730583","5250","","","","{}","","-1","1;1;1;1;1;2;3","2026-06-23T22:43:08.381365+00:00","2026-06-23T22:43:05.98+00:00","null"
"L02-5251","L02","한화교3거리","37.386238","126.725606","5251","","","","{}","","-1","1;1;1;1;1;2;3","2026-06-23T22:43:08.381365+00:00","2026-06-23T22:43:05.98+00:00","null"
"L02-5252","L02","한화염전3거리","37.391005","126.730107","5252","","","","{}","","-1","1;1;1;1;1;2;3","2026-06-23T22:43:08.381365+00:00","2026-06-23T22:43:05.98+00:00","null"
"L02-5253","L02","소래초소3거리","37.394167","126.733134","5253","","","","{}","","-1","1;1;1;1;1;2;3","2026-06-23T22:43:08.381365+00:00","2026-06-23T22:43:05.98+00:00","null"
"L02-5254","L02","염전저수지3거리","37.396958","126.736018","5254","","","","{}","","-1","1;1;1;1;1;2;3","2026-06-23T22:43:08.381365+00:00","2026-06-23T22:43:05.98+00:00","null"
"L02-5255","L02","주적골삼거리","37.420861","126.737257","5255","","","","{}","","-1","1;1;1;1;1;2;3","2026-06-23T22:43:08.381365+00:00","2026-06-23T22:43:05.98+00:00","null"
"L02-5256","L02","가오산고개","37.401582","126.727502","5256","","","","{}","","-1","1;1;1;1;1;2;3","2026-06-23T22:43:08.381365+00:00","2026-06-23T22:43:05.98+00:00","null"
"L02-5257","L02","가오산방죽사거리","37.402588","126.732415","5257","","","","{}","","-1","1;1;1;1;1;2;3","2026-06-23T22:43:08.381365+00:00","2026-06-23T22:43:05.98+00:00","null"
"L02-5258","L02","소래초교입구","37.404665","126.733646","5258","","","","{}","","-1","1;1;1;1;1;2;3","2026-06-23T22:43:08.381365+00:00","2026-06-23T22:43:05.98+00:00","null"
"L02-5259","L02","면허시험장삼거리","37.383211","126.710281","5259","","","","{}","","-1","1;1;1;1;1;2;3","2026-06-23T22:43:08.381365+00:00","2026-06-23T22:43:05.98+00:00","null"
"L02-5260","L02","고잔지구입구3거리","37.398164","126.727358","5260","","","","{}","","-1","1;1;1;1;1;2;3","2026-06-23T22:43:08.381365+00:00","2026-06-23T22:43:05.98+00:00","null"
"L02-5261","L02","고잔상가입구","37.398949","126.726298","5261","","","","{}","","-1","1;1;1;1;1;2;3","2026-06-23T22:43:08.381365+00:00","2026-06-23T22:43:05.98+00:00","null"
"L02-5262","L02","만수정광3거리","37.463135","126.739746","5262","","","","{}","","-1","1;1;1;1;1;2;3","2026-06-23T22:43:08.381365+00:00","2026-06-23T22:43:05.98+00:00","null"
"L02-5263","L02","소래논현1교차로","37.385945","126.714108","5263","","","","{}","","-1","1;1;1;1;1;2;3","2026-06-23T22:43:08.381365+00:00","2026-06-23T22:43:05.98+00:00","null"
"L02-5264","L02","소래논현2교차로","37.385559","126.718465","5264","","","","{}","","-1","1;1;1;1;1;2;3","2026-06-23T22:43:08.381365+00:00","2026-06-23T22:43:05.98+00:00","null"
"L02-5265","L02","사리울중3거리","37.386395","126.720288","5265","","","","{}","","-1","1;1;1;1;1;2;3","2026-06-23T22:43:08.381365+00:00","2026-06-23T22:43:05.98+00:00","null"
"L02-5266","L02","소래한화09서문","37.385581","126.721402","5266","","","","{}","","-1","1;1;1;1;1;2;3","2026-06-23T22:43:08.381365+00:00","2026-06-23T22:43:05.98+00:00","null"
"L02-5267","L02","고잔고3거리","37.388414","126.722507","5267","","","","{}","","-1","1;1;1;1;1;2;3","2026-06-23T22:43:08.381365+00:00","2026-06-23T22:43:05.98+00:00","null"
"L02-5268","L02","미추홀외고4거리","37.390192","126.724429","5268","","","","{}","","-1","1;1;1;1;1;2;3","2026-06-23T22:43:08.381365+00:00","2026-06-23T22:43:05.98+00:00","null"
"L02-5269","L02","소래한화07남문","37.391862","126.726217","5269","","","","{}","","-1","1;1;1;1;1;2;3","2026-06-23T22:43:08.381365+00:00","2026-06-23T22:43:05.98+00:00","null"
"L02-5270","L02","고잔유치원","37.397172","126.721932","5270","","","","{}","","-1","1;1;1;1;1;2;3","2026-06-23T22:43:08.381365+00:00","2026-06-23T22:43:05.98+00:00","null"
"L02-5271","L02","송천초교","37.39558","126.723558","5271","","","","{}","","-1","1;1;1;1;1;2;3","2026-06-23T22:43:08.381365+00:00","2026-06-23T22:43:05.98+00:00","null"
"L02-5272","L02","소래7단지동문","37.393767","126.726073","5272","","","","{}","","-1","1;1;1;1;1;2;3","2026-06-23T22:43:08.381365+00:00","2026-06-23T22:43:05.98+00:00","null"
"L02-5273","L02","소래한화10동문","37.391526","126.729388","5273","","","","{}","","-1","1;1;1;1;1;2;3","2026-06-23T22:43:08.381365+00:00","2026-06-23T22:43:05.98+00:00","null"
"L02-5274","L02","프라임유치원","37.393896","126.728508","5274","","","","{}","","-1","1;1;1;1;1;2;3","2026-06-23T22:43:08.381365+00:00","2026-06-23T22:43:05.98+00:00","null"
"L02-5275","L02","소래한화05동문","37.399255","126.732604","5275","","","","{}","","-1","1;1;1;1;1;2;3","2026-06-23T22:43:08.381365+00:00","2026-06-23T22:43:05.98+00:00","null"
"L02-5276","L02","소래한화12동문","37.397785","126.73467","5276","","","","{}","","-1","1;1;1;1;1;2;3","2026-06-23T22:43:08.381365+00:00","2026-06-23T22:43:05.98+00:00","null"
"L02-5277","L02","소래철교3거리","37.39775","126.737383","5277","","","","{}","","-1","1;1;1;1;1;2;3","2026-06-23T22:43:08.381365+00:00","2026-06-23T22:43:05.98+00:00","null"
"L02-5278","L02","LH주차장입구","37.401154","126.710685","5278","","","","{}","","-1","1;1;1;1;1;2;3","2026-06-23T22:43:08.381365+00:00","2026-06-23T22:43:05.98+00:00","null"
"L02-5279","L02","소래풍림남문","37.404015","126.738883","5279","","","","{}","","-1","1;1;1;1;1;2;3","2026-06-23T22:43:08.381365+00:00","2026-06-23T22:43:05.98+00:00","null"
"L02-5280","L02","장도로사거리","37.403102","126.736431","5280","","","","{}","","-1","1;1;1;1;1;2;3","2026-06-23T22:43:08.381365+00:00","2026-06-23T22:43:05.98+00:00","null"
"L02-5281","L02","갈뫼입구","37.391562","126.72204","5281","","","","{}","","-1","1;1;1;1;1;2;3","2026-06-23T22:43:08.381365+00:00","2026-06-23T22:43:05.98+00:00","null"
"L02-5282","L02","만수북초교4거리","37.460596","126.728876","5282","","","","{}","","-1","1;1;1;1;1;2;3","2026-06-23T22:43:08.381365+00:00","2026-06-23T22:43:05.98+00:00","null"
"L02-5283","L02","향촌주공2단지","37.461545","126.730152","5283","","","","{}","","-1","1;1;1;1;1;2;3","2026-06-23T22:43:08.381365+00:00","2026-06-23T22:43:05.98+00:00","null"
"L02-5284","L02","향촌주공1단지","37.461687","126.732361","5284","","","","{}","","-1","1;1;1;1;1;2;3","2026-06-23T22:43:08.381365+00:00","2026-06-23T22:43:05.98+00:00","null"
"L02-5285","L02","향촌4거리","37.46173","126.735613","5285","","","","{}","","-1","1;1;1;1;1;2;3","2026-06-23T22:43:08.381365+00:00","2026-06-23T22:43:05.98+00:00","null"
"L02-5286","L02","동원베네스트","37.400569","126.710335","5286","","","","{}","","-1","1;1;1;1;1;2;3","2026-06-23T22:43:08.381365+00:00","2026-06-23T22:43:05.98+00:00","null"
"L02-5287","L02","향촌3거리","37.461766","126.73476","5287","","","","{}","","-1","1;1;1;1;1;2;3","2026-06-23T22:43:08.381365+00:00","2026-06-23T22:43:05.98+00:00","null"
"L02-5288","L02","동녘마을입구","37.413563","126.738542","5288","","","","{}","","-1","1;1;1;1;1;2;3","2026-06-23T22:43:08.381365+00:00","2026-06-23T22:43:05.98+00:00","null"
"L02-5289","L02","학성스포렉스","37.394495","126.713497","5289","","","","{}","","-1","1;1;1;1;1;2;3","2026-06-23T22:43:08.381365+00:00","2026-06-23T22:43:05.98+00:00","null"
"L02-5290","L02","호구포역","37.401254","126.709068","5290","","","","{}","","-1","1;1;1;1;1;2;3","2026-06-23T22:43:08.381365+00:00","2026-06-23T22:43:05.98+00:00","null"
"L02-5291","L02","가온공원","37.404722","126.718177","5291","","","","{}","","-1","1;1;1;1;1;2;3","2026-06-23T22:43:08.381365+00:00","2026-06-23T22:43:05.98+00:00","null"
"L02-5292","L02","소래신협4거리","37.400925","126.738811","5292","","","","{}","","-1","1;1;1;1;1;2;3","2026-06-23T22:43:08.381365+00:00","2026-06-23T22:43:05.98+00:00","null"
"L02-5293","L02","소래유호4거리","37.402388","126.73803","5293","","","","{}","","-1","1;1;1;1;1;2;3","2026-06-23T22:43:08.381365+00:00","2026-06-23T22:43:05.98+00:00","null"
"L02-5294","L02","구월가구상가","37.445557","126.699106","5294","","","","{}","","-1","1;1;1;1;1;2;3","2026-06-23T22:43:08.381365+00:00","2026-06-23T22:43:05.98+00:00","null"
"L02-5295","L02","소래더타워동문","37.399534","126.734616","5295","","","","{}","","-1","1;1;1;1;1;2;3","2026-06-23T22:43:08.381365+00:00","2026-06-23T22:43:05.98+00:00","null"
"L02-5296","L02","남동경기장북문","37.439601","126.734329","5296","","","","{}","","-1","1;1;1;1;1;2;3","2026-06-23T22:43:08.381365+00:00","2026-06-23T22:43:05.98+00:00","null"
"L02-5297","L02","세일전자","37.413242","126.696168","5297","","","","{}","","-1","1;1;1;1;1;2;3","2026-06-23T22:43:08.381365+00:00","2026-06-23T22:43:05.98+00:00","null"
"L02-5298","L02","남동공구상가3거리","37.408946","126.694021","5298","","","","{}","","-1","1;1;1;1;1;2;3","2026-06-23T22:43:08.381365+00:00","2026-06-23T22:43:05.98+00:00","null"
"L02-5299","L02","남동역북4거리","37.407854","126.696132","5299","","","","{}","","-1","1;1;1;1;1;2;3","2026-06-23T22:43:08.381365+00:00","2026-06-23T22:43:05.98+00:00","null"
"L02-5300","L02","남동역남4거리","37.406691","126.69527","5300","","","","{}","","-1","1;1;1;1;1;2;3","2026-06-23T22:43:08.381365+00:00","2026-06-23T22:43:05.98+00:00","null"
"L02-5301","L02","구월유치원","37.442918","126.715832","5301","","","","{}","","-1","1;1;1;1;1;2;3","2026-06-23T22:43:08.381365+00:00","2026-06-23T22:43:05.98+00:00","null"
"L02-5302","L02","만월초교정문","37.441698","126.714754","5302","","","","{}","","-1","1;1;1;1;1;2;3","2026-06-23T22:43:08.381365+00:00","2026-06-23T22:43:05.98+00:00","null"
"L02-5303","L02","호암공원","37.404472","126.713057","5303","","","","{}","","-1","1;1;1;1;1;2;3","2026-06-23T22:43:08.381365+00:00","2026-06-23T22:43:05.98+00:00","null"
"L02-5304","L02","만수1동주민센터","37.448459","126.731796","5304","","","","{}","","-1","1;1;1;1;1;2;3","2026-06-23T22:43:08.381365+00:00","2026-06-23T22:43:05.98+00:00","null"
"L02-5305","L02","만수공작입구","37.462928","126.740626","5305","","","","{}","","-1","1;1;1;1;1;2;3","2026-06-23T22:43:08.381365+00:00","2026-06-23T22:43:05.98+00:00","null"
"L02-5306","L02","형제전기","37.40692","126.691533","5306","","","","{}","","-1","1;1;1;1;1;2;3","2026-06-23T22:43:08.381365+00:00","2026-06-23T22:43:05.98+00:00","null"
"L02-5307","L02","후지테크","37.396979","126.705969","5307","","","","{}","","-1","1;1;1;1;1;2;3","2026-06-23T22:43:08.381365+00:00","2026-06-23T22:43:05.98+00:00","null"
"L02-5308","L02","서창화원단지","37.443631","126.747561","5308","","","","{}","","-1","1;1;1;1;1;2;3","2026-06-23T22:43:08.381365+00:00","2026-06-23T22:43:05.98+00:00","null"
"L02-5309","L02","모달들삼거리","37.444915","126.718267","5309","","","","{}","","-1","1;1;1;1;1;2;3","2026-06-23T22:43:08.381365+00:00","2026-06-23T22:43:05.98+00:00","null"
"L02-5310","L02","다락골삼거리","37.442925","126.71797","5310","","","","{}","","-1","1;1;1;1;1;2;3","2026-06-23T22:43:08.381365+00:00","2026-06-23T22:43:05.98+00:00","null"
"L02-5311","L02","선수촌4거리","37.439294","126.717674","5311","","","","{}","","-1","1;1;1;1;1;2;3","2026-06-23T22:43:08.381365+00:00","2026-06-23T22:43:05.98+00:00","null"
"L02-5312","L02","남동우체국","37.402003","126.712347","5312","","","","{}","","-1","1;1;1;1;1;2;3","2026-06-23T22:43:08.381365+00:00","2026-06-23T22:43:05.98+00:00","null"
"L02-5313","L02","남인천세무서","37.442853","126.708233","5313","","","","{}","","-1","1;1;1;1;1;2;3","2026-06-23T22:43:08.381365+00:00","2026-06-23T22:43:05.98+00:00","null"
"L02-5314","L02","구월수림입구(보)","37.442861","126.713497","5314","","","","{}","","-1","1;1;1;1;1;2;3","2026-06-23T22:43:08.381365+00:00","2026-06-23T22:43:05.98+00:00","null"
"L02-5315","L02","구월지구4거리","37.442889","126.714835","5315","","","","{}","","-1","1;1;1;1;1;2;3","2026-06-23T22:43:08.381365+00:00","2026-06-23T22:43:05.98+00:00","null"
"L02-5316","L02","찬우물공원(보)","37.442953","126.71691","5316","","","","{}","","-1","1;1;1;1;1;2;3","2026-06-23T22:43:08.381365+00:00","2026-06-23T22:43:05.98+00:00","null"
"L02-5317","L02","환영의장삼거리","37.44112","126.710092","5317","","","","{}","","-1","1;1;1;1;1;2;3","2026-06-23T22:43:08.381365+00:00","2026-06-23T22:43:05.98+00:00","null"
"L02-5318","L02","만국광장삼거리","37.44035","126.71011","5318","","","","{}","","-1","1;1;1;1;1;2;3","2026-06-23T22:43:08.381365+00:00","2026-06-23T22:43:05.98+00:00","null"
"L02-5319","L02","224역사(보)","37.455006","126.731221","5319","","","","{}","","-1","1;1;1;1;1;2;3","2026-06-23T22:43:08.381365+00:00","2026-06-23T22:43:05.98+00:00","null"
"L02-5320","L02","케이텍삼거리","37.391398","126.68785","5320","","","","{}","","-1","1;1;1;1;1;2;3","2026-06-23T22:43:08.381365+00:00","2026-06-23T22:43:05.98+00:00","null"
"L02-5321","L02","말표산업삼거리","37.39027","126.687023","5321","","","","{}","","-1","1;1;1;1;1;2;3","2026-06-23T22:43:08.381365+00:00","2026-06-23T22:43:05.98+00:00","null"
"L02-5322","L02","서창도서관3거리","37.436812","126.747076","5322","","","","{}","","-1","1;1;1;1;1;2;3","2026-06-23T22:43:08.381365+00:00","2026-06-23T22:43:05.98+00:00","null"
"L02-5323","L02","조곡3거리","37.435742","126.744399","5323","","","","{}","","-1","1;1;1;1;1;2;3","2026-06-23T22:43:08.381365+00:00","2026-06-23T22:43:05.98+00:00","null"
"L02-5324","L02","설내입구","37.434351","126.746501","5324","","","","{}","","-1","1;1;1;1;1;2;3","2026-06-23T22:43:08.381365+00:00","2026-06-23T22:43:05.98+00:00","null"
"L02-5325","L02","송도4교입구(보)","37.393646","126.689476","5325","","","","{}","","-1","1;1;1;1;1;2;3","2026-06-23T22:43:08.381365+00:00","2026-06-23T22:43:05.98+00:00","null"
"L02-5326","L02","남동초교 앞","37.444644","126.735982","5326","","","","{}","","-1","1;1;1;1;1;2;3","2026-06-23T22:43:08.381365+00:00","2026-06-23T22:43:05.98+00:00","null"
"L02-5327","L02","부일여중 앞","37.48505","126.720028","5327","","","","{}","","-1","1;1;1;1;1;2;3","2026-06-23T22:43:08.381365+00:00","2026-06-23T22:43:05.98+00:00","null"
"L02-5328","L02","서창중로 SC03","37.438018","126.753346","5328","","","","{}","","-1","1;1;1;1;1;2;3","2026-06-23T22:43:08.381365+00:00","2026-06-23T22:43:05.98+00:00","null"
"L02-5329","L02","서창중로 SC04","37.43821","126.755772","5329","","","","{}","","-1","1;1;1;1;1;2;3","2026-06-23T22:43:08.381365+00:00","2026-06-23T22:43:05.98+00:00","null"
"L02-5330","L02","운연역","37.438317","126.758907","5330","","","","{}","","-1","1;1;1;1;1;2;3","2026-06-23T22:43:08.381365+00:00","2026-06-23T22:43:05.98+00:00","null"
"L02-5331","L02","운연차량기지","37.43816","126.760245","5331","","","","{}","","-1","1;1;1;1;1;2;3","2026-06-23T22:43:08.381365+00:00","2026-06-23T22:43:05.98+00:00","null"
"L02-5332","L02","도림방죽3거리","37.42649","126.73485","5332","","","","{}","","-1","1;1;1;1;1;2;3","2026-06-23T22:43:08.381365+00:00","2026-06-23T22:43:05.98+00:00","null"
"L02-5333","L02","논고개길D","37.424322","126.733233","5333","","","","{}","","-1","1;1;1;1;1;2;3","2026-06-23T22:43:08.381365+00:00","2026-06-23T22:43:05.98+00:00","null"
"L02-5334","L02","논고개길F","37.422859","126.732748","5334","","","","{}","","-1","1;1;1;1;1;2;3","2026-06-23T22:43:08.381365+00:00","2026-06-23T22:43:05.98+00:00","null"
"L02-5335","L02","반디유치원3거리","37.429522","126.744156","5335","","","","{}","","-1","1;1;1;1;1;2;3","2026-06-23T22:43:08.381365+00:00","2026-06-23T22:43:05.98+00:00","null"
"L02-5336","L02","장서초교입구","37.4297","126.746016","5336","","","","{}","","-1","1;1;1;1;1;2;3","2026-06-23T22:43:08.381365+00:00","2026-06-23T22:43:05.98+00:00","null"
"L02-5337","L02","장서4거리","37.429979","126.747247","5337","","","","{}","","-1","1;1;1;1;1;2;3","2026-06-23T22:43:08.381365+00:00","2026-06-23T22:43:05.98+00:00","null"
"L02-5338","L02","서창4단지입구","37.430221","126.748846","5338","","","","{}","","-1","1;1;1;1;1;2;3","2026-06-23T22:43:08.381365+00:00","2026-06-23T22:43:05.98+00:00","null"
"L02-5339","L02","에듀피아3거리","37.429872","126.750274","5339","","","","{}","","-1","1;1;1;1;1;2;3","2026-06-23T22:43:08.381365+00:00","2026-06-23T22:43:05.98+00:00","null"
"L02-5340","L02","서창5단지입구","37.42883","126.750867","5340","","","","{}","","-1","1;1;1;1;1;2;3","2026-06-23T22:43:08.381365+00:00","2026-06-23T22:43:05.98+00:00","null"
"L02-5341","L02","서창사업소입구","37.42801","126.751118","5341","","","","{}","","-1","1;1;1;1;1;2;3","2026-06-23T22:43:08.381365+00:00","2026-06-23T22:43:05.98+00:00","null"
"L02-5342","L02","만월중입구","37.426562","126.751415","5342","","","","{}","","-1","1;1;1;1;1;2;3","2026-06-23T22:43:08.381365+00:00","2026-06-23T22:43:05.98+00:00","null"
"L02-5343","L02","서창10단지입구","37.424956","126.750984","5343","","","","{}","","-1","1;1;1;1;1;2;3","2026-06-23T22:43:08.381365+00:00","2026-06-23T22:43:05.98+00:00","null"
"L02-5344","L02","한빛초교정문","37.424008","126.743402","5344","","","","{}","","-1","1;1;1;1;1;2;3","2026-06-23T22:43:08.381365+00:00","2026-06-23T22:43:05.98+00:00","null"
"L02-5345","L02","한빛초교3거리","37.423266","126.743743","5345","","","","{}","","-1","1;1;1;1;1;2;3","2026-06-23T22:43:08.381365+00:00","2026-06-23T22:43:05.98+00:00","null"
"L02-5346","L02","서창7단지입구","37.423473","126.744534","5346","","","","{}","","-1","1;1;1;1;1;2;3","2026-06-23T22:43:08.381365+00:00","2026-06-23T22:43:05.98+00:00","null"
"L02-5347","L02","서창2단지입구","37.428687","126.744462","5347","","","","{}","","-1","1;1;1;1;1;2;3","2026-06-23T22:43:08.381365+00:00","2026-06-23T22:43:05.98+00:00","null"
"L02-5348","L02","어울림공원3거리","37.427938","126.744695","5348","","","","{}","","-1","1;1;1;1;1;2;3","2026-06-23T22:43:08.381365+00:00","2026-06-23T22:43:05.98+00:00","null"
"L02-5349","L02","서창8단지입구","37.424842","126.745153","5349","","","","{}","","-1","1;1;1;1;1;2;3","2026-06-23T22:43:08.381365+00:00","2026-06-23T22:43:05.98+00:00","null"
"L02-5350","L02","한빛4거리","37.423722","126.74545","5350","","","","{}","","-1","1;1;1;1;1;2;3","2026-06-23T22:43:08.381365+00:00","2026-06-23T22:43:05.98+00:00","null"
"L02-5351","L02","서창9단지입구","37.423929","126.746627","5351","","","","{}","","-1","1;1;1;1;1;2;3","2026-06-23T22:43:08.381365+00:00","2026-06-23T22:43:05.98+00:00","null"
"L02-5352","L02","서창문화회관","37.42776","126.747866","5352","","","","{}","","-1","1;1;1;1;1;2;3","2026-06-23T22:43:08.381365+00:00","2026-06-23T22:43:05.98+00:00","null"
"L02-5353","L02","어울공원남측","37.42659","126.748262","5353","","","","{}","","-1","1;1;1;1;1;2;3","2026-06-23T22:43:08.381365+00:00","2026-06-23T22:43:05.98+00:00","null"
"L02-5354","L02","메인프라자(SC34)","37.425748","126.748756","5354","","","","{}","","-1","1;1;1;1;1;2;3","2026-06-23T22:43:08.381365+00:00","2026-06-23T22:43:05.98+00:00","null"
"L02-5355","L02","장아4거리(CS35)","37.424571","126.749798","5355","","","","{}","","-1","1;1;1;1;1;2;3","2026-06-23T22:43:08.381365+00:00","2026-06-23T22:43:05.98+00:00","null"
"L02-5356","L02","진영프라자(SC36)","37.423323","126.750696","5356","","","","{}","","-1","1;1;1;1;1;2;3","2026-06-23T22:43:08.381365+00:00","2026-06-23T22:43:05.98+00:00","null"
"L02-5357","L02","서창11단지입구","37.421461","126.751783","5357","","","","{}","","-1","1;1;1;1;1;2;3","2026-06-23T22:43:08.381365+00:00","2026-06-23T22:43:05.98+00:00","null"
"L02-5358","L02","서창고정문","37.420519","126.752232","5358","","","","{}","","-1","1;1;1;1;1;2;3","2026-06-23T22:43:08.381365+00:00","2026-06-23T22:43:05.98+00:00","null"
"L02-5359","L02","도림1교(보)","37.420947","126.745746","5359","","","","{}","","-1","1;1;1;1;1;2;3","2026-06-23T22:43:08.381365+00:00","2026-06-23T22:43:05.98+00:00","null"
"L02-5360","L02","물빛공원3거리","37.42171","126.747049","5360","","","","{}","","-1","1;1;1;1;1;2;3","2026-06-23T22:43:08.381365+00:00","2026-06-23T22:43:05.98+00:00","null"
"L02-5361","L02","물빛공원입구3거리","37.421853","126.748621","5361","","","","{}","","-1","1;1;1;1;1;2;3","2026-06-23T22:43:08.381365+00:00","2026-06-23T22:43:05.98+00:00","null"
"L02-5362","L02","장곡4거리","37.422238","126.751352","5362","","","","{}","","-1","1;1;1;1;1;2;3","2026-06-23T22:43:08.381365+00:00","2026-06-23T22:43:05.98+00:00","null"
"L02-5363","L02","제니스유치원","37.423886","126.755026","5363","","","","{}","","-1","1;1;1;1;1;2;3","2026-06-23T22:43:08.381365+00:00","2026-06-23T22:43:05.98+00:00","null"
"L02-5364","L02","장아산공원3거리","37.426219","126.75782","5364","","","","{}","","-1","1;1;1;1;1;2;3","2026-06-23T22:43:08.381365+00:00","2026-06-23T22:43:05.98+00:00","null"
"L02-5365","L02","뒷방죽4거리(SC48)","37.427525","126.759769","5365","","","","{}","","-1","1;1;1;1;1;2;3","2026-06-23T22:43:08.381365+00:00","2026-06-23T22:43:05.98+00:00","null"
"L02-5366","L02","뒷방죽3거리(SC52)","37.428516","126.759284","5366","","","","{}","","-1","1;1;1;1;1;2;3","2026-06-23T22:43:08.381365+00:00","2026-06-23T22:43:05.98+00:00","null"
"L02-5367","L02","어울공원북측","37.428937","126.747543","5367","","","","{}","","-1","1;1;1;1;1;2;3","2026-06-23T22:43:08.381365+00:00","2026-06-23T22:43:05.98+00:00","null"
"L02-5368","L02","생태골","37.436363","126.761215","5368","","","","{}","","-1","1;1;1;1;1;2;3","2026-06-23T22:43:08.381365+00:00","2026-06-23T22:43:05.98+00:00","null"
"L02-5369","L02","메사리고개입구(운연역3)","37.438253","126.761754","5369","","","","{}","","-1","1;1;1;1;1;2;3","2026-06-23T22:43:08.381365+00:00","2026-06-23T22:43:05.98+00:00","null"
"L02-5370","L02","재넘머들","37.442661","126.763039","5370","","","","{}","","-1","1;1;1;1;1;2;3","2026-06-23T22:43:08.381365+00:00","2026-06-23T22:43:05.98+00:00","null"
"L02-5371","L02","사리골삼거리","37.403252","126.692647","5371","","","","{}","","-1","1;1;1;1;1;2;3","2026-06-23T22:43:08.381365+00:00","2026-06-23T22:43:05.98+00:00","null"
"L02-5372","L02","논현충전소앞","37.398906","126.711098","5372","","","","{}","","-1","1;1;1;1;1;2;3","2026-06-23T22:43:08.381365+00:00","2026-06-23T22:43:05.98+00:00","null"
"L02-5373","L02","시청후문","37.456724","126.703274","5373","","","","{}","","-1","1;1;1;1;1;2;3","2026-06-23T22:43:08.381365+00:00","2026-06-23T22:43:05.98+00:00","null"
"L02-5374","L02","동화금속3","37.391127","126.701576","5374","","","","{}","","-1","1;1;1;1;1;2;3","2026-06-23T22:43:08.381365+00:00","2026-06-23T22:43:05.98+00:00","null"
"L02-5375","L02","인천교육청","37.45512","126.703005","5375","","","","{}","","-1","1;1;1;1;1;2;3","2026-06-23T22:43:08.381365+00:00","2026-06-23T22:43:05.98+00:00","null"
"L02-5376","L02","간석두진입구","37.46352","126.720576","5376","","","","{}","","-1","1;1;1;1;1;2;3","2026-06-23T22:43:08.381365+00:00","2026-06-23T22:43:05.98+00:00","null"
"L02-5377","L02","주안남동금고","37.466044","126.688578","5377","","","","{}","","-1","1;1;1;1;1;2;3","2026-06-23T22:43:08.381365+00:00","2026-06-23T22:43:05.98+00:00","null"
"L02-5378","L02","새말초교 앞","37.459776","126.734796","5378","","","","{}","","-1","1;1;1;1;1;2;3","2026-06-23T22:43:08.381365+00:00","2026-06-23T22:43:05.98+00:00","null"
"L02-5379","L02","논현경찰서입구","37.403302","126.716246","5379","","","","{}","","-1","1;1;1;1;1;2;3","2026-06-23T22:43:08.381365+00:00","2026-06-23T22:43:05.98+00:00","null"
"L02-5380","L02","은봉초교3거리","37.406056","126.726154","5380","","","","{}","","-1","1;1;1;1;1;2;3","2026-06-23T22:43:08.607072+00:00","2026-06-23T22:43:05.98+00:00","null"
"L02-5381","L02","논현고4거리","37.404451","126.726639","5381","","","","{}","","-1","1;1;1;1;1;2;3","2026-06-23T22:43:08.607072+00:00","2026-06-23T22:43:05.98+00:00","null"
"L02-5382","L02","삼호제강4거리","37.386523","126.698181","5382","","","","{}","","-1","1;1;1;1;1;2;3","2026-06-23T22:43:08.607072+00:00","2026-06-23T22:43:05.98+00:00","null"
"L02-5383","L02","에이스테크놀리지","37.410473","126.694066","5383","","","","{}","","-1","1;1;1;1;1;2;3","2026-06-23T22:43:08.607072+00:00","2026-06-23T22:43:05.98+00:00","null"
"L02-5384","L02","구월힐캐슬플라자","37.457281","126.714871","5384","","","","{}","","-1","1;1;1;1;1;2;3","2026-06-23T22:43:08.607072+00:00","2026-06-23T22:43:05.98+00:00","null"
"L02-5385","L02","석정중학교","37.46958","126.693024","5385","","","","{}","","-1","1;1;1;1;1;2;3","2026-06-23T22:43:08.607072+00:00","2026-06-23T22:43:05.98+00:00","null"