id,region_cd,int_no,int_nm,x_coord,y_coord,node_id,origin_type,seoul_id,sigma_legacy_id,upd_dtime,created_at,updated_at
"2cdd3624-77fe-4a05-b38a-0a81fcd17d5e","L02","1001","신광4거리","126.636053","37.464368","","UTIC","","","","2026-06-07T14:10:28.916165+00:00","2026-06-07T14:10:28.916165+00:00"
"36e6ad75-19a7-47b1-9cec-aa2251bfb026","L02","1002","율목4거리","126.636233","37.469174","","UTIC","","","","2026-06-07T14:10:28.916165+00:00","2026-06-07T14:10:28.916165+00:00"
"df4d2bcf-142c-43f5-a2d1-0c91c3038223","L02","1003","신흥4거리","126.634724","37.466529","","UTIC","","","","2026-06-07T14:10:28.916165+00:00","2026-06-07T14:10:28.916165+00:00"
"d60af80b-15b8-4333-a411-bc2a40b1deac","L02","1004","신흥동사무소","126.632514","37.467869","","UTIC","","","","2026-06-07T14:10:28.916165+00:00","2026-06-07T14:10:28.916165+00:00"
"a30f5ff7-89c3-4fb4-abb3-f4ec59667fcc","L02","1005","중부서입구","126.61823","37.473409","","UTIC","","","","2026-06-07T14:10:28.916165+00:00","2026-06-07T14:10:28.916165+00:00"
"3b21767d-b6a8-4018-bbe9-06cc654b8ba5","L02","1006","동성주유소4거리","126.6276","37.448224","","UTIC","","","","2026-06-07T14:10:28.916165+00:00","2026-06-07T14:10:28.916165+00:00"
"41bebdf6-9365-40f2-9cdc-b31c12f43825","L02","1007","신흥교통","126.621096","37.438068","","UTIC","","","","2026-06-07T14:10:28.916165+00:00","2026-06-07T14:10:28.916165+00:00"
"cea18166-6a94-4248-9389-85631f53cb4c","L02","1008","신흥현대입구","126.63308","37.457751","","UTIC","","","","2026-06-07T14:10:28.916165+00:00","2026-06-07T14:10:28.916165+00:00"
"4cd5056a-51fb-4a4a-b31b-9af75d9471f0","L02","1009","동인천역","126.631193","37.475206","","UTIC","","","","2026-06-07T14:10:28.916165+00:00","2026-06-07T14:10:28.916165+00:00"
"209cf3e1-7023-4d1e-9709-49e4fed32ea4","L02","1010","배다리사거리","126.6352","37.472732","","UTIC","","","","2026-06-07T14:10:28.916165+00:00","2026-06-07T14:10:28.916165+00:00"
"868cf5f9-6659-4711-8b01-cbe1715e9898","L02","1011","유동삼거리","126.637212","37.470999","","UTIC","","","","2026-06-07T14:10:28.916165+00:00","2026-06-07T14:10:28.916165+00:00"
"2ec3cbb9-3635-475c-879d-06fae5241c50","L02","1012","도원사거리","126.641721","37.468746","","UTIC","","","","2026-06-07T14:10:28.916165+00:00","2026-06-07T14:10:28.916165+00:00"
"05708867-d3ba-4117-8a76-0cd468e16c19","L02","1013","수인4거리","126.633888","37.464939","","UTIC","","","","2026-06-07T14:10:28.916165+00:00","2026-06-07T14:10:28.916165+00:00"
"35a27980-2b9c-481e-8160-e6509c1fb624","L02","1014","선광싸이로사거리","126.61965","37.451376","","UTIC","","","","2026-06-07T14:10:28.916165+00:00","2026-06-07T14:10:28.916165+00:00"
"ff6b7141-f30e-4908-a289-2b4ee51f1010","L02","1015","신흥풍림입구","126.630708","37.465759","","UTIC","","","","2026-06-07T14:10:28.916165+00:00","2026-06-07T14:10:28.916165+00:00"
"8610dfeb-df72-441d-a2d0-3e163095d609","L02","1016","인천역4거리","126.617494","37.475234","","UTIC","","","","2026-06-07T14:10:28.916165+00:00","2026-06-07T14:10:28.916165+00:00"
"bcbd2654-316f-4568-9657-fa5e2ded2e6d","L02","1017","중구청입구사거리","126.620386","37.472097","","UTIC","","","","2026-06-07T14:10:28.916165+00:00","2026-06-07T14:10:28.916165+00:00"
"cea0fc17-780d-4148-a715-2f27b7f3bed2","L02","1018","인천일보","126.619632","37.471356","","UTIC","","","","2026-06-07T14:10:28.916165+00:00","2026-06-07T14:10:28.916165+00:00"
"318bf6a1-5977-4dd5-9e80-c8ced0fe7bb4","L02","1019","신포4거리","126.623899","37.470165","","UTIC","","","","2026-06-07T14:10:28.916165+00:00","2026-06-07T14:10:28.916165+00:00"
"1ef2682d-a02c-4489-9729-7b04bd2c3fff","L02","1020","1부두입구","126.62318","37.469345","","UTIC","","","","2026-06-07T14:10:28.916165+00:00","2026-06-07T14:10:28.916165+00:00"
"f4af3156-4627-4f7f-875b-7329f56220c4","L02","1021","사동3거리","126.625237","37.467955","","UTIC","","","","2026-06-07T14:10:28.916165+00:00","2026-06-07T14:10:28.916165+00:00"
"c40b7bd0-308f-4f05-9152-3c444a1c6426","L02","1022","답동4거리","126.627564","37.470137","","UTIC","","","","2026-06-07T14:10:28.916165+00:00","2026-06-07T14:10:28.916165+00:00"
"9320b181-a03f-4feb-a88e-b7175f9d326c","L02","1023","경동4거리","126.629073","37.47229","","UTIC","","","","2026-06-07T14:10:28.916165+00:00","2026-06-07T14:10:28.916165+00:00"
"d390019d-14d1-449e-9448-7221fe34c17d","L02","1024","해수청","126.631553","37.460604","","UTIC","","","","2026-06-07T14:10:28.916165+00:00","2026-06-07T14:10:28.916165+00:00"
"dfbf3e3a-0b60-461f-93c4-f272af2c3ccc","L02","1025","수검4거리","126.627196","37.453594","","UTIC","","","","2026-06-07T14:10:28.916165+00:00","2026-06-07T14:10:28.916165+00:00"
"f0352245-9386-475a-8937-db0851063326","L02","1026","서해4거리","126.6246","37.449486","","UTIC","","","","2026-06-07T14:10:28.916165+00:00","2026-06-07T14:10:28.916165+00:00"
"ff80486c-c31e-4815-94cc-d0e48be6d6fd","L02","1027","남항어선부두","126.615059","37.453252","","UTIC","","","","2026-06-07T14:10:28.916165+00:00","2026-06-07T14:10:28.916165+00:00"
"6c3d0c6e-cb31-4415-a84a-509c3bbc1f01","L02","1028","구인천조선","126.610173","37.455277","","UTIC","","","","2026-06-07T14:10:28.916165+00:00","2026-06-07T14:10:28.916165+00:00"
"4c9bed33-4efa-4966-9f0d-58d83987bc46","L02","1029","연안사거리","126.605259","37.457281","","UTIC","","","","2026-06-07T14:10:28.916165+00:00","2026-06-07T14:10:28.916165+00:00"
"ba097210-678b-48bb-aa7c-41b19feb2530","L02","8421","가정중앙시장역3거리","126.676702","37.517427","","UTIC","","","","2026-06-07T14:10:29.956801+00:00","2026-06-07T14:10:29.956801+00:00"
"9507137b-bc2d-4e6b-ab2b-210fe52e1d5a","L02","8422","미터골4거리","126.659382","37.612551","","UTIC","","","","2026-06-07T14:10:29.956801+00:00","2026-06-07T14:10:29.956801+00:00"
"9f348bff-a3dd-40b9-b889-d7135bb35e2e","L02","8423","경인컨부두북서문","126.597273","37.567037","","UTIC","","","","2026-06-07T14:10:29.956801+00:00","2026-06-07T14:10:29.956801+00:00"
"37445cd7-b0cb-411c-811e-dc402366729f","L02","8424","경인컨부두북동문","126.598773","37.567066","","UTIC","","","","2026-06-07T14:10:29.956801+00:00","2026-06-07T14:10:29.956801+00:00"
"f6133b1c-d53b-4c89-a070-b804525ea034","L02","8425","아라터미널","126.611637","37.559097","","UTIC","","","","2026-06-07T14:10:29.956801+00:00","2026-06-07T14:10:29.956801+00:00"
"aaefd2d2-5d7a-4a31-ba06-ec9a2cfb1da1","L02","8426","석남월드정문","126.67","37.510009","","UTIC","","","","2026-06-07T14:10:29.956801+00:00","2026-06-07T14:10:29.956801+00:00"
"9a9d4e80-2c50-4ad1-ae04-7640a447567c","L02","8427","측도일방3거리","126.674905","37.487866","","UTIC","","","","2026-06-07T14:10:29.956801+00:00","2026-06-07T14:10:29.956801+00:00"
"0e52e56b-335a-4821-9bc5-7fafc2a2c461","L02","8428","왕길4거리","126.653804","37.601926","","UTIC","","","","2026-06-07T14:10:29.956801+00:00","2026-06-07T14:10:29.956801+00:00"
"81360082-d492-424c-8a46-ab43407d5e63","L02","8429","반도자원","126.647884","37.581732","","UTIC","","","","2026-06-07T14:10:29.956801+00:00","2026-06-07T14:10:29.956801+00:00"
"97e6841a-8f3f-428e-a862-029381e573ab","L02","8430","가정공원3","126.673207","37.521146","","UTIC","","","","2026-06-07T14:10:29.956801+00:00","2026-06-07T14:10:29.956801+00:00"
"5a3e428c-23cf-4d6b-84ab-dc1a25d32ff5","L02","8431","환경산업단정문","126.646402","37.570319","","UTIC","","","","2026-06-07T14:10:29.956801+00:00","2026-06-07T14:10:29.956801+00:00"
"cce25799-48ca-408b-9282-c58d63d9e419","L02","8432","환경산업단후문","126.648764","37.570391","","UTIC","","","","2026-06-07T14:10:29.956801+00:00","2026-06-07T14:10:29.956801+00:00"
"61b9c54a-cccc-4111-967d-bb20d165b70b","L02","8433","건지공원","126.677052","37.493304","","UTIC","","","","2026-06-07T14:10:29.956801+00:00","2026-06-07T14:10:29.956801+00:00"
"b0cba3ab-95fc-4a65-ae7b-3d1f41aeb95b","L02","8434","가좌로얄타운","126.688146","37.485656","","UTIC","","","","2026-06-07T14:10:29.956801+00:00","2026-06-07T14:10:29.956801+00:00"
"3cba479f-77bb-4ffc-8f79-9dbc85a61ace","L02","8435","가현4거리","126.673261","37.522429","","UTIC","","","","2026-06-07T14:10:29.956801+00:00","2026-06-07T14:10:29.956801+00:00"
"fd82c192-22f2-403b-b5c8-f84f6a98b581","L02","8436","BH26","126.635146","37.509275","","UTIC","","","","2026-06-07T14:10:29.956801+00:00","2026-06-07T14:10:29.956801+00:00"
"a2e5ec21-8ed7-4271-9aef-77aed7448797","L02","8437","GD244","126.703858","37.580251","","UTIC","","","","2026-06-07T14:10:29.956801+00:00","2026-06-07T14:10:29.956801+00:00"
"d1130c0f-1c03-4713-a306-0c4674a01597","L02","8439","북항BH100","126.635191","37.508384","","UTIC","","","","2026-06-07T14:10:29.956801+00:00","2026-06-07T14:10:29.956801+00:00"
"c6e37e53-3789-41fa-87a3-17cc79a6a989","L02","8443","경서놀이터3","126.667368","37.556135","","UTIC","","","","2026-06-07T14:10:29.956801+00:00","2026-06-07T14:10:29.956801+00:00"
"d9db9afe-fea9-4d34-9ff9-715937060691","L02","8444","경서공원주차장","126.670225","37.556007","","UTIC","","","","2026-06-07T14:10:29.956801+00:00","2026-06-07T14:10:29.956801+00:00"
"822a1e74-ab8f-4cd8-9fa4-ce1a37941cc5","L02","8445","BH02","126.607594","37.505548","","UTIC","","","","2026-06-07T14:10:29.956801+00:00","2026-06-07T14:10:29.956801+00:00"
"84b3fc8d-3bc9-4165-a0c4-26620d7550ed","L02","8446","BH03","126.610792","37.505534","","UTIC","","","","2026-06-07T14:10:29.956801+00:00","2026-06-07T14:10:29.956801+00:00"
"56e8b01d-24d0-4fb0-ad1c-4231a0176c83","L02","8447","장형기업3거리","126.602708","37.58359","","UTIC","","","","2026-06-07T14:10:29.956801+00:00","2026-06-07T14:10:29.956801+00:00"
"e9458cae-c923-4dd6-935b-90950edc0021","L02","8448","이경화학3거리","126.598351","37.581825","","UTIC","","","","2026-06-07T14:10:29.956801+00:00","2026-06-07T14:10:29.956801+00:00"
"9fd0bb8b-ac35-4aee-b8ba-fbb56f8336a4","L02","8449","거첨유진레미콘","126.592844","37.567044","","UTIC","","","","2026-06-07T14:10:29.956801+00:00","2026-06-07T14:10:29.956801+00:00"
"242de50b-34d7-4258-b2a4-5f03761258f7","L02","8450","인재개발원","126.680601","37.541976","","UTIC","","","","2026-06-07T14:10:29.956801+00:00","2026-06-07T14:10:29.956801+00:00"
"e4db2aa7-549a-46e6-8126-bc884bf9e6fc","L02","8451","단봉초4거리","126.639476","37.59772","","UTIC","","","","2026-06-07T14:10:29.956801+00:00","2026-06-07T14:10:29.956801+00:00"
"2398848b-24af-44b2-a33e-bd66cdfc2b44","L02","8452","거첨도3거리","126.591182","37.567158","","UTIC","","","","2026-06-07T14:10:29.956801+00:00","2026-06-07T14:10:29.956801+00:00"
"130b9127-70ec-4a93-af13-39692649b976","L02","8453","한미반도체앞4거리","126.678894","37.475712","","UTIC","","","","2026-06-07T14:10:29.956801+00:00","2026-06-07T14:10:29.956801+00:00"
"7fc0ecb8-1958-47d7-8846-8cb01b3d6c44","L02","8454","가정역(GES18)","126.67477","37.52473","","UTIC","","","","2026-06-07T14:10:29.956801+00:00","2026-06-07T14:10:29.956801+00:00"
"43969eba-5567-48f4-aaed-a2dbab9429f2","L02","8455","루원4거리(GES19)","126.676181","37.524666","","UTIC","","","","2026-06-07T14:10:29.956801+00:00","2026-06-07T14:10:29.956801+00:00"
"365d0ef9-7d30-4237-abc5-9eced3b80251","L02","8456","봉수초3거리","126.679487","37.524545","","UTIC","","","","2026-06-07T14:10:29.956801+00:00","2026-06-07T14:10:29.956801+00:00"
"40fde319-c041-4ea6-a2fb-f47918b21a6b","L02","8457","가정하나입구(GES21)","126.685218","37.524537","","UTIC","","","","2026-06-07T14:10:29.956801+00:00","2026-06-07T14:10:29.956801+00:00"
"50f97563-afb4-44fc-bf53-a1a025c26280","L02","8458","가정까치공원","126.685038","37.523868","","UTIC","","","","2026-06-07T14:10:29.956801+00:00","2026-06-07T14:10:29.956801+00:00"
"69716f6b-76c5-4ca6-9793-33719fbfeec6","L02","8459","검암역사(보)","126.673666","37.568411","","UTIC","","","","2026-06-07T14:10:29.956801+00:00","2026-06-07T14:10:29.956801+00:00"
"31abb5d5-cae4-4798-bfc9-3a28e777a7df","L02","8460","아시아주경기장","126.663802","37.549405","","UTIC","","","","2026-06-07T14:10:29.956801+00:00","2026-06-07T14:10:29.956801+00:00"
"f6bc1504-62d4-4a22-ba00-f61109a54b45","L02","1030","연안친수공원","126.602303","37.455284","","UTIC","","","","2026-06-07T14:10:28.916165+00:00","2026-06-07T14:10:28.916165+00:00"
"7177049f-c7dc-4766-82ed-c4a770afbafb","L02","1031","월미도입구4거리","126.614583","37.477758","","UTIC","","","","2026-06-07T14:10:28.916165+00:00","2026-06-07T14:10:28.916165+00:00"
"82dfef5a-5f4f-41ef-9cb7-3d8055f9c22f","L29","1","교동네거리","128.6013636","35.8737942","","UTIC","","","","2026-06-07T13:36:42.375374+00:00","2026-06-07T13:36:42.375374+00:00"
"fa709d18-3233-4ea6-8e0c-c79e937f9205","L29","2","달성네거리","128.5814779","35.8776702","","UTIC","","","","2026-06-07T13:36:42.375374+00:00","2026-06-07T13:36:42.375374+00:00"
"4f1a60c8-5dd3-42c3-b467-720284997d45","L29","3","대구역","128.5948132","35.8751058","","UTIC","","","","2026-06-07T13:36:42.375374+00:00","2026-06-07T13:36:42.375374+00:00"
"91b00f83-940d-450d-8ccd-723c7e981bcb","L29","4","동신회관","128.6062375","35.872534","","UTIC","","","","2026-06-07T13:36:42.375374+00:00","2026-06-07T13:36:42.375374+00:00"
"abe4b304-e68a-4003-b550-16c0a15dec76","L29","5","동인네거리","128.6044643","35.8724496","","UTIC","","","","2026-06-07T13:36:42.375374+00:00","2026-06-07T13:36:42.375374+00:00"
"ad319da3-493c-436e-9c79-36657c11fa99","L29","6","원대네거리","128.5735661","35.8849247","","UTIC","","","","2026-06-07T13:36:42.375374+00:00","2026-06-07T13:36:42.375374+00:00"
"f0e022ab-c763-46b9-8dcd-37467933fb0f","L29","7","신천교","128.6109886","35.8734604","","UTIC","","","","2026-06-07T13:36:42.375374+00:00","2026-06-07T13:36:42.375374+00:00"
"019d0e1c-217b-4fc4-b7a2-e6aa2c2c7b13","L29","8","유니온호텔","128.5910786","35.8757726","","UTIC","","","","2026-06-07T13:36:42.375374+00:00","2026-06-07T13:36:42.375374+00:00"
"67ac785d-9049-46d6-8e96-f60c867c9244","L29","9","적십자혈액원","128.5778987","35.8783706","","UTIC","","","","2026-06-07T13:36:42.375374+00:00","2026-06-07T13:36:42.375374+00:00"
"795ff7d6-16e8-4e29-82f9-bb2f4facf0dc","L29","10","조흥은행대구지점","128.5985949","35.8743076","","UTIC","","","","2026-06-07T13:36:42.375374+00:00","2026-06-07T13:36:42.375374+00:00"
"1fe67878-b33c-49c6-be89-6f78c4060f43","L29","11","태평네거리","128.5880903","35.8763889","","UTIC","","","","2026-06-07T13:36:42.375374+00:00","2026-06-07T13:36:42.375374+00:00"
"ae7746db-a2aa-4578-aac8-e74202f7d49e","L29","12","공평네거리","128.6002911","35.8700136","","UTIC","","","","2026-06-07T13:36:42.375374+00:00","2026-06-07T13:36:42.375374+00:00"
"161e9ae7-29c8-4d23-8cf2-ba78caca8227","L29","13","달성공원앞","128.5820963","35.8734132","","UTIC","","","","2026-06-07T13:36:42.375374+00:00","2026-06-07T13:36:42.375374+00:00"
"5b4704fe-7fbc-422a-a659-a128190c4d87","L29","14","대구은행북성로지점","128.5876859","35.8738801","","UTIC","","","","2026-06-07T13:36:42.375374+00:00","2026-06-07T13:36:42.375374+00:00"
"2b58ca93-384b-42c3-b5ea-a268556c1154","L29","15","동산네거리","128.5822486","35.8704914","","UTIC","","","","2026-06-07T13:36:42.375374+00:00","2026-06-07T13:36:42.375374+00:00"
"98f77ed8-ba30-4ae0-9d5e-2d5e32d355e2","L29","16","동산파출소","128.5848854","35.8705828","","UTIC","","","","2026-06-07T13:36:42.375374+00:00","2026-06-07T13:36:42.375374+00:00"
"e343a5eb-691f-4534-8e70-4ef3795e1ffd","L29","17","중구청앞","128.606475","35.8689443","","UTIC","","","","2026-06-07T13:36:42.375374+00:00","2026-06-07T13:36:42.375374+00:00"
"4b66351a-7bfd-4d7b-9eac-929f732055a9","L29","18","만경관","128.5910862","35.870618","","UTIC","","","","2026-06-07T13:36:42.375374+00:00","2026-06-07T13:36:42.375374+00:00"
"1864d1d0-985f-45b9-8f50-22e86f3fe026","L29","19","경대병원입구","128.6038021","35.8674407","","UTIC","","","","2026-06-07T13:36:42.375374+00:00","2026-06-07T13:36:42.375374+00:00"
"c089fac8-cd31-4ecc-bf70-84d53511738f","L29","20","서성네거리","128.5872655","35.8700107","","UTIC","","","","2026-06-07T13:36:42.375374+00:00","2026-06-07T13:36:42.375374+00:00"
"a7643c05-b6a4-4648-a8a9-53aaedebb7d5","L29","21","시청앞","128.6006768","35.8713016","","UTIC","","","","2026-06-07T13:36:42.375374+00:00","2026-06-07T13:36:42.375374+00:00"
"48239e51-5c9d-4a01-93f7-a00404c87c5f","L29","22","대한종합학원","128.5847365","35.865606","","UTIC","","","","2026-06-07T13:36:42.375374+00:00","2026-06-07T13:36:42.375374+00:00"
"81dbeac8-e317-47c3-95e0-2bdd2a5a830f","L29","23","종각네거리","128.6040106","35.8691665","","UTIC","","","","2026-06-07T13:36:42.375374+00:00","2026-06-07T13:36:42.375374+00:00"
"2a813603-40ea-4bb2-b08e-2549b7d4adfc","L29","24","중앙네거리","128.5940502","35.8710113","","UTIC","","","","2026-06-07T13:36:42.375374+00:00","2026-06-07T13:36:42.375374+00:00"
"247e921a-f7f3-46f8-a297-986ca900bc89","L29","25","대구교도소동편","128.5049413","35.8057634","","UTIC","","","","2026-06-07T13:36:42.375374+00:00","2026-06-07T13:36:42.375374+00:00"
"0ade3e41-8bd5-4eb4-8c56-4e30dfcb10d2","L29","26","대구교도소","128.5035005","35.8053264","","UTIC","","","","2026-06-07T13:36:42.375374+00:00","2026-06-07T13:36:42.375374+00:00"
"df2f19ea-6386-4d52-8a0b-d93ab26552ad","L29","27","경북공고","128.582713","35.8582162","","UTIC","","","","2026-06-07T13:36:42.375374+00:00","2026-06-07T13:36:42.375374+00:00"
"526b38b5-df56-4402-b01f-2207ef593301","L29","28","계산오거리","128.5876044","35.8664647","","UTIC","","","","2026-06-07T13:36:42.375374+00:00","2026-06-07T13:36:42.375374+00:00"
"2825a6f8-365f-4e0a-9af8-6d5afb910205","L29","29","계성초등","128.582327","35.8669174","","UTIC","","","","2026-06-07T13:36:42.375374+00:00","2026-06-07T13:36:42.375374+00:00"
"5326b3c8-ebac-4706-abe9-7abfff44cf9d","L29","30","남산초등","128.5823774","35.863605","","UTIC","","","","2026-06-07T13:36:42.375374+00:00","2026-06-07T13:36:42.375374+00:00"
"9a232f2f-9a73-491e-ae22-35d86a600f6c","L29","31","삼덕네거리","128.6027127","35.8631907","","UTIC","","","","2026-06-07T13:36:42.375374+00:00","2026-06-07T13:36:42.375374+00:00"
"bbb25310-c040-4ca8-91fb-0db0a12faec6","L29","32","경신고입구","128.6379864","35.8588495","","UTIC","","","","2026-06-07T13:36:42.375374+00:00","2026-06-07T13:36:42.375374+00:00"
"1ff14a98-66de-400a-9209-6b559b2e75e2","L29","33","적십자병원","128.5908044","35.8659358","","UTIC","","","","2026-06-07T13:36:42.375374+00:00","2026-06-07T13:36:42.375374+00:00"
"64860383-0ccf-4332-b95a-060a9d140f9d","L29","34","반월당","128.5933961","35.8654419","","UTIC","","","","2026-06-07T13:36:42.375374+00:00","2026-06-07T13:36:42.375374+00:00"
"cffd3729-c840-499c-a121-513e3e2eb66d","L29","35","봉산육거리","128.5995084","35.8638467","","UTIC","","","","2026-06-07T13:36:42.375374+00:00","2026-06-07T13:36:42.375374+00:00"
"79cdac17-a970-4802-a357-3018ab3be970","L29","36","수성경찰서","128.6303247","35.8587825","","UTIC","","","","2026-06-07T13:36:42.375374+00:00","2026-06-07T13:36:42.375374+00:00"
"91f6ec2e-36ef-4d4c-931a-c5b4e81e2534","L29","37","국민은행대봉지점","128.6038057","35.8609238","","UTIC","","","","2026-06-07T13:36:42.375374+00:00","2026-06-07T13:36:42.375374+00:00"
"3c54a611-6002-4313-b50e-4cb1b1f76126","L29","38","대구은행본점서편","128.6116968","35.8600071","","UTIC","","","","2026-06-07T13:36:42.375374+00:00","2026-06-07T13:36:42.375374+00:00"
"18b0a53f-4b39-4922-835f-79cff17aff21","L29","39","수성네거리동편","128.620089","35.8595202","","UTIC","","","","2026-06-07T13:36:42.375374+00:00","2026-06-07T13:36:42.375374+00:00"
"256a2ba7-afaf-452d-bc0a-7f0688357194","L29","40","수성교서편","128.6082197","35.8618695","","UTIC","","","","2026-06-07T13:36:42.375374+00:00","2026-06-07T13:36:42.375374+00:00"
"0685e0fb-7816-4210-aca1-4341c4b1b98c","L29","41","수성연합병원","128.6069558","35.8623235","","UTIC","","","","2026-06-07T13:36:42.375374+00:00","2026-06-07T13:36:42.375374+00:00"
"202118bb-3b54-4c68-ab72-3b68bd22d6c1","L29","42","남문시장","128.5926909","35.8611798","","UTIC","","","","2026-06-07T13:36:42.375374+00:00","2026-06-07T13:36:42.375374+00:00"
"f3e62162-d88f-4ac9-b002-862e6de84e74","L29","43","남부교회","128.5917197","35.8592005","","UTIC","","","","2026-06-07T13:36:42.375374+00:00","2026-06-07T13:36:42.375374+00:00"
"95f80a8b-5d09-42c7-a6aa-fa04d8ab3c59","L29","44","봉산시장","128.5988674","35.8600434","","UTIC","","","","2026-06-07T13:36:42.375374+00:00","2026-06-07T13:36:42.375374+00:00"
"a9051b56-0121-45aa-ae9b-7fd3c2f2cb1c","L29","45","남대구신협","128.598519","35.8578537","","UTIC","","","","2026-06-07T13:36:42.375374+00:00","2026-06-07T13:36:42.375374+00:00"
"a2a0e564-47ff-4df6-8be0-5ef960dd8dbb","L29","46","청운맨션","128.6052282","35.8581743","","UTIC","","","","2026-06-07T13:36:42.375374+00:00","2026-06-07T13:36:42.375374+00:00"
"d0872b04-d201-4a37-b3e7-59192659d3e3","L29","47","그랜드피아노","128.599154","35.8616346","","UTIC","","","","2026-06-07T13:36:42.375374+00:00","2026-06-07T13:36:42.375374+00:00"
"c64a18b8-c8c7-4285-b336-8a3245ebba3e","L29","48","백합약국","128.5932647","35.8631197","","UTIC","","","","2026-06-07T13:36:42.375374+00:00","2026-06-07T13:36:42.375374+00:00"
"9c0441ba-8a46-4705-ae4c-04c1cb45bb4c","L29","49","남문약국","128.5903594","35.8619496","","UTIC","","","","2026-06-07T13:36:42.375374+00:00","2026-06-07T13:36:42.375374+00:00"
"2bb8ff4c-a7d0-4232-ada4-8729a24de2ae","L29","50","동인파출소","128.6042815","35.8705236","","UTIC","","","","2026-06-07T13:36:42.375374+00:00","2026-06-07T13:36:42.375374+00:00"
"24e1a05c-dba9-40b6-b7ee-69ee81bcfdce","L29","51","삼덕소방서","128.5998702","35.8669779","","UTIC","","","","2026-06-07T13:36:42.375374+00:00","2026-06-07T13:36:42.375374+00:00"
"c93ee399-69d3-4d81-a78f-08316b6b5d0b","L29","52","태왕매트로시티","128.6404029","35.8810295","","UTIC","","","","2026-06-07T13:36:42.375374+00:00","2026-06-07T13:36:42.375374+00:00"
"e7d4d7cf-da1f-4ebb-8fb6-390d6fb379be","L29","53","동성학교서편","128.6112617","35.8546466","","UTIC","","","","2026-06-07T13:36:42.375374+00:00","2026-06-07T13:36:42.375374+00:00"
"92356b6c-e651-4705-969f-b57522145048","L29","54","동촌출입국관리소","128.6491501","35.8890199","","UTIC","","","","2026-06-07T13:36:42.375374+00:00","2026-06-07T13:36:42.375374+00:00"
"716523e8-f517-469c-b4a4-411955b6a21e","L29","55","함지초등","128.5594961","35.9359417","","UTIC","","","","2026-06-07T13:36:42.375374+00:00","2026-06-07T13:36:42.375374+00:00"
"d3e0ce30-c22b-4523-bdc4-4087ac11def9","L29","56","녹원맨션입구","128.629265","35.8302577","","UTIC","","","","2026-06-07T13:36:42.375374+00:00","2026-06-07T13:36:42.375374+00:00"
"938e0d1a-3c36-411e-b382-e2cc30052b07","L29","57","만촌네거리동편","128.6477896","35.8580936","","UTIC","","","","2026-06-07T13:36:42.375374+00:00","2026-06-07T13:36:42.375374+00:00"
"91d3b11a-0125-4dec-a621-4d758c318ce6","L29","58","북중동네거리북편","128.6129471","35.8486661","","UTIC","","","","2026-06-07T13:36:42.375374+00:00","2026-06-07T13:36:42.375374+00:00"
"c6e9f680-b165-4fb3-b6ff-f7a2c2bfea9e","L29","59","만촌네거리북편","128.6474029","35.8608023","","UTIC","","","","2026-06-07T13:36:42.375374+00:00","2026-06-07T13:36:42.375374+00:00"
"923e4939-b2c4-41f8-9f5e-cec9314378fa","L29","60","만촌네거리서편","128.6429408","35.8588854","","UTIC","","","","2026-06-07T13:36:42.375374+00:00","2026-06-07T13:36:42.375374+00:00"
"557e3271-e4c2-4067-a9aa-acc8aa7eb786","L29","61","무궁화약국","128.5947043","35.8450856","","UTIC","","","","2026-06-07T13:36:42.375374+00:00","2026-06-07T13:36:42.375374+00:00"
"727c9642-cf87-41d6-8cd3-6b011f2a799c","L29","62","화원파출소","128.5000271","35.8041622","","UTIC","","","","2026-06-07T13:36:42.375374+00:00","2026-06-07T13:36:42.375374+00:00"
"9e977134-2d17-40f6-9ff8-415d461a647b","L29","63","건들바위네거리","128.5982018","35.8555645","","UTIC","","","","2026-06-07T13:36:42.375374+00:00","2026-06-07T13:36:42.375374+00:00"
"08e9f6a6-80ce-4fac-9f9f-6854399302ab","L29","64","계명네거리","128.5828744","35.8563082","","UTIC","","","","2026-06-07T13:36:42.375374+00:00","2026-06-07T13:36:42.375374+00:00"
"c3f575fd-126d-46a0-8bbb-2a70b6f8cd03","L29","65","대명주유소","128.5795224","35.8578077","","UTIC","","","","2026-06-07T13:36:42.375374+00:00","2026-06-07T13:36:42.375374+00:00"
"f7b8f41d-1027-42f3-b09a-63a1ce70df1f","L29","66","대봉교서편","128.6071781","35.8549672","","UTIC","","","","2026-06-07T13:36:42.375374+00:00","2026-06-07T13:36:42.375374+00:00"
"cdc8d63a-b80a-47d5-9d42-7ffc28b285e5","L29","67","대봉네거리","128.6024459","35.8552377","","UTIC","","","","2026-06-07T13:36:42.375374+00:00","2026-06-07T13:36:42.375374+00:00"
"577596ef-8663-4ca5-b3e4-f9d29287abec","L29","68","대봉삼거리","128.6037067","35.8551848","","UTIC","","","","2026-06-07T13:36:42.375374+00:00","2026-06-07T13:36:42.375374+00:00"
"5c8787a2-5827-4a32-a482-5ba50eedc371","L29","69","명덕네거리","128.590719","35.856957","","UTIC","","","","2026-06-07T13:36:42.375374+00:00","2026-06-07T13:36:42.375374+00:00"
"474fa5e5-023f-43a1-bf1f-43b6abc7a604","L29","70","미도극장","128.5774863","35.858686","","UTIC","","","","2026-06-07T13:36:42.375374+00:00","2026-06-07T13:36:42.375374+00:00"
"178e467a-f44d-474f-981e-804b5abffa5a","L29","71","수도맨션","128.5943043","35.8566166","","UTIC","","","","2026-06-07T13:36:42.375374+00:00","2026-06-07T13:36:42.375374+00:00"
"569a348f-eb74-42ab-b9d6-6a8b519e1ce2","L29","72","프린스호텔","128.5877916","35.8568211","","UTIC","","","","2026-06-07T13:36:42.375374+00:00","2026-06-07T13:36:42.375374+00:00"
"6463fc90-9dba-480f-a7d6-dbb3ab8f87b9","L29","73","경일여고","128.5991377","35.8368488","","UTIC","","","","2026-06-07T13:36:42.375374+00:00","2026-06-07T13:36:42.375374+00:00"
"4be3fc14-75f6-4e02-a9d1-24586a6f3494","L01","7539","명랑핫도그","126.9991369","37.5280862","","MANUAL","","","","2026-06-03T11:38:58.518081+00:00","2026-06-03T11:38:58.518081+00:00"
"d7520533-ca65-4f63-abe6-c4c76d8736d5","L01","7544","글로벌축복교회","126.947997","37.53566992","","MANUAL","","","","2026-06-03T11:38:58.518081+00:00","2026-06-03T11:38:58.518081+00:00"
"82d60054-6c7b-4db6-8a05-6aba263fae04","L01","7546","군자교남측","127.0699902","37.55978687","","MANUAL","","","","2026-06-03T11:38:58.518081+00:00","2026-06-03T11:38:58.518081+00:00"
"f9419d52-829b-47ad-a43f-b6c2eed74435","L01","7552","가마솥순대","126.9046548","37.56211393","","MANUAL","","","","2026-06-03T11:38:58.518081+00:00","2026-06-03T11:38:58.518081+00:00"
"dd9d8360-74d7-40d8-b4b8-77b13a3fa862","L01","7553","돈암현대아파트101동","127.0267047","37.60408558","","MANUAL","","","","2026-06-03T11:38:58.518081+00:00","2026-06-03T11:38:58.518081+00:00"
"bf1deacb-ad51-4647-9c4d-097511b0d241","L01","7554","역말사거리북측","126.9152655","37.60744127","","MANUAL","","","","2026-06-03T11:38:58.518081+00:00","2026-06-03T11:38:58.518081+00:00"
"69e00d3b-8c41-4513-8233-a71662ff786a","L01","7556","장위1치안센터","127.0459404","37.6138786","","MANUAL","","","","2026-06-03T11:38:58.518081+00:00","2026-06-03T11:38:58.518081+00:00"
"51f56456-e9df-41dc-8207-0ba67b458b2b","L01","7558","장위중앙교회","127.0483805","37.61491223","","MANUAL","","","","2026-06-03T11:38:58.518081+00:00","2026-06-03T11:38:58.518081+00:00"
"20fa8280-6184-4c08-ba83-94761a12a10e","L01","7568","청량리청과물시장1번입구","127.0412787","37.57899114","","MANUAL","","","","2026-06-03T11:38:58.518081+00:00","2026-06-03T11:38:58.518081+00:00"
"0693b6a5-f65f-4b42-bbf0-e65710006368","L01","7569","청파치안센터","126.9707118","37.54417844","","MANUAL","","","","2026-06-03T11:38:58.518081+00:00","2026-06-03T11:38:58.518081+00:00"
"e17a5a2a-ec52-48c1-9c35-14cdf610e87f","L01","7565","한양대역1번출구","127.0426945","37.55720294","","MANUAL","","","","2026-06-03T11:38:58.518081+00:00","2026-06-03T11:38:58.518081+00:00"
"aa6d17ad-25a4-4f60-aeb5-f255b3b0559f","L01","7575","장안삼성쉐르빌","127.070868","37.57094075","","MANUAL","","","","2026-06-03T11:38:58.518081+00:00","2026-06-03T11:38:58.518081+00:00"
"fa614430-119a-4d27-9ef1-66c42e5780ff","L01","7576","장안뉴시티","127.0701097","37.56979073","","MANUAL","","","","2026-06-03T11:38:58.518081+00:00","2026-06-03T11:38:58.518081+00:00"
"f48bea8d-b68c-4b60-83ff-968d604c217d","L01","7578","장안1새마을금고","127.0687306","37.5676831","","MANUAL","","","","2026-06-03T11:38:58.518081+00:00","2026-06-03T11:38:58.518081+00:00"
"54d22fca-6123-43c3-8f5e-05400746e72a","L01","7581","광진교","127.1149345","37.54423536","","MANUAL","","","","2026-06-03T11:38:58.518081+00:00","2026-06-03T11:38:58.518081+00:00"
"08070cd9-be3e-42a8-951c-ee2d2e9e6478","L01","7582","광진교북측","127.1127538","37.54491093","","MANUAL","","","","2026-06-03T11:38:58.518081+00:00","2026-06-03T11:38:58.518081+00:00"
"a3c327bd-e793-48da-86e0-d92cc99256ca","L01","7584","대일카센타","127.0602557","37.53493681","","MANUAL","","","","2026-06-03T11:38:58.518081+00:00","2026-06-03T11:38:58.518081+00:00"
"464931c4-257e-40f7-ab01-b2ffb21b33a7","L01","7594","상계주공15단지","127.0545005","37.66721119","","MANUAL","","","","2026-06-03T11:38:58.518081+00:00","2026-06-03T11:38:58.518081+00:00"
"a2561d49-a324-4945-8ecf-995b3b46ba99","L01","7596","롯데이스트폴101동앞","127.0892819","37.53647959","","MANUAL","","","","2026-06-03T11:38:58.518081+00:00","2026-06-03T11:38:58.518081+00:00"
"94063154-06ae-40de-a44d-a6fb475340c6","L01","7597","우남위시빌","127.0895176","37.53545472","","MANUAL","","","","2026-06-03T11:38:58.518081+00:00","2026-06-03T11:38:58.518081+00:00"
"807c186c-fbb9-46c7-9a18-a4b0b63efee2","L01","7598","롯데이스트폴","127.0886355","37.53524371","","MANUAL","","","","2026-06-03T11:38:58.518081+00:00","2026-06-03T11:38:58.518081+00:00"
"bbdc8a90-05b7-4961-9b48-0ef8cef05c78","L01","7599","파랑새빌라","127.0883404","37.53350354","","MANUAL","","","","2026-06-03T11:38:58.518081+00:00","2026-06-03T11:38:58.518081+00:00"
"b1332d36-daae-4169-bdd1-c25e12dc550b","L01","7600","롯데이스트풀104동앞","127.0879677","37.53439366","","MANUAL","","","","2026-06-03T11:38:58.518081+00:00","2026-06-03T11:38:58.518081+00:00"
"6f480078-6919-48dd-86b0-8c38443eb94f","L01","7601","롯데이스트풀103동앞","127.087717","37.53505716","","MANUAL","","","","2026-06-03T11:38:58.518081+00:00","2026-06-03T11:38:58.518081+00:00"
"41671a4d-6689-483c-b472-f56d513fb49e","L01","7602","광진구청신청사앞","127.0873457","37.53602049","","MANUAL","","","","2026-06-03T11:38:58.518081+00:00","2026-06-03T11:38:58.518081+00:00"
"df05bf8d-bcb3-4b28-b4cd-d7bc8fc5bfe0","L01","7603","롯데캐슬이스트폴부동산","127.0897318","37.53511092","","MANUAL","","","","2026-06-03T11:38:58.518081+00:00","2026-06-03T11:38:58.518081+00:00"
"18289066-21bc-44df-80b0-ed2299108e52","L01","7605","DMC파인시티자이110동","126.8960133","37.58270827","","MANUAL","","","","2026-06-03T11:38:58.518081+00:00","2026-06-03T11:38:58.518081+00:00"
"42556265-7df6-429c-b53c-cda595602da7","L01","7606","DMC파인시티자이108동","126.896877","37.58347978","","MANUAL","","","","2026-06-03T11:38:58.518081+00:00","2026-06-03T11:38:58.518081+00:00"
"766ef61f-8364-4464-b635-1ed1db9e92b1","L01","7604","상일동아아파트입구","126.8985248","37.5846977","","MANUAL","","","","2026-06-03T11:38:58.518081+00:00","2026-06-03T11:38:58.518081+00:00"
"ffafdf00-f3b8-4032-9609-205bd39e16cc","L01","15382","알 수 없음","","","","MANUAL","","","","2026-06-03T11:38:58.518081+00:00","2026-06-03T11:38:58.518081+00:00"
"5f0f5194-fd36-42b1-b779-4106965434e3","L01","12409","신광4거리","126.636053","37.464368","","MANUAL","","","","2026-06-03T11:38:58.518081+00:00","2026-06-03T11:38:58.518081+00:00"
"b56c8843-ed1c-4f90-a7f2-855f6e5a4b92","L29","74","영대네거리","128.5905478","35.845339","","UTIC","","","","2026-06-07T13:36:42.375374+00:00","2026-06-07T13:36:42.375374+00:00"
"9b68d4bf-9d96-4ffd-b0cf-98efdcd077e3","L29","75","봉덕초등","128.5986907","35.8385624","","UTIC","","","","2026-06-07T13:36:42.375374+00:00","2026-06-07T13:36:42.375374+00:00"
"22024f09-4bef-411c-9186-53e11c59f5ab","L29","76","남대구세무서","128.5645394","35.8392148","","UTIC","","","","2026-06-07T13:36:42.375374+00:00","2026-06-07T13:36:42.375374+00:00"
"8c4599a3-6403-434e-a1ed-3a77cf26c0ab","L29","77","대명네거리","128.5713722","35.8394365","","UTIC","","","","2026-06-07T13:36:42.375374+00:00","2026-06-07T13:36:42.375374+00:00"
"9bdc69a6-c416-4623-8b41-f3a3830ef5e5","L29","78","남명삼거리","128.5796502","35.8355161","","UTIC","","","","2026-06-07T13:36:42.375374+00:00","2026-06-07T13:36:42.375374+00:00"
"cd381ba2-9c8f-4c9a-9481-b5c9731e0c4f","L29","79","대구여상","128.5811503","35.8503202","","UTIC","","","","2026-06-07T13:36:42.375374+00:00","2026-06-07T13:36:42.375374+00:00"
"d027f950-9122-4ac6-a7d4-6033e38e997b","L29","80","대명5동사무소","128.5872284","35.8437248","","UTIC","","","","2026-06-07T13:36:42.375374+00:00","2026-06-07T13:36:42.375374+00:00"
"537ee2a9-b516-4d6d-960c-92dd8b8c126c","L29","81","대명9동사무소","128.579768","35.8369924","","UTIC","","","","2026-06-07T13:36:42.375374+00:00","2026-06-07T13:36:42.375374+00:00"
"425820a1-d57e-4a19-a97f-9985026eef78","L29","82","세종맨션","128.5705566","35.8432545","","UTIC","","","","2026-06-07T13:36:42.375374+00:00","2026-06-07T13:36:42.375374+00:00"
"9d08f6fd-6056-4650-8112-d6188699067a","L29","83","안지랑네거리","128.5763566","35.8390873","","UTIC","","","","2026-06-07T13:36:42.375374+00:00","2026-06-07T13:36:42.375374+00:00"
"564b28d1-a11e-4a89-a3dd-919b7935fc66","L29","84","앞산관광호텔","128.5800443","35.8459011","","UTIC","","","","2026-06-07T13:36:42.375374+00:00","2026-06-07T13:36:42.375374+00:00"
"2b1ea212-9c4d-4bfa-8db8-308ad9144ed3","L29","85","앞산네거리","128.5799699","35.8401978","","UTIC","","","","2026-06-07T13:36:42.375374+00:00","2026-06-07T13:36:42.375374+00:00"
"0c5bca7a-119f-477a-a6f4-5ed32435b7fb","L29","86","앞산네거리북편","128.5799886","35.8422522","","UTIC","","","","2026-06-07T13:36:42.375374+00:00","2026-06-07T13:36:42.375374+00:00"
"f2fe1810-4210-44a2-8842-7933875a6228","L29","87","여성병원","128.5746355","35.8404796","","UTIC","","","","2026-06-07T13:36:42.375374+00:00","2026-06-07T13:36:42.375374+00:00"
"76437b3b-c8fc-4371-87d3-f97a834aedc3","L29","88","정우맨션","128.5799965","35.8440454","","UTIC","","","","2026-06-07T13:36:42.375374+00:00","2026-06-07T13:36:42.375374+00:00"
"d2407feb-3dc9-4d20-84cb-fc5bbc9b353f","L29","89","즉결재판소","128.5721729","35.8421565","","UTIC","","","","2026-06-07T13:36:42.375374+00:00","2026-06-07T13:36:42.375374+00:00"
"8c49d1fa-d7b2-4389-9176-2fc757d4b9f1","L29","90","카톨릭병원","128.5689615","35.8448749","","UTIC","","","","2026-06-07T13:36:42.375374+00:00","2026-06-07T13:36:42.375374+00:00"
"ea2abf26-179f-4318-a434-bf14a27301a0","L29","91","캠프워커앞","128.5827704","35.8416118","","UTIC","","","","2026-06-07T13:36:42.375374+00:00","2026-06-07T13:36:42.375374+00:00"
"f05f77c9-8ede-4ba5-b780-7f731023f195","L29","92","남구청네거리","128.5983079","35.8448575","","UTIC","","","","2026-06-07T13:36:42.375374+00:00","2026-06-07T13:36:42.375374+00:00"
"05a5a354-495f-40f9-83b9-de1f3e3f03e6","L29","93","대구가든호텔","128.5980715","35.8424546","","UTIC","","","","2026-06-07T13:36:42.375374+00:00","2026-06-07T13:36:42.375374+00:00"
"95d70836-7df6-4750-9cbe-2d5d756e5d26","L29","94","봉덕시장","128.6009058","35.8447058","","UTIC","","","","2026-06-07T13:36:42.375374+00:00","2026-06-07T13:36:42.375374+00:00"
"dd3a1ee1-45d3-4647-a690-585d34fbc88d","L29","95","봉덕시장네거리","128.6038674","35.8444771","","UTIC","","","","2026-06-07T13:36:42.375374+00:00","2026-06-07T13:36:42.375374+00:00"
"cf8f1abd-70f3-489a-af76-6a470db9269e","L29","96","이천네거리","128.5985803","35.8479538","","UTIC","","","","2026-06-07T13:36:42.375374+00:00","2026-06-07T13:36:42.375374+00:00"
"6422c03c-65da-4c31-ae5f-affd1de0b6fd","L29","97","캠프헨리후문","128.6035381","35.8501091","","UTIC","","","","2026-06-07T13:36:42.375374+00:00","2026-06-07T13:36:42.375374+00:00"
"d42f516e-0d4d-43ff-85a1-27a4724bf164","L29","98","A3비행장네거리","128.5979187","35.8409067","","UTIC","","","","2026-06-07T13:36:42.375374+00:00","2026-06-07T13:36:42.375374+00:00"
"8e27b09a-f360-4176-921f-e45360a80182","L29","99","교대입구","128.5906083","35.8527997","","UTIC","","","","2026-06-07T13:36:42.375374+00:00","2026-06-07T13:36:42.375374+00:00"
"f959c581-3f63-4966-90bb-2dd6c2788880","L29","100","영대병원입구","128.5905149","35.8470156","","UTIC","","","","2026-06-07T13:36:42.375374+00:00","2026-06-07T13:36:42.375374+00:00"
"cc49f5d3-8d74-41b4-89e2-c7dd89ffe394","L29","101","이천교","128.5985347","35.8528477","","UTIC","","","","2026-06-07T13:36:42.375374+00:00","2026-06-07T13:36:42.375374+00:00"
"205f13ef-d3a2-446d-87be-666ed41b4b23","L29","102","캠프헨리정문","128.5988143","35.8502351","","UTIC","","","","2026-06-07T13:36:42.375374+00:00","2026-06-07T13:36:42.375374+00:00"
"0363d833-9572-4fcb-9732-e46c41c79537","L29","103","희망교서편","128.605654","35.8475212","","UTIC","","","","2026-06-07T13:36:42.375374+00:00","2026-06-07T13:36:42.375374+00:00"
"573e22a7-ef52-4ed3-b873-01be989fbc9d","L29","104","대덕초등","128.5612944","35.8300607","","UTIC","","","","2026-06-07T13:36:42.375374+00:00","2026-06-07T13:36:42.375374+00:00"
"726b068e-45e0-4b01-a771-a9cb41ce6a23","L29","105","삼각지네거리","128.5824521","35.8523307","","UTIC","","","","2026-06-07T13:36:42.375374+00:00","2026-06-07T13:36:42.375374+00:00"
"ffb87fea-cd67-4ba6-8837-ebf918ae515f","L29","106","심인고교","128.5791587","35.8514729","","UTIC","","","","2026-06-07T13:36:42.375374+00:00","2026-06-07T13:36:42.375374+00:00"
"539bab71-3d2c-4aa1-a8eb-a41aecbfd481","L29","107","덕천파출소","128.6006588","35.8335168","","UTIC","","","","2026-06-07T13:36:42.375374+00:00","2026-06-07T13:36:42.375374+00:00"
"504f5547-e4f7-48d0-bdac-92daba4c93fc","L29","108","상동교서편","128.6053448","35.8348601","","UTIC","","","","2026-06-07T13:36:42.375374+00:00","2026-06-07T13:36:42.375374+00:00"
"c8e59e62-417b-4175-bcf9-83d6a899a972","L29","109","심신수련장","128.5974307","35.8325776","","UTIC","","","","2026-06-07T13:36:42.375374+00:00","2026-06-07T13:36:42.375374+00:00"
"16907555-660e-42f0-beca-5eb7983a50eb","L29","110","구.효대남편네거리","128.6043646","35.8411407","","UTIC","","","","2026-06-07T13:36:42.375374+00:00","2026-06-07T13:36:42.375374+00:00"
"c2dc62df-91e0-427a-bcff-71de247017ae","L29","111","중동교서편","128.6063834","35.8413615","","UTIC","","","","2026-06-07T13:36:42.375374+00:00","2026-06-07T13:36:42.375374+00:00"
"c0895b52-f77f-4c7e-a425-595be215b718","L29","112","A3비행장동편","128.6013639","35.8407932","","UTIC","","","","2026-06-07T13:36:42.375374+00:00","2026-06-07T13:36:42.375374+00:00"
"9a21eaa0-da54-4d8f-ac6f-0eb26de8d90f","L29","113","계대네거리서편","128.581454","35.8569712","","UTIC","","","","2026-06-07T13:36:42.375374+00:00","2026-06-07T13:36:42.375374+00:00"
"ca3dc713-3e15-4c01-9e20-43bb98fe79e7","L29","114","남덕초등","128.5752372","35.8356461","","UTIC","","","","2026-06-07T13:36:42.375374+00:00","2026-06-07T13:36:42.375374+00:00"
"583ccf42-dfe1-4659-86f9-b4ae52de3f1c","L29","115","대구은행연수원","128.5666777","35.8320182","","UTIC","","","","2026-06-07T13:36:42.375374+00:00","2026-06-07T13:36:42.375374+00:00"
"6dcabcf8-7bf2-4fb6-84d1-c2ae18ba96a1","L29","116","대구고교","128.5905644","35.848664","","UTIC","","","","2026-06-07T13:36:42.375374+00:00","2026-06-07T13:36:42.375374+00:00"
"d9488509-3f09-46d1-a864-698784996cd1","L29","117","효명초등","128.6004121","35.8347322","","UTIC","","","","2026-06-07T13:36:42.375374+00:00","2026-06-07T13:36:42.375374+00:00"
"8a632476-a0a2-4443-84cb-59b4c8069d2e","L29","118","디보스서편네거리","128.4858101","35.8482931","","UTIC","","","","2026-06-07T13:36:42.375374+00:00","2026-06-07T13:36:42.375374+00:00"
"38aa71de-7a35-4f00-af2e-ea1816ff2002","L29","119","경대병원남측","128.6032846","35.8655536","","UTIC","","","","2026-06-07T13:36:42.375374+00:00","2026-06-07T13:36:42.375374+00:00"
"f22268b0-5ad6-40c1-83ce-cd1a6b0c0de7","L29","120","교보생명","128.5596178","35.8585994","","UTIC","","","","2026-06-07T13:36:42.375374+00:00","2026-06-07T13:36:42.375374+00:00"
"47f81b52-8843-474e-bbd5-0a7ab356f2c7","L29","121","경일중동편네거리","128.5779636","35.8810822","","UTIC","","","","2026-06-07T13:36:42.375374+00:00","2026-06-07T13:36:42.375374+00:00"
"d5222794-36fe-4c8b-97b5-74c8610586cd","L29","122","신흥아파트북편","128.5756394","35.8828159","","UTIC","","","","2026-06-07T13:36:42.375374+00:00","2026-06-07T13:36:42.375374+00:00"
"40640683-0556-44ed-9ba1-6a07a0cc1908","L29","123","비산교회","128.5754609","35.8788352","","UTIC","","","","2026-06-07T13:36:42.375374+00:00","2026-06-07T13:36:42.375374+00:00"
"15f04ca7-c515-40e9-a529-34118ac92635","L29","124","만평아파트남편","128.5659535","35.8843844","","UTIC","","","","2026-06-07T13:36:42.375374+00:00","2026-06-07T13:36:42.375374+00:00"
"9f24822a-a344-4f2a-95ba-4b8f71550693","L29","125","우진카서비스북편","128.5630691","35.8838317","","UTIC","","","","2026-06-07T13:36:42.375374+00:00","2026-06-07T13:36:42.375374+00:00"
"f60750f9-f5f8-44d7-95c7-65635aa33eda","L29","126","우진카서비스서편","128.5606835","35.8833041","","UTIC","","","","2026-06-07T13:36:42.375374+00:00","2026-06-07T13:36:42.375374+00:00"
"6885eb6d-6ef7-491f-936a-e2309b085bab","L29","127","서부소방서동편","128.5587661","35.882937","","UTIC","","","","2026-06-07T13:36:42.375374+00:00","2026-06-07T13:36:42.375374+00:00"
"a8d88f15-cf6d-4240-8e87-5da40876006e","L29","128","북비산네거리","128.5713566","35.8795828","","UTIC","","","","2026-06-07T13:36:42.375374+00:00","2026-06-07T13:36:42.375374+00:00"
"a5251605-5b46-41a1-b4a2-79054a457100","L29","129","비산지하도서편","128.5702968","35.8845124","","UTIC","","","","2026-06-07T13:36:42.375374+00:00","2026-06-07T13:36:42.375374+00:00"
"89f8317f-b4b2-4585-b639-228169196105","L29","130","서대구중앙교회동편","128.5686645","35.8795099","","UTIC","","","","2026-06-07T13:36:42.375374+00:00","2026-06-07T13:36:42.375374+00:00"
"582c2acf-0c76-4eb8-9760-977604b9c405","L29","131","동아극장","128.5820778","35.8760988","","UTIC","","","","2026-06-07T13:36:42.375374+00:00","2026-06-07T13:36:42.375374+00:00"
"ddfe3a43-a5a7-4f2f-b31f-ce83ef0e193f","L29","132","인제한의원","128.5712691","35.8773942","","UTIC","","","","2026-06-07T13:36:42.375374+00:00","2026-06-07T13:36:42.375374+00:00"
"fa65491c-fe6f-4a4c-aa5e-c4178d9df056","L29","133","원대네거리북편","128.5744841","35.885985","","UTIC","","","","2026-06-07T13:36:42.375374+00:00","2026-06-07T13:36:42.375374+00:00"
"83da155e-efea-49e6-a227-6101b2ca5d13","L29","134","명성약국","128.5690032","35.8613113","","UTIC","","","","2026-06-07T13:36:42.375374+00:00","2026-06-07T13:36:42.375374+00:00"
"fd12d0e4-1170-42fa-845d-b976f7814a44","L29","135","반고개네거리","128.5719954","35.8620382","","UTIC","","","","2026-06-07T13:36:42.375374+00:00","2026-06-07T13:36:42.375374+00:00"
"02284f83-350e-4bf5-8db9-beb41acbc3db","L29","136","노외과의원","128.5653293","35.8793957","","UTIC","","","","2026-06-07T13:36:42.375374+00:00","2026-06-07T13:36:42.375374+00:00"
"9b166f40-5603-47f0-8b40-05bee60d33ee","L29","137","희망서네거리","128.6041399","35.8475643","","UTIC","","","","2026-06-07T13:36:42.375374+00:00","2026-06-07T13:36:42.375374+00:00"
"bd971d5b-d447-4110-97cd-408344cc9b32","L29","138","이현삼거리","128.5399106","35.8784852","","UTIC","","","","2026-06-07T13:36:42.375374+00:00","2026-06-07T13:36:42.375374+00:00"
"044abd66-7c6d-4c1a-9f42-164946d332ef","L29","139","서대구공단네거리","128.5377049","35.8686279","","UTIC","","","","2026-06-07T13:36:42.375374+00:00","2026-06-07T13:36:42.375374+00:00"
"5cb8ba53-6138-42a6-b869-c1f7acba20cb","L29","140","대구중공업","128.5375067","35.8620926","","UTIC","","","","2026-06-07T13:36:42.375374+00:00","2026-06-07T13:36:42.375374+00:00"
"ea1f8fa7-770e-40e6-bef8-6effd51aef44","L29","141","대웅산업사","128.5376178","35.8664122","","UTIC","","","","2026-06-07T13:36:42.375374+00:00","2026-06-07T13:36:42.375374+00:00"
"958b0147-d634-4922-a529-fc3ab5c1d68f","L29","142","비산초등","128.5630607","35.8777716","","UTIC","","","","2026-06-07T13:36:42.375374+00:00","2026-06-07T13:36:42.375374+00:00"
"78ee1d10-c47d-4312-bbed-ee4794e90c07","L29","143","서부중학교동편","128.5589526","35.8791768","","UTIC","","","","2026-06-07T13:36:42.375374+00:00","2026-06-07T13:36:42.375374+00:00"
"35989b9c-5d12-43b4-9a00-fccc8f412431","L29","144","배고개삼거리","128.5471463","35.8787527","","UTIC","","","","2026-06-07T13:36:42.375374+00:00","2026-06-07T13:36:42.375374+00:00"
"fdeb5a39-a097-47af-8c21-846503b32b3c","L29","145","이현네거리","128.5389653","35.874262","","UTIC","","","","2026-06-07T13:36:42.375374+00:00","2026-06-07T13:36:42.375374+00:00"
"df601431-03ee-497e-8323-b16c4829ae47","L29","146","중리화성가스","128.5375597","35.8636914","","UTIC","","","","2026-06-07T13:36:42.375374+00:00","2026-06-07T13:36:42.375374+00:00"
"cffcdeff-c30a-4d27-a036-7a2fa0085d82","L29","147","평리네거리","128.5549354","35.8790036","","UTIC","","","","2026-06-07T13:36:42.375374+00:00","2026-06-07T13:36:42.375374+00:00"
"ee1ef4e9-0987-44f6-8d26-3f28c68e832e","L29","148","대평중학교","128.5631133","35.8793209","","UTIC","","","","2026-06-07T13:36:42.375374+00:00","2026-06-07T13:36:42.375374+00:00"
"73c71058-5805-421d-821d-fd9c256354ab","L29","149","이현IC","128.5349877","35.8784266","","UTIC","","","","2026-06-07T13:36:42.375374+00:00","2026-06-07T13:36:42.375374+00:00"
"2e2f0198-3785-473d-99bd-e59a63bbcd28","L29","150","남평리네거리","128.5562379","35.863514","","UTIC","","","","2026-06-07T13:36:42.375374+00:00","2026-06-07T13:36:42.375374+00:00"
"0837f670-35e9-474e-ad32-ade36f9072b6","L29","151","달서초등","128.5496368","35.8673391","","UTIC","","","","2026-06-07T13:36:42.375374+00:00","2026-06-07T13:36:42.375374+00:00"
"71e4f805-0e93-45c1-93cb-140a57517346","L29","152","대구기능대학","128.5549059","35.8723985","","UTIC","","","","2026-06-07T13:36:42.375374+00:00","2026-06-07T13:36:42.375374+00:00"
"84d0fbf6-3535-4d60-8c15-e3e8bc6212ac","L29","153","삼익뉴타운","128.5504637","35.8626154","","UTIC","","","","2026-06-07T13:36:42.375374+00:00","2026-06-07T13:36:42.375374+00:00"
"2e6aabbb-57de-4fa5-9f6a-5abd3cff2e57","L29","154","삼익맨션","128.5566845","35.8608768","","UTIC","","","","2026-06-07T13:36:42.375374+00:00","2026-06-07T13:36:42.375374+00:00"
"3df80920-2412-4082-b5c1-d7a221de25eb","L29","155","신평리네거리","128.5549454","35.8704515","","UTIC","","","","2026-06-07T13:36:42.375374+00:00","2026-06-07T13:36:42.375374+00:00"
"5f96720e-84f3-4291-99cf-30d088452276","L29","156","신흥산업서편","128.5436048","35.8600093","","UTIC","","","","2026-06-07T13:36:42.375374+00:00","2026-06-07T13:36:42.375374+00:00"
"8c923453-fd7f-40dd-bbd3-d267caeee3ec","L29","157","당산네거리","128.5461398","35.8611482","","UTIC","","","","2026-06-07T13:36:42.375374+00:00","2026-06-07T13:36:42.375374+00:00"
"b234c853-817a-4128-a3d8-4ca458ac3059","L29","158","이현초등남편","128.5521675","35.8699378","","UTIC","","","","2026-06-07T13:36:42.375374+00:00","2026-06-07T13:36:42.375374+00:00"
"fb55e238-42a7-4d15-a4cd-9055b67d439f","L29","159","이현초등북편","128.5507005","35.8747688","","UTIC","","","","2026-06-07T13:36:42.375374+00:00","2026-06-07T13:36:42.375374+00:00"
"0eab002b-9f01-43ce-adc3-4cbf20e089da","L29","160","이현파출소","128.5434437","35.8688246","","UTIC","","","","2026-06-07T13:36:42.375374+00:00","2026-06-07T13:36:42.375374+00:00"
"59416e11-9615-4f4b-9623-701e3c563e12","L29","161","중리네거리","128.5465894","35.8689013","","UTIC","","","","2026-06-07T13:36:42.375374+00:00","2026-06-07T13:36:42.375374+00:00"
"063727e8-bd53-4432-957b-636fd065958f","L29","162","중리아파트후문","128.5465528","35.8673022","","UTIC","","","","2026-06-07T13:36:42.375374+00:00","2026-06-07T13:36:42.375374+00:00"
"a8ba3fae-fe59-414f-a1aa-afde9a6b4263","L29","163","평강약국","128.5606205","35.8645745","","UTIC","","","","2026-06-07T13:36:42.375374+00:00","2026-06-07T13:36:42.375374+00:00"
"043c2b4c-3d8a-45c7-83ae-8d1ca9c5b6ae","L29","164","평리1동사무소","128.5629873","35.875727","","UTIC","","","","2026-06-07T13:36:42.375374+00:00","2026-06-07T13:36:42.375374+00:00"
"f2967311-b22c-4c6a-bb74-bb4fe365f748","L29","165","평리광명네거리","128.5549342","35.8755432","","UTIC","","","","2026-06-07T13:36:42.375374+00:00","2026-06-07T13:36:42.375374+00:00"
"7a63f8c0-fe59-40f2-ba18-f17e66bad7ac","L29","166","평리시장동편","128.5674579","35.875876","","UTIC","","","","2026-06-07T13:36:42.375374+00:00","2026-06-07T13:36:42.375374+00:00"
"c2b2caaa-fc2f-4288-a022-c2e108eae552","L29","167","평리파출소남편","128.5592223","35.8757038","","UTIC","","","","2026-06-07T13:36:42.375374+00:00","2026-06-07T13:36:42.375374+00:00"
"f22cd972-c01d-4430-a9a3-1b9cd7dc7cfe","L29","168","평현파출소","128.5469092","35.8739616","","UTIC","","","","2026-06-07T13:36:42.375374+00:00","2026-06-07T13:36:42.375374+00:00"
"b8e60619-c1c3-410d-bc02-5347e1f951ab","L29","169","황제맨션네거리","128.5638313","35.8657133","","UTIC","","","","2026-06-07T13:36:42.375374+00:00","2026-06-07T13:36:42.375374+00:00"
"51a57ea3-b9a6-4294-bb74-86b123cbeb5e","L29","170","경상여중","128.5756346","35.8719526","","UTIC","","","","2026-06-07T13:36:42.375374+00:00","2026-06-07T13:36:42.375374+00:00"
"8b1d0e7e-e82d-46e5-9d70-c497910fbfd9","L29","171","달서교회","128.5679819","35.8721249","","UTIC","","","","2026-06-07T13:36:42.375374+00:00","2026-06-07T13:36:42.375374+00:00"
"56d105cc-034c-4902-9ef8-c1e1421a0cf4","L29","172","대영학원","128.570921","35.8670536","","UTIC","","","","2026-06-07T13:36:42.375374+00:00","2026-06-07T13:36:42.375374+00:00"
"760155ea-a90f-4e13-9631-627090dcf02f","L29","173","비산네거리","128.5711566","35.8722591","","UTIC","","","","2026-06-07T13:36:42.375374+00:00","2026-06-07T13:36:42.375374+00:00"
"35da2a3b-5d97-4443-8f9b-fc1dd95a99fb","L29","174","서대구전화국","128.5628737","35.8719166","","UTIC","","","","2026-06-07T13:36:42.375374+00:00","2026-06-07T13:36:42.375374+00:00"
"f79d3d8d-d521-4288-89d8-b2a1fe820dfd","L29","175","큰장삼거리","128.5782334","35.8686038","","UTIC","","","","2026-06-07T13:36:42.375374+00:00","2026-06-07T13:36:42.375374+00:00"
"d8500e4a-1147-4539-ab4c-e058e16ed671","L29","176","한전서대구지점","128.5710452","35.8699807","","UTIC","","","","2026-06-07T13:36:42.375374+00:00","2026-06-07T13:36:42.375374+00:00"
"1fb695d0-7989-428c-8db0-996316ca378b","L29","177","북부정류장","128.5570451","35.8849598","","UTIC","","","","2026-06-07T13:36:42.375374+00:00","2026-06-07T13:36:42.375374+00:00"
"4a76c10d-3ca5-4186-b235-29b1c2b24bb1","L29","178","서부소방서","128.5555275","35.8821048","","UTIC","","","","2026-06-07T13:36:42.375374+00:00","2026-06-07T13:36:42.375374+00:00"
"cb9e3687-b7d7-4b37-a778-580ffce6082d","L29","179","진익가구","128.5599065","35.888293","","UTIC","","","","2026-06-07T13:36:42.375374+00:00","2026-06-07T13:36:42.375374+00:00"
"f67065c5-4bc5-4062-aa14-417019eef704","L29","180","코오롱아파트","128.5467962","35.8587517","","UTIC","","","","2026-06-07T13:36:42.375374+00:00","2026-06-07T13:36:42.375374+00:00"
"0c63b100-a35b-4cc7-824e-ff9e1001c3c9","L29","181","대구의료원입구","128.5416109","35.8590842","","UTIC","","","","2026-06-07T13:36:42.375374+00:00","2026-06-07T13:36:42.375374+00:00"
"9a4ff62e-f56a-433d-bba4-91630bb0f5cd","L29","182","중리정형외과","128.549245","35.8693897","","UTIC","","","","2026-06-07T13:36:42.375374+00:00","2026-06-07T13:36:42.375374+00:00"
"c5c29aad-8352-45ae-971e-54a2b0aa1996","L29","183","평리초등","128.5601019","35.871439","","UTIC","","","","2026-06-07T13:36:42.375374+00:00","2026-06-07T13:36:42.375374+00:00"
"1405461d-a305-4d22-92a0-12f5ac62a605","L29","184","두류네거리","128.5572781","35.8578323","","UTIC","","","","2026-06-07T13:36:42.375374+00:00","2026-06-07T13:36:42.375374+00:00"
"fb131893-cbad-4263-8c4f-d2b6dd92e534","L29","185","광덕무역","128.538133","35.8707311","","UTIC","","","","2026-06-07T13:36:42.375374+00:00","2026-06-07T13:36:42.375374+00:00"
"1b9d5188-1f00-4097-a3b8-4c691fbe664f","L29","186","율하역남편","128.691683","35.8686124","","UTIC","","","","2026-06-07T13:36:42.375374+00:00","2026-06-07T13:36:42.375374+00:00"
"f3271f08-b503-4d60-bef9-a823d1e72766","L29","187","들안길초등앞","128.6167447","35.8387444","","UTIC","","","","2026-06-07T13:36:42.375374+00:00","2026-06-07T13:36:42.375374+00:00"
"1ae7e5af-ae8e-4ac3-a99e-9c5a157c37e6","L29","188","대구중학교","128.6037578","35.8492005","","UTIC","","","","2026-06-07T13:36:42.375374+00:00","2026-06-07T13:36:42.375374+00:00"
"11712949-f07b-40fc-9c4c-bbb74c3306d2","L29","189","평리시장","128.5657127","35.8758086","","UTIC","","","","2026-06-07T13:36:42.375374+00:00","2026-06-07T13:36:42.375374+00:00"
"46fbe64f-a4fc-403f-a7e5-5ea0b27192f3","L29","190","청아탕","128.5774804","35.8634171","","UTIC","","","","2026-06-07T13:36:42.375374+00:00","2026-06-07T13:36:42.375374+00:00"
"691816f9-cf8d-47fa-9a1d-36b0312e5aa4","L29","191","대성초등앞","128.5776713","35.8713672","","UTIC","","","","2026-06-07T13:36:42.375374+00:00","2026-06-07T13:36:42.375374+00:00"
"ab7f7927-5e8a-4f1c-ae95-3e43a7421e03","L29","192","에덴둥지맨션","128.5500441","35.8649458","","UTIC","","","","2026-06-07T13:36:42.375374+00:00","2026-06-07T13:36:42.375374+00:00"
"517a309e-8a92-4922-8de3-2d45d593078d","L29","193","한전자재보급소","128.5360517","35.8784806","","UTIC","","","","2026-06-07T13:36:42.375374+00:00","2026-06-07T13:36:42.375374+00:00"
"8ff226bc-06ab-47ea-8004-345c79fdfb5d","L29","194","경운초등","128.5535156","35.8629995","","UTIC","","","","2026-06-07T13:36:42.375374+00:00","2026-06-07T13:36:42.375374+00:00"
"440c52dc-8be6-4718-bd1a-8c10c37c1025","L29","195","경상감영길","128.5942148","35.8720454","","UTIC","","","","2026-06-07T13:36:42.375374+00:00","2026-06-07T13:36:42.375374+00:00"
"78444bf1-635c-4ece-98f6-21fcdd57395f","L29","196","대천동현대정문앞","128.5195803","35.8181189","","UTIC","","","","2026-06-07T13:36:42.375374+00:00","2026-06-07T13:36:42.375374+00:00"
"9a13f938-cfcc-4282-a3a5-d7fd4c380366","L29","197","수성IC","128.6842944","35.8370234","","UTIC","","","","2026-06-07T13:36:42.375374+00:00","2026-06-07T13:36:42.375374+00:00"
"c850c7c3-38f9-4176-a1b6-7623d779ce06","L29","198","2군관사","128.6497294","35.8651589","","UTIC","","","","2026-06-07T13:36:42.375374+00:00","2026-06-07T13:36:42.375374+00:00"
"f6a41d88-579d-43f5-9336-f1120eada4f6","L29","199","2군사후문삼거리","128.6474671","35.8729938","","UTIC","","","","2026-06-07T13:36:42.375374+00:00","2026-06-07T13:36:42.375374+00:00"
"411ba5d3-dfea-46ec-bfdf-e89766f273ac","L29","200","무열대네거리","128.6488538","35.8699199","","UTIC","","","","2026-06-07T13:36:42.375374+00:00","2026-06-07T13:36:42.375374+00:00"
"7a62b072-260b-4a18-8b0a-70b15a455633","L29","201","서도초등동편네거리","128.5670801","35.8665315","","UTIC","","","","2026-06-07T13:36:42.375374+00:00","2026-06-07T13:36:42.375374+00:00"
"e665ad27-92a1-4107-9c6a-1310f907a771","L29","202","동성학교남편","128.6134621","35.8533504","","UTIC","","","","2026-06-07T13:36:42.375374+00:00","2026-06-07T13:36:42.375374+00:00"
"35979719-bdbe-470c-8d4d-685db252afb0","L29","203","효목아파트","128.6418889","35.8747013","","UTIC","","","","2026-06-07T13:36:42.375374+00:00","2026-06-07T13:36:42.375374+00:00"
"b34c0452-fb69-40dd-997d-3df937935942","L29","204","경상제일주유소","128.6362093","35.8671777","","UTIC","","","","2026-06-07T13:36:42.375374+00:00","2026-06-07T13:36:42.375374+00:00"
"bdbbfd35-057e-4a02-944d-b797148114d9","L29","205","동대구LPG동편","128.6334989","35.8672777","","UTIC","","","","2026-06-07T13:36:42.375374+00:00","2026-06-07T13:36:42.375374+00:00"
"6f3b6b09-70a1-408f-bbb9-bf502ed217aa","L29","206","동원초등네거리","128.6389458","35.8661987","","UTIC","","","","2026-06-07T13:36:42.375374+00:00","2026-06-07T13:36:42.375374+00:00"
"ee18418d-8d17-4516-aaed-752a5a8e90db","L29","207","동원초등후문","128.6392299","35.8646719","","UTIC","","","","2026-06-07T13:36:42.375374+00:00","2026-06-07T13:36:42.375374+00:00"
"c477cb4d-0d44-4368-abd2-3ad03951aad2","L29","208","만촌초등입구","128.6460821","35.8681286","","UTIC","","","","2026-06-07T13:36:42.375374+00:00","2026-06-07T13:36:42.375374+00:00"
"276e1c73-3a59-42d2-acc7-625585543ac0","L29","209","청구시장남편","128.6441304","35.8636857","","UTIC","","","","2026-06-07T13:36:42.375374+00:00","2026-06-07T13:36:42.375374+00:00"
"768f2308-69da-4a12-8f46-a386bb6725a3","L29","210","태백공사","128.6428977","35.8661807","","UTIC","","","","2026-06-07T13:36:42.375374+00:00","2026-06-07T13:36:42.375374+00:00"
"41d3116e-20e9-4aad-9962-1b42f1ea63a6","L29","211","수성구청역","128.6357498","35.8588259","","UTIC","","","","2026-06-07T13:36:42.375374+00:00","2026-06-07T13:36:42.375374+00:00"
"52210d9b-e20d-41c5-b149-dc3b1eb52b26","L29","212","금탑맨션","128.6533953","35.8551059","","UTIC","","","","2026-06-07T13:36:42.375374+00:00","2026-06-07T13:36:42.375374+00:00"
"0d7055cd-fd0f-4159-994f-2ad22c2ef08a","L29","213","남부상가","128.6404385","35.8588566","","UTIC","","","","2026-06-07T13:36:42.375374+00:00","2026-06-07T13:36:42.375374+00:00"
"2b46a82d-e0cf-45f4-80b4-4e49a5250cd3","L29","214","대구은행본점","128.6141538","35.8597817","","UTIC","","","","2026-06-07T13:36:42.375374+00:00","2026-06-07T13:36:42.375374+00:00"
"991df7eb-4a66-4882-82e5-b2b41f15b526","L29","215","동중입구","128.6138647","35.8574798","","UTIC","","","","2026-06-07T13:36:42.375374+00:00","2026-06-07T13:36:42.375374+00:00"
"e37e237c-71e1-4771-94fd-bca6b99bb841","L29","216","수성교동편","128.6094715","35.8610913","","UTIC","","","","2026-06-07T13:36:42.375374+00:00","2026-06-07T13:36:42.375374+00:00"
"154aac6d-665d-4c74-942f-23092f402c61","L29","217","수성구청","128.6326666","35.8588138","","UTIC","","","","2026-06-07T13:36:42.375374+00:00","2026-06-07T13:36:42.375374+00:00"
"fbe2bc81-690d-4bd7-981a-4435e055a6c3","L29","218","수성네거리","128.617634","35.8595879","","UTIC","","","","2026-06-07T13:36:42.375374+00:00","2026-06-07T13:36:42.375374+00:00"
"6a4047f9-cdd0-404f-b39b-14f2b75c02fa","L29","219","산업정보대","128.6506254","35.8565858","","UTIC","","","","2026-06-07T13:36:42.375374+00:00","2026-06-07T13:36:42.375374+00:00"
"da236081-deaf-4415-bf29-811e0166849c","L29","220","광명약국","128.6208399","35.8539906","","UTIC","","","","2026-06-07T13:36:42.375374+00:00","2026-06-07T13:36:42.375374+00:00"
"f6d2774a-836b-44ff-b3ef-1c7ef4e39940","L29","221","대봉교동편","128.6088696","35.8548634","","UTIC","","","","2026-06-07T13:36:42.375374+00:00","2026-06-07T13:36:42.375374+00:00"
"dfe6ce44-1e63-4473-8fce-a112357ca9c1","L29","222","동성학교네거리","128.6135262","35.8545425","","UTIC","","","","2026-06-07T13:36:42.375374+00:00","2026-06-07T13:36:42.375374+00:00"
"230936a9-d4a1-423e-967a-a44b814c3ba2","L29","223","수성시장네거리","128.6171036","35.8542392","","UTIC","","","","2026-06-07T13:36:42.375374+00:00","2026-06-07T13:36:42.375374+00:00"
"af48106d-15b5-4d1d-918a-c8f4fa7c636c","L29","224","제2범어교","128.6232724","35.8538586","","UTIC","","","","2026-06-07T13:36:42.375374+00:00","2026-06-07T13:36:42.375374+00:00"
"2968ca6b-5012-4bdc-9f7d-413c4fe7318d","L29","225","북중동네거리","128.6128282","35.8470065","","UTIC","","","","2026-06-07T13:36:42.375374+00:00","2026-06-07T13:36:42.375374+00:00"
"4de900d3-774b-41c6-a695-fa5863051f1d","L29","226","덕화여중","128.6111203","35.8320614","","UTIC","","","","2026-06-07T13:36:42.375374+00:00","2026-06-07T13:36:42.375374+00:00"
"e0d4a530-3a0d-4bcd-8fad-ca32355cefed","L29","227","카톨릭병원남편","128.5698017","35.8439808","","UTIC","","","","2026-06-07T13:36:42.375374+00:00","2026-06-07T13:36:42.375374+00:00"
"b95a1a09-523e-452a-9058-ab149ec7b1cc","L29","228","무궁화주유소","128.6133082","35.8515733","","UTIC","","","","2026-06-07T13:36:42.375374+00:00","2026-06-07T13:36:42.375374+00:00"
"7f45cc65-c26b-40ee-bce1-ec1873adc750","L29","229","정화우방팔레스","128.6118712","35.8371788","","UTIC","","","","2026-06-07T13:36:42.375374+00:00","2026-06-07T13:36:42.375374+00:00"
"6af50d1e-1a10-405f-8741-9494973b3cdd","L29","230","지산시영5단지북편","128.6434917","35.8252338","","UTIC","","","","2026-06-07T13:36:42.375374+00:00","2026-06-07T13:36:42.375374+00:00"
"de4c7e51-5f2a-4797-a016-b5fad79d6074","L29","231","봉덕동대성유니드앞","128.602736","35.8476552","","UTIC","","","","2026-06-07T13:36:42.375374+00:00","2026-06-07T13:36:42.375374+00:00"
"6d7ec69e-8882-4c69-8595-6274d58d3d86","L29","232","중동파출소동편","128.6103414","35.8471795","","UTIC","","","","2026-06-07T13:36:42.375374+00:00","2026-06-07T13:36:42.375374+00:00"
"227e6d73-dc92-406e-931b-da8a6b790c17","L29","233","현대병원","128.6126115","35.8444997","","UTIC","","","","2026-06-07T13:36:42.375374+00:00","2026-06-07T13:36:42.375374+00:00"
"e5ce581b-c9c9-443a-8656-8684d97e6125","L29","234","경북고교","128.6388664","35.8445995","","UTIC","","","","2026-06-07T13:36:42.375374+00:00","2026-06-07T13:36:42.375374+00:00"
"34496af7-ec15-4e73-9789-0debed77c6eb","L29","235","남양학교입구","128.6312019","35.839734","","UTIC","","","","2026-06-07T13:36:42.375374+00:00","2026-06-07T13:36:42.375374+00:00"
"750cf344-3391-465f-a6a7-e4933e642bba","L29","236","대구박물관","128.6393303","35.8469721","","UTIC","","","","2026-06-07T13:36:42.375374+00:00","2026-06-07T13:36:42.375374+00:00"
"a5c22b7e-8d1b-4114-ab9a-9ba6221315b1","L29","237","동도여중","128.6388879","35.8486002","","UTIC","","","","2026-06-07T13:36:42.375374+00:00","2026-06-07T13:36:42.375374+00:00"
"45f48841-af87-4068-afdc-ca233d441bed","L29","238","만촌네거리남편","128.6427399","35.8569237","","UTIC","","","","2026-06-07T13:36:42.375374+00:00","2026-06-07T13:36:42.375374+00:00"
"930ea1ef-e59e-4c01-bdff-5ada98beebac","L29","239","삼오맨션","128.6404633","35.855495","","UTIC","","","","2026-06-07T13:36:42.375374+00:00","2026-06-07T13:36:42.375374+00:00"
"ec9282ea-3fa7-42b8-a2d1-7823c5fcb463","L29","240","성동초등","128.6335822","35.8405848","","UTIC","","","","2026-06-07T13:36:42.375374+00:00","2026-06-07T13:36:42.375374+00:00"
"ff9e62f5-8c62-48b7-9c13-2c44a9f03f46","L29","241","신천지네거리","128.6391212","35.8408472","","UTIC","","","","2026-06-07T13:36:42.375374+00:00","2026-06-07T13:36:42.375374+00:00"
"7db9f160-5331-42fa-8da8-f1a5fd0e044c","L29","242","신천지아파트입구","128.64013","35.8385085","","UTIC","","","","2026-06-07T13:36:42.375374+00:00","2026-06-07T13:36:42.375374+00:00"
"5eaac025-6362-44c6-90ff-438b6815e36d","L29","243","장원맨션","128.6385553","35.8509928","","UTIC","","","","2026-06-07T13:36:42.375374+00:00","2026-06-07T13:36:42.375374+00:00"
"44f7a938-0bd7-4b38-8622-06302ccdaf34","L29","244","황금동노인회관","128.6282159","35.8390483","","UTIC","","","","2026-06-07T13:36:42.375374+00:00","2026-06-07T13:36:42.375374+00:00"
"1f675a65-10bb-48ea-b55e-39fad46b929f","L29","245","늘봄예식장","128.6263096","35.8275042","","UTIC","","","","2026-06-07T13:36:42.375374+00:00","2026-06-07T13:36:42.375374+00:00"
"1e799a52-2284-41ac-a26c-d5701d4eefa9","L29","246","늘봄예식장남편","128.6257716","35.8266284","","UTIC","","","","2026-06-07T13:36:42.375374+00:00","2026-06-07T13:36:42.375374+00:00"
"8c6606ea-8fd5-4690-bf95-be1741681436","L29","247","대명주택","128.6280596","35.8259621","","UTIC","","","","2026-06-07T13:36:42.375374+00:00","2026-06-07T13:36:42.375374+00:00"
"2c210419-1022-48f1-9360-889394d1834e","L29","248","범물네거리","128.6397108","35.8210952","","UTIC","","","","2026-06-07T13:36:42.375374+00:00","2026-06-07T13:36:42.375374+00:00"
"fab74743-bad7-4521-b415-c8fffd8505e9","L29","249","범물네거리동편","128.6418656","35.8198853","","UTIC","","","","2026-06-07T13:36:42.375374+00:00","2026-06-07T13:36:42.375374+00:00"
"9a68b836-a4af-462e-827c-39d5bc84802b","L29","250","범일초등","128.64012","35.8173228","","UTIC","","","","2026-06-07T13:36:42.375374+00:00","2026-06-07T13:36:42.375374+00:00"
"445a150f-e348-4f3c-8eda-53096e70ad70","L29","251","용지네거리동편","128.6467475","35.8159886","","UTIC","","","","2026-06-07T13:36:42.375374+00:00","2026-06-07T13:36:42.375374+00:00"
"941f8220-0a50-4187-903b-3263871258f9","L29","252","용지네거리","128.6447479","35.818012","","UTIC","","","","2026-06-07T13:36:42.375374+00:00","2026-06-07T13:36:42.375374+00:00"
"c9ef8e89-a40d-4bdc-9d54-15d4312b8f3b","L29","253","용지네거리서편","128.6433405","35.818973","","UTIC","","","","2026-06-07T13:36:42.375374+00:00","2026-06-07T13:36:42.375374+00:00"
"76fe4158-a3c0-4bcd-aa1e-fbf6a64a1435","L29","254","지산보성아파트","128.6361856","35.8234682","","UTIC","","","","2026-06-07T13:36:42.375374+00:00","2026-06-07T13:36:42.375374+00:00"
"db460931-5f12-47f1-a89d-741a32b6bb54","L29","255","무학네거리","128.6441515","35.8271803","","UTIC","","","","2026-06-07T13:36:42.375374+00:00","2026-06-07T13:36:42.375374+00:00"
"fe61b5cb-b1e2-42fb-b7be-5e54922669af","L29","256","지산네거리","128.633133","35.8246091","","UTIC","","","","2026-06-07T13:36:42.375374+00:00","2026-06-07T13:36:42.375374+00:00"
"283a74f3-701e-4840-99f1-5d4f3a220b63","L29","257","강창우방아파트","128.4557352","35.8615299","","UTIC","","","","2026-06-07T13:36:42.375374+00:00","2026-06-07T13:36:42.375374+00:00"
"1cba776e-d2d8-4f98-96eb-c5a29ee7f872","L29","258","지산중학교","128.6296629","35.825634","","UTIC","","","","2026-06-07T13:36:42.375374+00:00","2026-06-07T13:36:42.375374+00:00"
"d9102ba4-0b39-404d-bb07-4b169cbce809","L29","259","지산초등학교","128.6307672","35.8257947","","UTIC","","","","2026-06-07T13:36:42.375374+00:00","2026-06-07T13:36:42.375374+00:00"
"a3dffb5d-a461-4908-91a9-2b5ba2f7c056","L29","260","두산교회서편","128.6167363","35.8350588","","UTIC","","","","2026-06-07T13:36:42.375374+00:00","2026-06-07T13:36:42.375374+00:00"
"f10eac6e-2ab6-4cc7-ac45-acaf7ba090cb","L29","261","들안길북편","128.6167791","35.8322602","","UTIC","","","","2026-06-07T13:36:42.375374+00:00","2026-06-07T13:36:42.375374+00:00"
"728afb71-c76f-4adf-942d-1aab7532a3f3","L29","262","효목고가입구","128.6373565","35.8812333","","UTIC","","","","2026-06-07T13:36:42.375374+00:00","2026-06-07T13:36:42.375374+00:00"
"aca12fed-8c41-487f-b440-0d38f05b9622","L29","263","수성시장남편","128.6168028","35.8515946","","UTIC","","","","2026-06-07T13:36:42.375374+00:00","2026-06-07T13:36:42.375374+00:00"
"6a20279d-2fd4-4f13-8397-6cca3232def6","L29","264","어린이회관서편","128.6224832","35.8463628","","UTIC","","","","2026-06-07T13:36:42.375374+00:00","2026-06-07T13:36:42.375374+00:00"
"e313566e-6035-4c45-805f-5059ce53baa8","L29","265","황금초등","128.6207371","35.8464945","","UTIC","","","","2026-06-07T13:36:42.375374+00:00","2026-06-07T13:36:42.375374+00:00"
"b982a5de-63ea-4373-af8a-f5249e45af84","L29","266","희망로네거리","128.616731","35.8467918","","UTIC","","","","2026-06-07T13:36:42.375374+00:00","2026-06-07T13:36:42.375374+00:00"
"be41ea6a-cb1b-4c9b-bce4-82b59e2f8a19","L29","267","다사읍사무소","128.454098","35.8606891","","UTIC","","","","2026-06-07T13:36:42.375374+00:00","2026-06-07T13:36:42.375374+00:00"
"42ca4a29-2058-449e-97f8-c373b995a6cf","L29","268","지산주농교회","128.6285383","35.826645","","UTIC","","","","2026-06-07T13:36:42.375374+00:00","2026-06-07T13:36:42.375374+00:00"
"95d97cee-381b-4297-889b-a942b2aab0fa","L29","269","매곡네거리","128.4591544","35.8626509","","UTIC","","","","2026-06-07T13:36:42.375374+00:00","2026-06-07T13:36:42.375374+00:00"
"42d5a7cc-74bf-4a6a-82f4-ef621cc95ad9","L29","270","효목네거리","128.6450165","35.8765599","","UTIC","","","","2026-06-07T13:36:42.375374+00:00","2026-06-07T13:36:42.375374+00:00"
"1df8116a-78d7-406d-b501-f6c1b8ddb260","L29","271","5관구입구","128.6755355","35.8446704","","UTIC","","","","2026-06-07T13:36:42.375374+00:00","2026-06-07T13:36:42.375374+00:00"
"fb3c76b5-b1b4-46c6-a028-c17d3b4ff13b","L29","272","가천동입구","128.6886547","35.8422429","","UTIC","","","","2026-06-07T13:36:42.375374+00:00","2026-06-07T13:36:42.375374+00:00"
"9ce330c2-bb63-4221-8f9e-ffc2b779bdf7","L29","273","감나무식당","128.6651636","35.8509558","","UTIC","","","","2026-06-07T13:36:42.375374+00:00","2026-06-07T13:36:42.375374+00:00"
"6de1697c-e20d-4fb4-b90f-49910e61e6fd","L29","274","경북아파트앞","128.6991135","35.8422486","","UTIC","","","","2026-06-07T13:36:42.375374+00:00","2026-06-07T13:36:42.375374+00:00"
"ebf05001-66d5-4328-97d1-e2e29be43ae9","L29","275","고산파출소","128.6953372","35.8429192","","UTIC","","","","2026-06-07T13:36:42.375374+00:00","2026-06-07T13:36:42.375374+00:00"
"cbcb9e6f-8714-4d5c-8888-f279e914a38e","L29","276","신매네거리","128.704993","35.8408226","","UTIC","","","","2026-06-07T13:36:42.375374+00:00","2026-06-07T13:36:42.375374+00:00"
"7d2d4afe-b93d-4de4-acd9-fdb19b3c5024","L29","277","대륜고교","128.6558579","35.8540267","","UTIC","","","","2026-06-07T13:36:42.375374+00:00","2026-06-07T13:36:42.375374+00:00"
"18166b4e-e71a-4dea-80d1-e8245d8f0417","L29","278","사월화성파크","128.7175388","35.8365167","","UTIC","","","","2026-06-07T13:36:42.375374+00:00","2026-06-07T13:36:42.375374+00:00"
"85d6f6ae-42a6-40f5-a9a6-c5009476581f","L29","279","만촌우방아파트","128.6573476","35.8492842","","UTIC","","","","2026-06-07T13:36:42.375374+00:00","2026-06-07T13:36:42.375374+00:00"
"27214933-c21b-43d2-9f64-4e75e256fcbe","L29","280","방공포병학교","128.6696682","35.8477709","","UTIC","","","","2026-06-07T13:36:42.375374+00:00","2026-06-07T13:36:42.375374+00:00"
"fdae239c-c28e-4d6e-8a40-5cfcf63ef09a","L29","281","사월교동편","128.7223773","35.8353481","","UTIC","","","","2026-06-07T13:36:42.375374+00:00","2026-06-07T13:36:42.375374+00:00"
"b9796f03-e158-403e-83ae-4012883b6e7c","L29","282","삼우레미콘","128.7160799","35.8368575","","UTIC","","","","2026-06-07T13:36:42.375374+00:00","2026-06-07T13:36:42.375374+00:00"
"3e29a71b-65c1-4b94-a60b-cc0c9234d27d","L29","283","솔정고개동편","128.6852061","35.8414082","","UTIC","","","","2026-06-07T13:36:42.375374+00:00","2026-06-07T13:36:42.375374+00:00"
"419fd900-f000-4e7c-a741-e30eb284bf17","L29","284","수성자동차검사소","128.701971","35.8415683","","UTIC","","","","2026-06-07T13:36:42.375374+00:00","2026-06-07T13:36:42.375374+00:00"
"5b632025-c2a1-4ced-ad48-091a38b8c7d6","L29","285","고산네거리","128.6922557","35.8429582","","UTIC","","","","2026-06-07T13:36:42.375374+00:00","2026-06-07T13:36:42.375374+00:00"
"2a795c58-db18-4a25-a211-5b4cfa6d4c8a","L29","286","신매교입구","128.7134315","35.8374675","","UTIC","","","","2026-06-07T13:36:42.375374+00:00","2026-06-07T13:36:42.375374+00:00"
"91ddd73c-17ca-4dbb-8643-ea5576fa80ba","L29","287","연호네거리","128.6726659","35.8461071","","UTIC","","","","2026-06-07T13:36:42.375374+00:00","2026-06-07T13:36:42.375374+00:00"
"98427d16-d8ef-4074-84fd-ebd29ed53b15","L29","288","장의관리소","128.657572","35.8534173","","UTIC","","","","2026-06-07T13:36:42.375374+00:00","2026-06-07T13:36:42.375374+00:00"
"6c9f4f37-28d5-4466-869d-78b7a5be4d18","L29","289","한라주택삼거리","128.7093866","35.8392733","","UTIC","","","","2026-06-07T13:36:42.375374+00:00","2026-06-07T13:36:42.375374+00:00"
"42d4d068-b7ee-43fc-b327-7bf6a982f2fa","L29","290","만촌네거리","128.646289","35.8588621","","UTIC","","","","2026-06-07T13:36:42.375374+00:00","2026-06-07T13:36:42.375374+00:00"
"0359a1bc-4b4b-4651-bb1e-3d5d0f23f4f7","L29","291","하나원장례식장","128.4437575","35.7138998","","UTIC","","","","2026-06-07T13:36:42.375374+00:00","2026-06-07T13:36:42.375374+00:00"
"379c2835-1463-48b4-b52e-1dbe92420b6d","L29","292","능인고입구","128.6311273","35.829872","","UTIC","","","","2026-06-07T13:36:42.375374+00:00","2026-06-07T13:36:42.375374+00:00"
"71584a6c-04b2-498c-bdd7-9559689c2ac0","L29","293","지방경찰청","128.6330733","35.828985","","UTIC","","","","2026-06-07T13:36:42.375374+00:00","2026-06-07T13:36:42.375374+00:00"
"0561070e-3c6e-47cc-a0d2-51346c41529b","L29","294","수성아트피아","128.6272215","35.8304341","","UTIC","","","","2026-06-07T13:36:42.375374+00:00","2026-06-07T13:36:42.375374+00:00"
"31d6b7e5-c658-4dad-bbee-5a1111bd057f","L29","295","수성못오거리","128.6099205","35.8252603","","UTIC","","","","2026-06-07T13:36:42.375374+00:00","2026-06-07T13:36:42.375374+00:00"
"a0effdce-d9de-4650-a261-920fe33c9945","L29","296","동대구LPG","128.6298096","35.8668772","","UTIC","","","","2026-06-07T13:36:42.375374+00:00","2026-06-07T13:36:42.375374+00:00"
"1f834c24-b1e2-4b5d-9602-1fd293cbfdb7","L29","297","희망교동편","128.6076044","35.8473809","","UTIC","","","","2026-06-07T13:36:42.375374+00:00","2026-06-07T13:36:42.375374+00:00"
"baf95460-6025-4e85-a239-bc41a8793aa4","L29","298","망우당네거리","128.6495149","35.8783094","","UTIC","","","","2026-06-07T13:36:42.375374+00:00","2026-06-07T13:36:42.375374+00:00"
"b339300b-ebad-4b1d-bffb-ea2ddb537980","L29","299","지산동서무학타운","128.6381564","35.826232","","UTIC","","","","2026-06-07T13:36:42.375374+00:00","2026-06-07T13:36:42.375374+00:00"
"97776199-a2bb-4bee-bed8-ae959d992cfe","L29","300","1차대자연아파트","128.6160324","35.8139905","","UTIC","","","","2026-06-07T13:36:42.375374+00:00","2026-06-07T13:36:42.375374+00:00"
"dd2a0770-9a50-4bb1-8db5-4eb81e27b718","L29","301","2차대자연아파트","128.6180764","35.8113992","","UTIC","","","","2026-06-07T13:36:42.375374+00:00","2026-06-07T13:36:42.375374+00:00"
"4896393e-3d74-4fbe-8f47-d21da7da8e8e","L29","302","수성못코오롱하늘채","128.6107103","35.8238214","","UTIC","","","","2026-06-07T13:36:42.375374+00:00","2026-06-07T13:36:42.375374+00:00"
"4d930d23-8a34-46b8-b5d1-6c1cca32fb64","L29","303","파동공원네거리","128.6188798","35.8103746","","UTIC","","","","2026-06-07T13:36:42.375374+00:00","2026-06-07T13:36:42.375374+00:00"
"a5a466b2-db2b-450e-99a9-b7f7ec6d230d","L29","304","송원맨션","128.6115321","35.8217828","","UTIC","","","","2026-06-07T13:36:42.375374+00:00","2026-06-07T13:36:42.375374+00:00"
"ffca058f-bc48-472d-a84a-48cb782b7d96","L29","305","신세계주유소","128.6138255","35.8170119","","UTIC","","","","2026-06-07T13:36:42.375374+00:00","2026-06-07T13:36:42.375374+00:00"
"5c00ae73-ab76-4e89-9df0-d0c524628b57","L29","306","아나약국","128.6124894","35.8198775","","UTIC","","","","2026-06-07T13:36:42.375374+00:00","2026-06-07T13:36:42.375374+00:00"
"da716fba-60e1-490e-b3a5-253c07e8e8e0","L29","307","파동우체국","128.6204296","35.8085199","","UTIC","","","","2026-06-07T13:36:42.375374+00:00","2026-06-07T13:36:42.375374+00:00"
"22f48728-e519-4c82-a4dd-93e0b8171f4e","L29","308","상동교동편","128.6069421","35.8344963","","UTIC","","","","2026-06-07T13:36:42.375374+00:00","2026-06-07T13:36:42.375374+00:00"
"e26136f9-2a80-4f6f-bc00-8bbf4d081906","L29","309","동부태양맨션","128.6330207","35.8704066","","UTIC","","","","2026-06-07T13:36:42.375374+00:00","2026-06-07T13:36:42.375374+00:00"
"44d29bac-9971-4989-a5df-e9f2b8c87b62","L29","310","효목도서관","128.6374077","35.8726898","","UTIC","","","","2026-06-07T13:36:42.375374+00:00","2026-06-07T13:36:42.375374+00:00"
"2515c031-e354-4fac-b2ee-c6a7e16a99d7","L29","311","효신네거리","128.6352075","35.8720349","","UTIC","","","","2026-06-07T13:36:42.375374+00:00","2026-06-07T13:36:42.375374+00:00"
"4b44fd6b-7aaa-409e-b418-9f29a49eebdd","L29","312","남산여고앞","128.6084333","35.8573745","","UTIC","","","","2026-06-07T13:36:42.375374+00:00","2026-06-07T13:36:42.375374+00:00"
"74857d28-3c1e-4ec5-a9c0-c80c11bf82ed","L29","313","동신교남편","128.614763","35.8670894","","UTIC","","","","2026-06-07T13:36:42.375374+00:00","2026-06-07T13:36:42.375374+00:00"
"3acf5b14-6ef7-49ac-969f-a31f06388b2b","L29","314","새한아파트","128.6084652","35.8507326","","UTIC","","","","2026-06-07T13:36:42.375374+00:00","2026-06-07T13:36:42.375374+00:00"
"b8136b53-a27a-4979-b9e3-fe5dce71f9d9","L29","315","수성교북편","128.612233","35.8635234","","UTIC","","","","2026-06-07T13:36:42.375374+00:00","2026-06-07T13:36:42.375374+00:00"
"d00d8c86-2717-4758-bdef-f17cf6c5ad24","L29","316","제한의료원","128.6070152","35.8370231","","UTIC","","","","2026-06-07T13:36:42.375374+00:00","2026-06-07T13:36:42.375374+00:00"
"6d237103-a869-4ba6-8ba1-6dc99ac21240","L29","317","중동아파트","128.6079075","35.8444951","","UTIC","","","","2026-06-07T13:36:42.375374+00:00","2026-06-07T13:36:42.375374+00:00"
"2071c437-4f59-40d0-8d50-898220ef819a","L29","318","성동마을북편","128.7224959","35.8554145","","UTIC","","","","2026-06-07T13:36:42.375374+00:00","2026-06-07T13:36:42.375374+00:00"
"b5e0acc4-13c6-49fa-9864-d36b40f4729a","L29","319","성동마을입구","128.7253091","35.8534457","","UTIC","","","","2026-06-07T13:36:42.375374+00:00","2026-06-07T13:36:42.375374+00:00"
"86e38cd8-cdbb-4e4f-a6f2-a2407cab2b32","L29","320","안심교남편","128.7164766","35.8601415","","UTIC","","","","2026-06-07T13:36:42.375374+00:00","2026-06-07T13:36:42.375374+00:00"
"29cf6cc8-5462-4775-894f-2afd756c5a56","L29","321","들안길네거리","128.6167787","35.8404201","","UTIC","","","","2026-06-07T13:36:42.375374+00:00","2026-06-07T13:36:42.375374+00:00"
"103c2621-0f7d-465a-9f87-97d30f469594","L29","322","들안길네거리남편","128.6167584","35.8369644","","UTIC","","","","2026-06-07T13:36:42.375374+00:00","2026-06-07T13:36:42.375374+00:00"
"30fdd814-e8b5-4dd2-aba1-ed7d7854dd32","L29","323","명성초등","128.6192814","35.8402196","","UTIC","","","","2026-06-07T13:36:42.375374+00:00","2026-06-07T13:36:42.375374+00:00"
"9e170ba3-0156-4b9f-b07e-98310f057e78","L29","324","중동교동편","128.6080329","35.8411097","","UTIC","","","","2026-06-07T13:36:42.375374+00:00","2026-06-07T13:36:42.375374+00:00"
"d13c11ed-f332-42bf-8585-9f9d84ca8296","L29","325","중동네거리","128.6122926","35.8407777","","UTIC","","","","2026-06-07T13:36:42.375374+00:00","2026-06-07T13:36:42.375374+00:00"
"d9db0c20-5740-4b12-a840-f71a7f30c13f","L29","326","중동네거리동편","128.6142374","35.8406255","","UTIC","","","","2026-06-07T13:36:42.375374+00:00","2026-06-07T13:36:42.375374+00:00"
"f843f22a-16d4-439a-9d2b-a617f65ff123","L29","327","중동우체국","128.6167782","35.8425738","","UTIC","","","","2026-06-07T13:36:42.375374+00:00","2026-06-07T13:36:42.375374+00:00"
"fb648a6e-3610-4c1d-a846-e99f9faa2506","L29","328","효성병원","128.612421","35.8424702","","UTIC","","","","2026-06-07T13:36:42.375374+00:00","2026-06-07T13:36:42.375374+00:00"
"d33201e6-cc62-4139-af9b-d82f771cbf93","L29","329","동일초등","128.6174017","35.8572","","UTIC","","","","2026-06-07T13:36:42.375374+00:00","2026-06-07T13:36:42.375374+00:00"
"0481b2f3-c539-4d6e-9197-4206f1f502ad","L29","330","수성시장북편","128.6172814","35.8559084","","UTIC","","","","2026-06-07T13:36:42.375374+00:00","2026-06-07T13:36:42.375374+00:00"
"a5a52423-26de-4fa0-9ff5-eb0a5b4a1b5b","L29","331","신매초등","128.7086271","35.8368871","","UTIC","","","","2026-06-07T13:36:42.375374+00:00","2026-06-07T13:36:42.375374+00:00"
"2c4ecb04-225b-4d2d-a0a1-e2da1e4f1a07","L29","332","다사훼밀리아파트","128.4625335","35.8603839","","UTIC","","","","2026-06-07T13:36:42.375374+00:00","2026-06-07T13:36:42.375374+00:00"
"2b2c7a01-176b-4f47-885f-28e676420fe6","L29","333","세천입구삼거리","128.4632016","35.8596909","","UTIC","","","","2026-06-07T13:36:42.375374+00:00","2026-06-07T13:36:42.375374+00:00"
"f46d0790-8dbd-4cb6-8f4c-c6e5ec7e9ab0","L29","334","강창그린시티","128.4642361","35.8584527","","UTIC","","","","2026-06-07T13:36:42.375374+00:00","2026-06-07T13:36:42.375374+00:00"
"43225636-ffe2-4d2e-aec3-b50fb7142df6","L29","335","대실역네거리","128.4656321","35.8573182","","UTIC","","","","2026-06-07T13:36:42.375374+00:00","2026-06-07T13:36:42.375374+00:00"
"7129ea23-6c85-42f7-a2b9-99622090e2c0","L29","336","강창교서편","128.4698361","35.8541804","","UTIC","","","","2026-06-07T13:36:42.375374+00:00","2026-06-07T13:36:42.375374+00:00"
"17caacc7-ccd8-477b-8d11-d88b26888d03","L29","337","수도맨션서편","128.5929731","35.8567514","","UTIC","","","","2026-06-07T13:36:42.375374+00:00","2026-06-07T13:36:42.375374+00:00"
"d700c820-016b-4ddd-92c2-c5ce6475cbe2","L29","338","신대한LPG","128.5553299","35.8680315","","UTIC","","","","2026-06-07T13:36:42.375374+00:00","2026-06-07T13:36:42.375374+00:00"
"29797cb9-5170-4b11-b1cd-5db16f464072","L29","339","상동주유소","128.611401","35.8336301","","UTIC","","","","2026-06-07T13:36:42.375374+00:00","2026-06-07T13:36:42.375374+00:00"
"b6dd5b5c-3b0b-406c-b798-98d0d2eb82ac","L29","340","파동주민자치센타","128.614866","35.8153939","","UTIC","","","","2026-06-07T13:36:42.375374+00:00","2026-06-07T13:36:42.375374+00:00"
"db1a61c1-a6b9-44cc-be7a-efa3bec6810a","L29","341","고산태성아파트","128.7041043","35.8360142","","UTIC","","","","2026-06-07T13:36:42.375374+00:00","2026-06-07T13:36:42.375374+00:00"
"b90b7dfe-0ede-4a86-aab3-487c0ebdc943","L29","342","시지월마트","128.7044266","35.8391816","","UTIC","","","","2026-06-07T13:36:42.375374+00:00","2026-06-07T13:36:42.375374+00:00"
"ed4405ae-ac00-4610-8808-b5ec6714436e","L29","343","신매두성타운삼거리","128.7035645","35.833021","","UTIC","","","","2026-06-07T13:36:42.375374+00:00","2026-06-07T13:36:42.375374+00:00"
"f3436e31-e040-4989-a1b2-9217d2218457","L29","344","성요셉병원앞삼거리","128.4528429","35.721027","","UTIC","","","","2026-06-07T13:36:42.375374+00:00","2026-06-07T13:36:42.375374+00:00"
"f3bb04d1-420c-4a09-af9e-c93064af9a1e","L29","345","문화재네거리","128.7031404","35.8307832","","UTIC","","","","2026-06-07T13:36:42.375374+00:00","2026-06-07T13:36:42.375374+00:00"
"1fee4dc8-cd7b-4607-9699-0d49e9dc1f69","L29","346","시티프라디움동편","128.6937861","35.8737958","","UTIC","","","","2026-06-07T13:36:42.375374+00:00","2026-06-07T13:36:42.375374+00:00"
"84919874-53a1-49d1-b3f1-0fd29eaeab37","L29","347","시지고교","128.7065443","35.8295454","","UTIC","","","","2026-06-07T13:36:42.375374+00:00","2026-06-07T13:36:42.375374+00:00"
"49ec118c-3d2f-4016-8617-cc27073f469c","L29","348","월드컵네거리","128.6834935","35.8331598","","UTIC","","","","2026-06-07T13:36:42.375374+00:00","2026-06-07T13:36:42.375374+00:00"
"ce3a7a32-270b-40fe-ae1c-116c9f9f9ec0","L29","349","고산3동사무소","128.706085","35.8437538","","UTIC","","","","2026-06-07T13:36:42.375374+00:00","2026-06-07T13:36:42.375374+00:00"
"b763adc4-469f-4341-b2f8-95416781dfa4","L29","350","법원앞","128.626864","35.8627764","","UTIC","","","","2026-06-07T13:36:42.375374+00:00","2026-06-07T13:36:42.375374+00:00"
"706c6843-c172-4d5e-a8c8-6d6bc7f6e23e","L29","351","관계삼거리","128.649524","35.8189063","","UTIC","","","","2026-06-07T13:36:42.375374+00:00","2026-06-07T13:36:42.375374+00:00"
"160a3260-eb77-4af5-b882-d98d146882da","L29","352","동원초등남편","128.6396474","35.8626386","","UTIC","","","","2026-06-07T13:36:42.375374+00:00","2026-06-07T13:36:42.375374+00:00"
"8add9c37-c36f-458d-8f93-c82570ce2772","L29","353","동원초등북편삼거리","128.6381944","35.8684167","","UTIC","","","","2026-06-07T13:36:42.375374+00:00","2026-06-07T13:36:42.375374+00:00"
"4a9b59ce-120c-4408-85f5-4bcbcf0b3181","L29","354","삼보철강","128.6114927","35.9111314","","UTIC","","","","2026-06-07T13:36:42.375374+00:00","2026-06-07T13:36:42.375374+00:00"
"5e0d10ce-47e2-45f3-9195-be1847ddac98","L29","355","동구시장","128.6392397","35.87321","","UTIC","","","","2026-06-07T13:36:42.375374+00:00","2026-06-07T13:36:42.375374+00:00"
"792129b1-af28-4343-9557-13358ada9517","L29","356","효신네거리남편","128.6365741","35.8703286","","UTIC","","","","2026-06-07T13:36:42.375374+00:00","2026-06-07T13:36:42.375374+00:00"
"15bc50c1-87af-4612-80b6-262c02901cd4","L29","357","경북임업협동조합","128.63132","35.883307","","UTIC","","","","2026-06-07T13:36:42.375374+00:00","2026-06-07T13:36:42.375374+00:00"
"1e65cb3d-ef81-448c-a633-e143ceb8bb82","L29","358","범물파출소","128.6463966","35.8182868","","UTIC","","","","2026-06-07T13:36:42.375374+00:00","2026-06-07T13:36:42.375374+00:00"
"097e8c7e-2ac6-493f-a09d-c03e52c01125","L29","359","중동네거리서편","128.6101711","35.8409459","","UTIC","","","","2026-06-07T13:36:42.375374+00:00","2026-06-07T13:36:42.375374+00:00"
"bbb82e89-fa5a-4100-bfe2-388349bb380c","L29","360","중동네거리남편","128.6120412","35.8387445","","UTIC","","","","2026-06-07T13:36:42.375374+00:00","2026-06-07T13:36:42.375374+00:00"
"16a97ccc-721b-4f4d-931a-9f20043f04f0","L29","361","만평네거리","128.5622311","35.8896505","","UTIC","","","","2026-06-07T13:36:42.375374+00:00","2026-06-07T13:36:42.375374+00:00"
"9823f652-1401-45e5-abb5-1d1d4bff7cdf","L29","362","범물청림타운","128.647717","35.8155247","","UTIC","","","","2026-06-07T13:36:42.375374+00:00","2026-06-07T13:36:42.375374+00:00"
"e1e99723-e21c-4c30-899b-56a23c1c295d","L29","363","삼천리주유소","128.5585208","35.8901944","","UTIC","","","","2026-06-07T13:36:42.375374+00:00","2026-06-07T13:36:42.375374+00:00"
"e53c9bbb-1848-4e61-ba98-f9753b0ee764","L29","364","큰고개오거리남편","128.635053","35.8836392","","UTIC","","","","2026-06-07T13:36:42.375374+00:00","2026-06-07T13:36:42.375374+00:00"
"3f29d276-2dfe-49ff-a68a-8bdfde404aad","L29","365","약사회관앞","128.6185046","35.8466553","","UTIC","","","","2026-06-07T13:36:42.375374+00:00","2026-06-07T13:36:42.375374+00:00"
"b3c09ded-d3d6-41e5-b421-707c0b9c163b","L29","366","산장맨션남편","128.649508","35.8467292","","UTIC","","","","2026-06-07T13:36:42.375374+00:00","2026-06-07T13:36:42.375374+00:00"
"3887507e-2865-44c0-a2ad-b0ab97a43570","L29","367","지산한라맨션","128.6382286","35.8221968","","UTIC","","","","2026-06-07T13:36:42.375374+00:00","2026-06-07T13:36:42.375374+00:00"
"c84466e9-0c30-41fd-9a44-759b7f5e3160","L29","368","중동원천주유소","128.6147888","35.8468836","","UTIC","","","","2026-06-07T13:36:42.375374+00:00","2026-06-07T13:36:42.375374+00:00"
"79e20d81-498d-4aeb-aed0-ab5cf9f21bc3","L29","369","대백인터빌","128.6137327","35.8561364","","UTIC","","","","2026-06-07T13:36:42.375374+00:00","2026-06-07T13:36:42.375374+00:00"
"c35f16a6-d0e8-4bdf-bf57-2484f236c859","L29","370","만촌유명식당","128.6494401","35.8672265","","UTIC","","","","2026-06-07T13:36:42.375374+00:00","2026-06-07T13:36:42.375374+00:00"
"f1d7e2c9-093c-4a61-86d5-bf22fece59bb","L29","371","수성탕","128.611595","35.8347404","","UTIC","","","","2026-06-07T13:36:42.375374+00:00","2026-06-07T13:36:42.375374+00:00"
"85ff1520-3b8b-4ef7-8aa4-b1a2a04d940d","L29","372","동노변초등학교","128.7041903","35.8343413","","UTIC","","","","2026-06-07T13:36:42.375374+00:00","2026-06-07T13:36:42.375374+00:00"
"0baa24df-9d66-4c62-858c-485e17b3fa4a","L29","373","동변초등","128.6036825","35.9184992","","UTIC","","","","2026-06-07T13:36:42.375374+00:00","2026-06-07T13:36:42.375374+00:00"
"9edaafe7-99b4-4d58-8b6b-116b25725174","L29","374","정법사","128.6316655","35.88665","","UTIC","","","","2026-06-07T13:36:42.375374+00:00","2026-06-07T13:36:42.375374+00:00"
"9a1aaa54-ac08-46e4-a6f5-7e40702ca3fd","L29","375","성서공단네거리서편","128.5040843","35.8353954","","UTIC","","","","2026-06-07T13:36:42.375374+00:00","2026-06-07T13:36:42.375374+00:00"
"6ab6e5a6-f8d0-4409-8c77-11b34b476a63","L29","376","경보스테인레스","128.5890207","35.8985717","","UTIC","","","","2026-06-07T13:36:42.375374+00:00","2026-06-07T13:36:42.375374+00:00"
"1d43dc6d-51ef-497f-b46d-516c99fe1dbd","L29","377","신성초등서편","128.6262385","35.8906706","","UTIC","","","","2026-06-07T13:36:42.375374+00:00","2026-06-07T13:36:42.375374+00:00"
"0690b212-7df0-4255-8bd5-78e2cec42021","L29","378","신성초등","128.6284708","35.8890904","","UTIC","","","","2026-06-07T13:36:42.375374+00:00","2026-06-07T13:36:42.375374+00:00"
"ba6dee0c-aed3-4d54-8900-9fe5263164bf","L29","379","공고네거리","128.6139858","35.8811712","","UTIC","","","","2026-06-07T13:36:42.375374+00:00","2026-06-07T13:36:42.375374+00:00"
"969e19fc-3740-4944-a8d7-1ec0d450551a","L29","380","궁전라벤다","128.6188876","35.8820875","","UTIC","","","","2026-06-07T13:36:42.375374+00:00","2026-06-07T13:36:42.375374+00:00"
"1666eac2-7682-46fa-b986-8aa6136f3a01","L29","381","대영신협앞","128.6151092","35.8792367","","UTIC","","","","2026-06-07T13:36:42.375374+00:00","2026-06-07T13:36:42.375374+00:00"
"7f9dc034-d8a3-4a3d-9a52-4556b0dde360","L29","382","신암전화국","128.6269205","35.8850337","","UTIC","","","","2026-06-07T13:36:42.375374+00:00","2026-06-07T13:36:42.375374+00:00"
"781ec6ee-dd22-405a-8918-b3589ac2b53c","L29","383","아양교남편","128.6407705","35.8875757","","UTIC","","","","2026-06-07T13:36:42.375374+00:00","2026-06-07T13:36:42.375374+00:00"
"e4e00cb4-af6b-4953-921c-a0a450649b3b","L29","384","아양교북편","128.6423016","35.8898617","","UTIC","","","","2026-06-07T13:36:42.375374+00:00","2026-06-07T13:36:42.375374+00:00"
"8e56b6b0-224a-48de-8d3f-7591518073e7","L29","385","입석네거리","128.6435219","35.8921069","","UTIC","","","","2026-06-07T13:36:42.375374+00:00","2026-06-07T13:36:42.375374+00:00"
"907bf3f4-09b3-42e8-8302-c3c488d9eec5","L29","386","큰고개오거리","128.6330896","35.8855378","","UTIC","","","","2026-06-07T13:36:42.375374+00:00","2026-06-07T13:36:42.375374+00:00"
"52c62233-fc99-4af7-ae4b-ffb575dd8059","L29","387","신암일진주유소","128.6302409","35.8819789","","UTIC","","","","2026-06-07T13:36:42.375374+00:00","2026-06-07T13:36:42.375374+00:00"
"dfa8a819-3810-4656-838c-b6c319f45dd4","L29","388","파티마삼거리","128.6239615","35.8832895","","UTIC","","","","2026-06-07T13:36:42.375374+00:00","2026-06-07T13:36:42.375374+00:00"
"bb084dfc-2a45-47ed-937c-637df9b98021","L29","389","팔공화성그린빌라","128.6306375","35.9770968","","UTIC","","","","2026-06-07T13:36:42.375374+00:00","2026-06-07T13:36:42.375374+00:00"
"f0e1e441-a17b-448e-85dd-0c2d63176984","L29","390","효목삼거리","128.6317665","35.877813","","UTIC","","","","2026-06-07T13:36:42.375374+00:00","2026-06-07T13:36:42.375374+00:00"
"55321734-8d6d-4091-b791-72ac38cf6477","L29","391","경북수협남편","128.6331076","35.8762583","","UTIC","","","","2026-06-07T13:36:42.375374+00:00","2026-06-07T13:36:42.375374+00:00"
"784e2356-d011-4663-bc64-09ae78f65465","L29","392","대도LPG","128.6229896","35.8758187","","UTIC","","","","2026-06-07T13:36:42.375374+00:00","2026-06-07T13:36:42.375374+00:00"
"44310630-bab7-4431-99f6-9a38eeec878b","L29","393","파티마삼거리남편","128.6260667","35.8811839","","UTIC","","","","2026-06-07T13:36:42.375374+00:00","2026-06-07T13:36:42.375374+00:00"
"66451a9d-c350-4b10-b997-9c803bc38482","L29","394","동대구초등","128.6210443","35.8787016","","UTIC","","","","2026-06-07T13:36:42.375374+00:00","2026-06-07T13:36:42.375374+00:00"
"0d3e6177-1abf-43a2-97ac-e227b9c0e92b","L29","395","동신초등","128.6161012","35.877376","","UTIC","","","","2026-06-07T13:36:42.375374+00:00","2026-06-07T13:36:42.375374+00:00"
"e3767d2a-d078-4987-9803-709487f3fc40","L29","396","송라시장","128.6147612","35.8740958","","UTIC","","","","2026-06-07T13:36:42.375374+00:00","2026-06-07T13:36:42.375374+00:00"
"866afd7a-1be9-45a1-8dff-fba440ac6e2d","L29","397","신천네거리","128.6175896","35.8746165","","UTIC","","","","2026-06-07T13:36:42.375374+00:00","2026-06-07T13:36:42.375374+00:00"
"dda2fe5f-41d9-4bae-ab68-da8cf8227bef","L29","398","신천네거리남편","128.6189657","35.8722595","","UTIC","","","","2026-06-07T13:36:42.375374+00:00","2026-06-07T13:36:42.375374+00:00"
"dfc461d1-a53d-4323-b605-7adf1feaf642","L29","399","구.조달청","128.6353197","35.8793777","","UTIC","","","","2026-06-07T13:36:42.375374+00:00","2026-06-07T13:36:42.375374+00:00"
"e88f26d6-3bae-43bb-bcaa-e2d082fc16cf","L29","400","입석네거리서편","128.6424517","35.8933741","","UTIC","","","","2026-06-07T13:36:42.375374+00:00","2026-06-07T13:36:42.375374+00:00"
"f7d75580-2eac-4ee0-b33f-48f401793b32","L29","401","효신네거리북편","128.6347194","35.8733347","","UTIC","","","","2026-06-07T13:36:42.375374+00:00","2026-06-07T13:36:42.375374+00:00"
"7122ad74-ce58-4486-8df7-4477cbe816b8","L29","402","삼덕파출소","128.5997958","35.8682314","","UTIC","","","","2026-06-07T13:36:42.375374+00:00","2026-06-07T13:36:42.375374+00:00"
"3b763d5f-f93e-4f6c-b0b3-41a2d509fbbe","L29","403","신천3동파출소북편","128.6197899","35.8706579","","UTIC","","","","2026-06-07T13:36:42.375374+00:00","2026-06-07T13:36:42.375374+00:00"
"28f13292-46cd-48c7-88b0-1d2019e8ffa3","L29","404","동구청앞","128.6358837","35.8860699","","UTIC","","","","2026-06-07T13:36:42.375374+00:00","2026-06-07T13:36:42.375374+00:00"
"1d8469c2-42e8-4efc-8084-9eaecf9a835e","L29","405","중리꽃동네","128.546231","35.862706","","UTIC","","","","2026-06-07T13:36:42.375374+00:00","2026-06-07T13:36:42.375374+00:00"
"027c2260-dea9-4e14-b049-c2a798b84b5d","L29","406","복현이수1단지","128.6237308","35.8980217","","UTIC","","","","2026-06-07T13:36:42.375374+00:00","2026-06-07T13:36:42.375374+00:00"
"2d7e809c-db01-4868-bab0-88acaa6becf6","L29","407","복현이수2단지","128.6243836","35.8969045","","UTIC","","","","2026-06-07T13:36:42.375374+00:00","2026-06-07T13:36:42.375374+00:00"
"71a862bc-f574-459b-9678-e7d9ca9b23d8","L29","408","화원삼주타운앞","128.4878428","35.8077786","","UTIC","","","","2026-06-07T13:36:42.375374+00:00","2026-06-07T13:36:42.375374+00:00"
"d87c7929-c3bf-4b82-ba6d-e6b443af0575","L29","409","강촌마을입구","128.6685904","35.8766131","","UTIC","","","","2026-06-07T13:36:42.375374+00:00","2026-06-07T13:36:42.375374+00:00"
"fe353d8d-c30a-4533-8b9c-9cabd6ec61d2","L29","410","동서강변아파트","128.6783459","35.8750804","","UTIC","","","","2026-06-07T13:36:42.375374+00:00","2026-06-07T13:36:42.375374+00:00"
"68059551-9769-48ea-a540-e1b881c20ec8","L29","411","천일주유소","128.6807369","35.875056","","UTIC","","","","2026-06-07T13:36:42.375374+00:00","2026-06-07T13:36:42.375374+00:00"
"b71c4a1d-547e-41a0-b083-7ba698016bf7","L29","412","현대은하맨션","128.6738504","35.8755937","","UTIC","","","","2026-06-07T13:36:42.375374+00:00","2026-06-07T13:36:42.375374+00:00"
"fbffdc60-b353-4819-8e6f-88a3aaf83dee","L29","413","공항네거리","128.6381204","35.8981552","","UTIC","","","","2026-06-07T13:36:42.375374+00:00","2026-06-07T13:36:42.375374+00:00"
"8cb48e13-4524-435e-a5d0-f46cfa080f66","L29","414","공항입구","128.63962","35.8972967","","UTIC","","","","2026-06-07T13:36:42.375374+00:00","2026-06-07T13:36:42.375374+00:00"
"883aff11-5ead-49ed-a6cb-6588758a1037","L29","415","불로삼거리","128.6350015","35.8999819","","UTIC","","","","2026-06-07T13:36:42.375374+00:00","2026-06-07T13:36:42.375374+00:00"
"40b1492a-95ae-4743-8535-abdf3e3671ea","L29","416","불로우방타운","128.6308053","35.900859","","UTIC","","","","2026-06-07T13:36:42.375374+00:00","2026-06-07T13:36:42.375374+00:00"
"af1fe887-0d0f-463a-900c-ce97d5f12973","L29","417","불로북편삼거리","128.6372758","35.9028526","","UTIC","","","","2026-06-07T13:36:42.375374+00:00","2026-06-07T13:36:42.375374+00:00"
"3b8862c6-f4f5-401b-8905-7add70b1af83","L29","418","지묘동입구","128.6408674","35.9373168","","UTIC","","","","2026-06-07T13:36:42.375374+00:00","2026-06-07T13:36:42.375374+00:00"
"99e3dd91-017c-4c40-8b96-ef7ddfe8263e","L29","419","파계삼거리","128.6377402","35.9414957","","UTIC","","","","2026-06-07T13:36:42.375374+00:00","2026-06-07T13:36:42.375374+00:00"
"a2830845-702b-49ac-b31c-99cd5d1db99e","L29","420","화성명산타운","128.6374299","35.9436446","","UTIC","","","","2026-06-07T13:36:42.375374+00:00","2026-06-07T13:36:42.375374+00:00"
"f324e942-794a-494f-824a-f38a036a1253","L29","421","달성초교정문","128.57962","35.8816912","","UTIC","","","","2026-06-07T13:36:42.375374+00:00","2026-06-07T13:36:42.375374+00:00"
"e4d9e2d1-7040-4855-9b7d-0d9bf09239e4","L29","422","MBC네거리","128.6268602","35.8669262","","UTIC","","","","2026-06-07T13:36:42.375374+00:00","2026-06-07T13:36:42.375374+00:00"
"ada3c206-768b-4a93-abe2-cf1ee85f0a84","L29","423","동대구역","128.6261372","35.8765106","","UTIC","","","","2026-06-07T13:36:42.375374+00:00","2026-06-07T13:36:42.375374+00:00"
"fd2a2462-c26b-4110-90b5-d369e3e7f89c","L29","424","남선알미늄","128.6627497","35.8827002","","UTIC","","","","2026-06-07T13:36:42.375374+00:00","2026-06-07T13:36:42.375374+00:00"
"fc8c5659-ef67-4b15-af66-8ad3c1a98eda","L29","425","동촌네거리","128.6519834","35.8873409","","UTIC","","","","2026-06-07T13:36:42.375374+00:00","2026-06-07T13:36:42.375374+00:00"
"b28e6078-d165-4c15-be6a-6b0252b172b7","L29","426","동촌정거장","128.6503396","35.8860388","","UTIC","","","","2026-06-07T13:36:42.375374+00:00","2026-06-07T13:36:42.375374+00:00"
"69f738df-5b8a-4ba0-b3f7-65a9f628c65b","L29","427","동촌초등","128.6586397","35.8836716","","UTIC","","","","2026-06-07T13:36:42.375374+00:00","2026-06-07T13:36:42.375374+00:00"
"b77ee6a9-a8a2-4ea0-ba64-fb2f5c612896","L29","428","방촌시장","128.6651627","35.8815989","","UTIC","","","","2026-06-07T13:36:42.375374+00:00","2026-06-07T13:36:42.375374+00:00"
"8ff92802-7852-4cba-9503-42ec9bda4f89","L29","429","방촌우체국","128.6671477","35.8806837","","UTIC","","","","2026-06-07T13:36:42.375374+00:00","2026-06-07T13:36:42.375374+00:00"
"ff39e488-f29e-41b7-ad9f-6068aae15a85","L29","430","방촌파출소","128.6714204","35.8792952","","UTIC","","","","2026-06-07T13:36:42.375374+00:00","2026-06-07T13:36:42.375374+00:00"
"53f0d54a-85c2-4c75-9a08-f777e6596907","L29","431","방촌파출소서편","128.6692359","35.8799383","","UTIC","","","","2026-06-07T13:36:42.375374+00:00","2026-06-07T13:36:42.375374+00:00"
"bfa73e31-f856-400e-a554-0f398b8f0cba","L29","432","백자맨션","128.6768009","35.8776837","","UTIC","","","","2026-06-07T13:36:42.375374+00:00","2026-06-07T13:36:42.375374+00:00"
"569892e2-2ab8-4cb5-99e3-a311023639f0","L29","433","반야월삼거리","128.6884308","35.8739568","","UTIC","","","","2026-06-07T13:36:42.375374+00:00","2026-06-07T13:36:42.375374+00:00"
"ab8f0187-569c-4664-8996-cb8a5f6a6c91","L29","434","용계삼거리","128.68146","35.8762624","","UTIC","","","","2026-06-07T13:36:42.375374+00:00","2026-06-07T13:36:42.375374+00:00"
"227515dc-84dd-494c-a45e-f2fa163779aa","L29","435","용호삼거리","128.67476","35.8783025","","UTIC","","","","2026-06-07T13:36:42.375374+00:00","2026-06-07T13:36:42.375374+00:00"
"4e4f796f-7979-4cca-8492-f105212d2a6d","L29","436","동촌중앙교회","128.647595","35.8898613","","UTIC","","","","2026-06-07T13:36:42.375374+00:00","2026-06-07T13:36:42.375374+00:00"
"4b39fff1-7f85-41bb-bcef-b831de51cc7a","L29","437","기자촌삼거리","128.6397043","35.8772182","","UTIC","","","","2026-06-07T13:36:42.375374+00:00","2026-06-07T13:36:42.375374+00:00"
"0301ce81-b9ce-40e9-a8ca-2680de7f722e","L29","438","신서녹원맨션","128.7290937","35.8717472","","UTIC","","","","2026-06-07T13:36:42.375374+00:00","2026-06-07T13:36:42.375374+00:00"
"274dbeaa-846a-47f7-b2ed-00f484867923","L29","439","안심1동사무소","128.7027704","35.8729974","","UTIC","","","","2026-06-07T13:36:42.375374+00:00","2026-06-07T13:36:42.375374+00:00"
"c29cb2c6-70f4-4466-acb8-cdfc681c3415","L29","440","율하교서편","128.6956704","35.873634","","UTIC","","","","2026-06-07T13:36:42.375374+00:00","2026-06-07T13:36:42.375374+00:00"
"e311d224-dfc0-463c-a35e-93db69eaa05e","L29","441","저탄장입구","128.7005938","35.8732085","","UTIC","","","","2026-06-07T13:36:42.375374+00:00","2026-06-07T13:36:42.375374+00:00"
"183d3a3d-ef21-4f99-8bba-4dfef98135fe","L29","442","한전동대구지점","128.634337","35.8746601","","UTIC","","","","2026-06-07T13:36:42.375374+00:00","2026-06-07T13:36:42.375374+00:00"
"990e140a-310e-4e96-a1ca-2b3a1ae58d7f","L29","443","파티마병원서편","128.6211625","35.8825974","","UTIC","","","","2026-06-07T13:36:42.375374+00:00","2026-06-07T13:36:42.375374+00:00"
"7bf29d29-e418-4a64-9c58-e5215f7ba6e2","L29","444","본리파출소","128.5370225","35.8418904","","UTIC","","","","2026-06-07T13:36:42.375374+00:00","2026-06-07T13:36:42.375374+00:00"
"0432a2bd-7f4d-4795-bf51-a3f095ed5c1a","L29","445","대동초등동편","128.6125855","35.8986631","","UTIC","","","","2026-06-07T13:36:42.375374+00:00","2026-06-07T13:36:42.375374+00:00"
"6587839b-0df6-4f14-9b9e-65e329a3fcfe","L29","446","본리파출소서편","128.5341402","35.8419317","","UTIC","","","","2026-06-07T13:36:42.375374+00:00","2026-06-07T13:36:42.375374+00:00"
"3066e043-805d-404a-a355-2a316fa0d996","L29","447","효성타운앞","128.6029112","35.8343609","","UTIC","","","","2026-06-07T13:36:42.375374+00:00","2026-06-07T13:36:42.375374+00:00"
"e7d4be35-c1a8-4576-8eb5-0dad5ea779a3","L29","448","복현초등","128.6206278","35.8987395","","UTIC","","","","2026-06-07T13:36:42.375374+00:00","2026-06-07T13:36:42.375374+00:00"
"bffd114a-8edb-48a6-88fc-f19c191a98f0","L29","449","강북네거리","128.5484641","35.9327593","","UTIC","","","","2026-06-07T13:36:42.375374+00:00","2026-06-07T13:36:42.375374+00:00"
"13a64357-0c7a-4e8d-a90c-55ac0b7022df","L29","450","경북고속주유소","128.5527721","35.9502038","","UTIC","","","","2026-06-07T13:36:42.375374+00:00","2026-06-07T13:36:42.375374+00:00"
"e7eea23e-d02e-4172-8568-fffdc07e060b","L29","451","시설관리공단","128.5610269","35.8384359","","UTIC","","","","2026-06-07T13:36:42.375374+00:00","2026-06-07T13:36:42.375374+00:00"
"11b40406-f002-4f26-aa8d-44650a2a4927","L29","452","면허시험장입구","128.5473159","35.925583","","UTIC","","","","2026-06-07T13:36:42.375374+00:00","2026-06-07T13:36:42.375374+00:00"
"5f45b0db-a382-48de-a828-fa6666329a94","L29","453","소년원","128.5501281","35.9402353","","UTIC","","","","2026-06-07T13:36:42.375374+00:00","2026-06-07T13:36:42.375374+00:00"
"9c2067f8-1b7b-41b9-b443-4bf43eb5f6c2","L29","454","안평농산물입구","128.5528983","35.9594793","","UTIC","","","","2026-06-07T13:36:42.375374+00:00","2026-06-07T13:36:42.375374+00:00"
"12cef48c-5052-4405-86ab-4b684fe59623","L29","455","칠곡관천초등","128.5522526","35.9321427","","UTIC","","","","2026-06-07T13:36:42.375374+00:00","2026-06-07T13:36:42.375374+00:00"
"8a68aa1e-5a75-4e39-9205-5d6fb874fcf8","L29","456","칠곡농촌진흥원","128.5549898","35.9559153","","UTIC","","","","2026-06-07T13:36:42.375374+00:00","2026-06-07T13:36:42.375374+00:00"
"a5b636c9-ed9a-45cb-a9b0-dd6efaeba79f","L29","457","칠곡목련아파트","128.5490169","35.9361044","","UTIC","","","","2026-06-07T13:36:42.375374+00:00","2026-06-07T13:36:42.375374+00:00"
"718f3296-68fa-458e-b1f9-dfa055ad765d","L29","458","칠곡우체국네거리","128.5513359","35.9470323","","UTIC","","","","2026-06-07T13:36:42.375374+00:00","2026-06-07T13:36:42.375374+00:00"
"f064c21e-4e3b-46ae-b6d5-b6988519805b","L29","459","칠곡지하도남편","128.5477774","35.9287941","","UTIC","","","","2026-06-07T13:36:42.375374+00:00","2026-06-07T13:36:42.375374+00:00"
"38388fec-dac1-4c77-8e1b-981d3459b8e2","L29","460","칠곡초등","128.5510053","35.9448649","","UTIC","","","","2026-06-07T13:36:42.375374+00:00","2026-06-07T13:36:42.375374+00:00"
"51534df5-6e3f-496c-a6e0-f8c751a2bbef","L29","461","대구공항앞","128.636577","35.8990413","","UTIC","","","","2026-06-07T13:36:42.375374+00:00","2026-06-07T13:36:42.375374+00:00"
"e89bba9c-6f5f-4986-8b55-2a2d2efd9c45","L29","462","동부경찰서","128.7208046","35.8719023","","UTIC","","","","2026-06-07T13:36:42.375374+00:00","2026-06-07T13:36:42.375374+00:00"
"95fa76aa-2747-422d-8552-e4eba46181c5","L29","463","신암보성아파트","128.6253949","35.8867801","","UTIC","","","","2026-06-07T13:36:42.375374+00:00","2026-06-07T13:36:42.375374+00:00"
"bb8b4b33-3efb-49a1-a6a4-470a8f17e54d","L29","464","각산네거리","128.7137433","35.8720123","","UTIC","","","","2026-06-07T13:36:42.375374+00:00","2026-06-07T13:36:42.375374+00:00"
"19058303-b1c5-4994-9582-b31d82fd627a","L29","465","화진약국","128.5484517","35.9164984","","UTIC","","","","2026-06-07T13:36:42.375374+00:00","2026-06-07T13:36:42.375374+00:00"
"099d5d0f-100d-4ebd-8093-92c474b7670c","L29","466","신서데시앙아파트","128.70891","35.8722434","","UTIC","","","","2026-06-07T13:36:42.375374+00:00","2026-06-07T13:36:42.375374+00:00"
"09ec305c-02e9-48d8-ba1a-977cf43a7055","L29","467","대림육교","128.7425768","35.8724174","","UTIC","","","","2026-06-07T13:36:42.375374+00:00","2026-06-07T13:36:42.375374+00:00"
"b5048d7d-dfbd-485e-91f8-f674d740c2fd","L29","468","각산역네거리","128.7238278","35.867849","","UTIC","","","","2026-06-07T13:36:42.375374+00:00","2026-06-07T13:36:42.375374+00:00"
"f7da0df5-b8b3-464c-bb3b-81d580cf65d2","L29","469","반야월네거리","128.7135363","35.8659957","","UTIC","","","","2026-06-07T13:36:42.375374+00:00","2026-06-07T13:36:42.375374+00:00"
"70c97f90-83c5-4921-8818-acb47869f50b","L29","470","반야월계량사","128.7078583","35.8660586","","UTIC","","","","2026-06-07T13:36:42.375374+00:00","2026-06-07T13:36:42.375374+00:00"
"55a1acba-542b-4907-9f03-92445cc26f39","L29","471","송정삼거리","128.7335649","35.8711601","","UTIC","","","","2026-06-07T13:36:42.375374+00:00","2026-06-07T13:36:42.375374+00:00"
"4c498c74-5263-4072-b473-beb4ece3b827","L29","472","안심여중","128.7017066","35.8667406","","UTIC","","","","2026-06-07T13:36:42.375374+00:00","2026-06-07T13:36:42.375374+00:00"
"092e6a03-63af-4492-900a-9c263b282e60","L29","473","안일빌라","128.7291361","35.86962","","UTIC","","","","2026-06-07T13:36:42.375374+00:00","2026-06-07T13:36:42.375374+00:00"
"b39d75da-5229-47b6-a2fd-0131806e9896","L29","474","안일초등","128.692597","35.8699422","","UTIC","","","","2026-06-07T13:36:42.375374+00:00","2026-06-07T13:36:42.375374+00:00"
"c14faa75-269d-4b3c-b14d-d4c8df922008","L29","475","제2율하교","128.6908701","35.8715165","","UTIC","","","","2026-06-07T13:36:42.375374+00:00","2026-06-07T13:36:42.375374+00:00"
"db0bb318-c460-46f7-8df1-12e6611ff81f","L29","476","반야월초등","128.7108105","35.8720631","","UTIC","","","","2026-06-07T13:36:42.375374+00:00","2026-06-07T13:36:42.375374+00:00"
"5937ea44-2939-4dda-bf01-c1a779e23449","L29","477","율동2","128.7141846","35.8642293","","UTIC","","","","2026-06-07T13:36:42.375374+00:00","2026-06-07T13:36:42.375374+00:00"
"cfedaab5-92f3-44d8-a231-60df080a48ae","L29","478","봉산육거리남편","128.5993433","35.8627946","","UTIC","","","","2026-06-07T13:36:42.375374+00:00","2026-06-07T13:36:42.375374+00:00"
"05782d8f-ee21-4d56-afc6-92b472707fd6","L29","479","동호대동레미콘","128.7181404","35.865939","","UTIC","","","","2026-06-07T13:36:42.375374+00:00","2026-06-07T13:36:42.375374+00:00"
"7657719a-0757-46a5-93fa-a5c586b7fc15","L29","480","동호초등","128.7219508","35.8650103","","UTIC","","","","2026-06-07T13:36:42.375374+00:00","2026-06-07T13:36:42.375374+00:00"
"42115224-dc91-42e6-a177-7f98bd2380ff","L29","481","동호아름다운나날","128.7248398","35.8660142","","UTIC","","","","2026-06-07T13:36:42.375374+00:00","2026-06-07T13:36:42.375374+00:00"
"b1092565-de62-4710-80bc-1b9c178e6b9a","L29","482","동호강동중학네거리","128.7287984","35.867327","","UTIC","","","","2026-06-07T13:36:42.375374+00:00","2026-06-07T13:36:42.375374+00:00"
"1e604048-e25b-4bfa-8225-b79780e6afa9","L29","483","동호강동고등삼거리","128.7288215","35.8648215","","UTIC","","","","2026-06-07T13:36:42.375374+00:00","2026-06-07T13:36:42.375374+00:00"
"8598050d-aa5d-4552-a322-42da967bbb9c","L29","484","천내초등","128.5013486","35.8106026","","UTIC","","","","2026-06-07T13:36:42.375374+00:00","2026-06-07T13:36:42.375374+00:00"
"25c305a9-c46a-4938-8c2c-096542bb8551","L29","485","보호관찰소앞","128.6387275","35.8867746","","UTIC","","","","2026-06-07T13:36:42.375374+00:00","2026-06-07T13:36:42.375374+00:00"
"aad5673e-6a17-4148-bff0-98a55ee31fad","L29","486","방천삼거리","128.5161143","35.8906291","","UTIC","","","","2026-06-07T13:36:42.375374+00:00","2026-06-07T13:36:42.375374+00:00"
"fbcfc22f-ae11-43c3-858e-6c3cf88660b0","L29","487","용계삼거리동편","128.6842446","35.8754754","","UTIC","","","","2026-06-07T13:36:42.375374+00:00","2026-06-07T13:36:42.375374+00:00"
"6594122d-8840-480a-b66e-aa9852a5a729","L29","488","안심차량기지","128.7400296","35.8726346","","UTIC","","","","2026-06-07T13:36:42.375374+00:00","2026-06-07T13:36:42.375374+00:00"
"98071315-5a74-43c6-8030-2b2ac3938998","L29","489","신서E마트","128.7268359","35.8717797","","UTIC","","","","2026-06-07T13:36:42.375374+00:00","2026-06-07T13:36:42.375374+00:00"
"a7b77872-6188-4d52-940d-4406b6ae0a89","L29","490","침산중학교","128.5890664","35.8886676","","UTIC","","","","2026-06-07T13:36:42.375374+00:00","2026-06-07T13:36:42.375374+00:00"
"3a656c13-4024-4401-bf5c-11db8dede705","L29","491","도남초등서편","128.5761257","35.9486512","","UTIC","","","","2026-06-07T13:36:42.375374+00:00","2026-06-07T13:36:42.375374+00:00"
"0abdc7e7-753a-4a1f-80b2-9934f35807af","L29","492","천지냉동","128.5987773","35.9021098","","UTIC","","","","2026-06-07T13:36:42.375374+00:00","2026-06-07T13:36:42.375374+00:00"
"f1940d70-0ca4-40dd-9098-52813908e02e","L29","493","침산대우아파트","128.587598","35.883902","","UTIC","","","","2026-06-07T13:36:42.375374+00:00","2026-06-07T13:36:42.375374+00:00"
"57a2468d-49d9-459b-a65f-09c311251b9e","L29","494","성광우방타운입구","128.5937067","35.8826045","","UTIC","","","","2026-06-07T13:36:42.375374+00:00","2026-06-07T13:36:42.375374+00:00"
"eb68217a-6042-4b9f-b884-d0951f1944c9","L29","495","78산격시영아파트","128.6076942","35.9013284","","UTIC","","","","2026-06-07T13:36:42.375374+00:00","2026-06-07T13:36:42.375374+00:00"
"a060be55-51ea-40d1-9304-786ab2072078","L29","496","백사벌네거리","128.5888","35.9008275","","UTIC","","","","2026-06-07T13:36:42.375374+00:00","2026-06-07T13:36:42.375374+00:00"
"89c7591c-743f-448f-adeb-ae5d51b2e1f7","L29","497","대동초등","128.6109272","35.8993612","","UTIC","","","","2026-06-07T13:36:42.375374+00:00","2026-06-07T13:36:42.375374+00:00"
"c7be1cb7-67aa-485c-b8ce-020e3c4b2d5f","L29","498","복현네거리","128.6220986","35.8923892","","UTIC","","","","2026-06-07T13:36:42.375374+00:00","2026-06-07T13:36:42.375374+00:00"
"cb68bfc9-8c31-48d5-9d13-e862d52ae72b","L29","499","복현여중","128.6243699","35.8913314","","UTIC","","","","2026-06-07T13:36:42.375374+00:00","2026-06-07T13:36:42.375374+00:00"
"7b5b4d76-2e93-4c3d-972a-0ccc9764a255","L29","500","복현파출소","128.6192515","35.8942479","","UTIC","","","","2026-06-07T13:36:42.375374+00:00","2026-06-07T13:36:42.375374+00:00"
"f7042134-a49b-4800-a89c-9db547318fff","L29","501","산격시영삼거리","128.6091567","35.900259","","UTIC","","","","2026-06-07T13:36:42.375374+00:00","2026-06-07T13:36:42.375374+00:00"
"30f2feb9-3a2d-402e-8454-800ab8231ea0","L29","502","연암네거리","128.5963372","35.9016647","","UTIC","","","","2026-06-07T13:36:42.375374+00:00","2026-06-07T13:36:42.375374+00:00"
"60b7c8a2-4c43-4e3d-a74b-b0c6203a4f04","L29","503","산격초등","128.6052343","35.8949678","","UTIC","","","","2026-06-07T13:36:42.375374+00:00","2026-06-07T13:36:42.375374+00:00"
"4755f0d0-9d25-4233-9b7b-73e7e5e2c754","L29","504","시지태왕하이츠","128.7110792","35.8384697","","UTIC","","","","2026-06-07T13:36:42.375374+00:00","2026-06-07T13:36:42.375374+00:00"
"f61a51f8-8aaa-4ab6-8887-47187dc78d5b","L29","505","침산교서편","128.5914006","35.900721","","UTIC","","","","2026-06-07T13:36:42.375374+00:00","2026-06-07T13:36:42.375374+00:00"
"8216f61f-0c71-428e-ae94-1947bd3dcae4","L29","506","강북고교","128.5417669","35.9279523","","UTIC","","","","2026-06-07T13:36:42.375374+00:00","2026-06-07T13:36:42.375374+00:00"
"95896c11-2d46-42a8-ac93-f3da1508379f","L29","507","신도극장","128.6068989","35.8773237","","UTIC","","","","2026-06-07T13:36:42.375374+00:00","2026-06-07T13:36:42.375374+00:00"
"894689ce-9766-495e-8ac8-9869e15d1e44","L29","508","신암강남약국","128.6105892","35.8796668","","UTIC","","","","2026-06-07T13:36:42.375374+00:00","2026-06-07T13:36:42.375374+00:00"
"7acda481-d8fd-40c6-836a-298477639dd1","L29","509","달성학교네거리","128.5806726","35.8814431","","UTIC","","","","2026-06-07T13:36:42.375374+00:00","2026-06-07T13:36:42.375374+00:00"
"fd5f299b-de6a-46e5-838d-d5a6fd0e374c","L29","510","시민운동장","128.5891407","35.8798793","","UTIC","","","","2026-06-07T13:36:42.375374+00:00","2026-06-07T13:36:42.375374+00:00"
"6c79fac3-f018-4e7e-8052-714a5dede2a2","L29","511","역후파출소","128.5887952","35.8789749","","UTIC","","","","2026-06-07T13:36:42.375374+00:00","2026-06-07T13:36:42.375374+00:00"
"14df3d9c-aa12-49f7-ae1f-bd46eda37d8f","L29","512","칠성교","128.6062262","35.8758143","","UTIC","","","","2026-06-07T13:36:42.375374+00:00","2026-06-07T13:36:42.375374+00:00"
"09ac56da-620d-4958-b441-d1ab0299ed04","L29","513","강동마을입구","128.6417058","35.9296368","","UTIC","","","","2026-06-07T13:36:42.375374+00:00","2026-06-07T13:36:42.375374+00:00"
"932d74fe-5b71-4870-b080-7560f144f1fe","L29","514","공산1동파출소","128.6917458","35.9558313","","UTIC","","","","2026-06-07T13:36:42.375374+00:00","2026-06-07T13:36:42.375374+00:00"
"6276759b-1e05-4468-8a45-248ea044ee1b","L29","515","구암고교","128.5524693","35.9250929","","UTIC","","","","2026-06-07T13:36:42.375374+00:00","2026-06-07T13:36:42.375374+00:00"
"2ebd4e99-360a-49ec-b93e-10abd184338f","L29","516","농수산물입구","128.5468658","35.9036099","","UTIC","","","","2026-06-07T13:36:42.375374+00:00","2026-06-07T13:36:42.375374+00:00"
"3a0d5d0c-d626-4930-98f2-823a3fdb0a91","L29","517","백두산주유소","128.5484735","35.9099423","","UTIC","","","","2026-06-07T13:36:42.375374+00:00","2026-06-07T13:36:42.375374+00:00"
"c08fc042-377e-48b1-a472-d6ce4b7360a8","L29","518","대구병원","128.5484769","35.9135288","","UTIC","","","","2026-06-07T13:36:42.375374+00:00","2026-06-07T13:36:42.375374+00:00"
"725b49b3-610e-4c16-ad42-824b6f7638ce","L29","519","구암마을입구","128.6800347","35.9544459","","UTIC","","","","2026-06-07T13:36:42.375374+00:00","2026-06-07T13:36:42.375374+00:00"
"6f0b51a1-e42c-4c51-bcc1-269d16cec01b","L29","520","독불사입구","128.6847626","35.9552717","","UTIC","","","","2026-06-07T13:36:42.375374+00:00","2026-06-07T13:36:42.375374+00:00"
"e2f933b9-4550-420e-baa4-7ffd14b798b8","L29","521","송림스포츠","128.546977","35.9232579","","UTIC","","","","2026-06-07T13:36:42.375374+00:00","2026-06-07T13:36:42.375374+00:00"
"aab0ec29-fc34-449a-bf2e-ca51b432dab2","L29","522","미대동입구","128.6683007","35.9572229","","UTIC","","","","2026-06-07T13:36:42.375374+00:00","2026-06-07T13:36:42.375374+00:00"
"7e88ed54-a401-457f-885c-ce84236d6833","L29","523","공산동사무소","128.6455335","35.9397761","","UTIC","","","","2026-06-07T13:36:42.375374+00:00","2026-06-07T13:36:42.375374+00:00"
"5a68d8dd-aee2-4b4f-97c0-600941eee4e2","L29","524","봉무공원입구","128.6412057","35.9215244","","UTIC","","","","2026-06-07T13:36:42.375374+00:00","2026-06-07T13:36:42.375374+00:00"
"e5551b88-91b7-43aa-b145-89a6050a4e6f","L29","525","불로시장","128.6410205","35.9109477","","UTIC","","","","2026-06-07T13:36:42.375374+00:00","2026-06-07T13:36:42.375374+00:00"
"f43df47d-884b-4724-a2a8-c8e42f5a8463","L29","526","신천교서편","128.6084432","35.872928","","UTIC","","","","2026-06-07T13:36:42.375374+00:00","2026-06-07T13:36:42.375374+00:00"
"c5adc18d-2fc2-44d0-af09-8e5f5603759a","L29","527","불로천주교회","128.6411219","35.9147851","","UTIC","","","","2026-06-07T13:36:42.375374+00:00","2026-06-07T13:36:42.375374+00:00"
"9a3e84bd-7b68-478a-9f74-645cf0982c07","L29","528","도학동중앙상회앞","128.701152","35.9722022","","UTIC","","","","2026-06-07T13:36:42.375374+00:00","2026-06-07T13:36:42.375374+00:00"
"f2677299-2439-4a51-b6ff-9dd2ee6ab074","L29","529","태전우방3차동편","128.5510706","35.9192806","","UTIC","","","","2026-06-07T13:36:42.375374+00:00","2026-06-07T13:36:42.375374+00:00"
"b7cffff7-9aee-41ff-bd97-a99d9ccaf071","L29","530","안심주공1단지","128.6966368","35.86729","","UTIC","","","","2026-06-07T13:36:42.375374+00:00","2026-06-07T13:36:42.375374+00:00"
"9dc22a9d-5b09-4fd4-924e-54303f6e9313","L29","531","태전파출소","128.5464176","35.920413","","UTIC","","","","2026-06-07T13:36:42.375374+00:00","2026-06-07T13:36:42.375374+00:00"
"d05972d2-1a7a-4b89-9f78-2d6317204719","L29","532","태전우방3차서편","128.5508608","35.9176162","","UTIC","","","","2026-06-07T13:36:42.375374+00:00","2026-06-07T13:36:42.375374+00:00"
"975d6a1e-d0f4-46f5-9618-1e8a92cd2228","L29","533","원대오거리","128.575866","35.8875439","","UTIC","","","","2026-06-07T13:36:42.375374+00:00","2026-06-07T13:36:42.375374+00:00"
"f649c4c3-06b0-41bd-971a-796f02c868d3","L29","534","공항교서편","128.6224577","35.8991338","","UTIC","","","","2026-06-07T13:36:42.375374+00:00","2026-06-07T13:36:42.375374+00:00"
"494a0e4a-3dfc-498c-8399-4bfcaf44416f","L29","535","복현장미아파트","128.617786","35.8981515","","UTIC","","","","2026-06-07T13:36:42.375374+00:00","2026-06-07T13:36:42.375374+00:00"
"3206e17f-85a8-4e3a-9147-69be400ccd3a","L29","536","복현북중학교","128.6194101","35.8984991","","UTIC","","","","2026-06-07T13:36:42.375374+00:00","2026-06-07T13:36:42.375374+00:00"
"f0c5d92d-12fc-4525-a685-544ab5783a74","L29","537","영진전문대정문","128.6238705","35.8942846","","UTIC","","","","2026-06-07T13:36:42.375374+00:00","2026-06-07T13:36:42.375374+00:00"
"2dafabbb-b004-4b11-8ffc-c5783d12b647","L29","538","구암여중","128.5573145","35.9264089","","UTIC","","","","2026-06-07T13:36:42.375374+00:00","2026-06-07T13:36:42.375374+00:00"
"09b12f10-41ac-473d-8c03-be7343a1ad08","L29","539","구암초등","128.5592833","35.9279288","","UTIC","","","","2026-06-07T13:36:42.375374+00:00","2026-06-07T13:36:42.375374+00:00"
"17a3a7d6-d913-49eb-a36b-674d426907ea","L29","540","운암교네거리","128.5550732","35.9318989","","UTIC","","","","2026-06-07T13:36:42.375374+00:00","2026-06-07T13:36:42.375374+00:00"
"4cd54d2f-cfec-4a50-92ef-1cc880d8c838","L29","541","농어촌공사네거리","128.558226","35.9316417","","UTIC","","","","2026-06-07T13:36:42.375374+00:00","2026-06-07T13:36:42.375374+00:00"
"6eba8a48-4a8e-4d01-b09e-96491f574b46","L29","542","태전고가교","128.5388609","35.930648","","UTIC","","","","2026-06-07T13:36:42.375374+00:00","2026-06-07T13:36:42.375374+00:00"
"3a03e165-5fcb-434d-a7d8-f458cc99b3eb","L29","543","칠곡영남2차","128.5614567","35.9314015","","UTIC","","","","2026-06-07T13:36:42.375374+00:00","2026-06-07T13:36:42.375374+00:00"
"8b939be1-cca3-40fd-afe3-2409da40c4ae","L29","544","용지초등네거리","128.6324613","35.8231494","","UTIC","","","","2026-06-07T13:36:42.375374+00:00","2026-06-07T13:36:42.375374+00:00"
"4fae5d7e-e027-4402-98e6-8597b81c0cfe","L29","545","서구노인복지회관앞","128.5642944","35.875755","","UTIC","","","","2026-06-07T13:36:42.375374+00:00","2026-06-07T13:36:42.375374+00:00"
"41f4d50d-ea71-4a68-846d-2648b114d1e7","L29","546","경기장입구삼거리","128.6934568","35.8322988","","UTIC","","","","2026-06-07T13:36:42.375374+00:00","2026-06-07T13:36:42.375374+00:00"
"ef25e2c0-2206-416c-887c-c12110b24c9b","L29","547","강산아파트앞","128.6411225","35.8952396","","UTIC","","","","2026-06-07T13:36:42.375374+00:00","2026-06-07T13:36:42.375374+00:00"
"f9a00c4c-b3a8-4a09-9f0f-af3dfc0373fc","L29","548","엑스코앞","128.6117871","35.9081718","","UTIC","","","","2026-06-07T13:36:42.375374+00:00","2026-06-07T13:36:42.375374+00:00"
"b48f14dd-d4a1-4ff1-a9b9-aedbf0d5ecc5","L29","549","팔공보성아파트","128.6464245","35.9418635","","UTIC","","","","2026-06-07T13:36:42.375374+00:00","2026-06-07T13:36:42.375374+00:00"
"89a938c8-b30c-4cd7-ad5b-8f857f1a9d37","L29","550","인지초등","128.5654893","35.8892116","","UTIC","","","","2026-06-07T13:36:42.375374+00:00","2026-06-07T13:36:42.375374+00:00"
"387d5f9f-785d-41f1-b238-54c3e5286c47","L29","551","럭키씨아엠","128.6163737","35.9076685","","UTIC","","","","2026-06-07T13:36:42.375374+00:00","2026-06-07T13:36:42.375374+00:00"
"9ecd6327-97dd-4a71-996a-cda93cdc9945","L29","552","팔달시장","128.5684375","35.8887766","","UTIC","","","","2026-06-07T13:36:42.375374+00:00","2026-06-07T13:36:42.375374+00:00"
"8605332c-5a5e-4217-85ae-f2ae27f97612","L29","553","건영화물","128.5747766","35.89684","","UTIC","","","","2026-06-07T13:36:42.375374+00:00","2026-06-07T13:36:42.375374+00:00"
"99a13d99-e9f0-4ab6-a154-e4ce984777d8","L29","554","노원네거리","128.5793596","35.8995192","","UTIC","","","","2026-06-07T13:36:42.375374+00:00","2026-06-07T13:36:42.375374+00:00"
"405b46bb-ccb6-43aa-8f02-3384344f0895","L29","555","대구은행공단지점","128.5712693","35.8947772","","UTIC","","","","2026-06-07T13:36:42.375374+00:00","2026-06-07T13:36:42.375374+00:00"
"b3f4302e-7d3c-4d3d-9a05-24f9c8ea3303","L29","556","동국화섬","128.5679451","35.8986235","","UTIC","","","","2026-06-07T13:36:42.375374+00:00","2026-06-07T13:36:42.375374+00:00"
"3ef6f0f4-c616-456b-9933-f0f5731bba8e","L29","557","동산양말","128.5781781","35.8952363","","UTIC","","","","2026-06-07T13:36:42.375374+00:00","2026-06-07T13:36:42.375374+00:00"
"4adc7de6-80c6-430f-b575-037af12b15d4","L29","558","삼영초등","128.5677184","35.892742","","UTIC","","","","2026-06-07T13:36:42.375374+00:00","2026-06-07T13:36:42.375374+00:00"
"0391c638-9ee3-4bdf-9c4e-2cc296f0aa57","L29","559","오리온제과","128.5837648","35.9004885","","UTIC","","","","2026-06-07T13:36:42.375374+00:00","2026-06-07T13:36:42.375374+00:00"
"cfc68030-a7c1-474f-a8e8-46ae7e085333","L29","560","오리온제과동편","128.5855453","35.9009066","","UTIC","","","","2026-06-07T13:36:42.375374+00:00","2026-06-07T13:36:42.375374+00:00"
"02f828e9-0715-41cc-b359-7f9c0972e1da","L29","561","원대공업사","128.5767615","35.8902626","","UTIC","","","","2026-06-07T13:36:42.375374+00:00","2026-06-07T13:36:42.375374+00:00"
"a17ace3f-737a-4744-bd37-18f2a8df3d11","L29","562","크라운제과","128.5766193","35.8978881","","UTIC","","","","2026-06-07T13:36:42.375374+00:00","2026-06-07T13:36:42.375374+00:00"
"0e74f108-530f-4cee-a152-5b591701a67c","L29","563","풍국면","128.5650314","35.8912632","","UTIC","","","","2026-06-07T13:36:42.375374+00:00","2026-06-07T13:36:42.375374+00:00"
"8b88b755-18b9-4435-9a59-d752a5b92cbc","L29","564","복현오거리","128.6149957","35.8976394","","UTIC","","","","2026-06-07T13:36:42.375374+00:00","2026-06-07T13:36:42.375374+00:00"
"fc5e5862-d624-4f4e-b8ff-045d7eaf5b09","L29","565","기아자동차출하장","128.6161593","35.9101991","","UTIC","","","","2026-06-07T13:36:42.375374+00:00","2026-06-07T13:36:42.375374+00:00"
"5db5a594-3ae6-4425-9fb8-2ae003ce189a","L29","566","삼양사네거리","128.6101219","35.9074462","","UTIC","","","","2026-06-07T13:36:42.375374+00:00","2026-06-07T13:36:42.375374+00:00"
"7d48c1f4-93d5-4b1b-a982-3e3cac1bf0ea","L29","567","성화여중고","128.6183431","35.9021226","","UTIC","","","","2026-06-07T13:36:42.375374+00:00","2026-06-07T13:36:42.375374+00:00"
"797ae857-6fda-4cfe-9224-aa5d6236212a","L29","568","유성모직앞삼거리","128.6145955","35.9125541","","UTIC","","","","2026-06-07T13:36:42.375374+00:00","2026-06-07T13:36:42.375374+00:00"
"75f1186b-be46-4c1d-bc0d-65e3dadd6fef","L29","569","진로식품","128.6082498","35.909625","","UTIC","","","","2026-06-07T13:36:42.375374+00:00","2026-06-07T13:36:42.375374+00:00"
"1386a0b8-98c3-4a8e-9104-372a5e43eb8e","L29","570","거동교서편","128.5545786","35.9462424","","UTIC","","","","2026-06-07T13:36:42.375374+00:00","2026-06-07T13:36:42.375374+00:00"
"c76a5d88-fadd-445b-8aad-2f95f2c830d4","L29","571","운암교서편","128.5539231","35.9320129","","UTIC","","","","2026-06-07T13:36:42.375374+00:00","2026-06-07T13:36:42.375374+00:00"
"c6d17dec-498d-4ebb-951b-c990515e3d66","L29","572","경대교서편","128.6005816","35.8864167","","UTIC","","","","2026-06-07T13:36:42.375374+00:00","2026-06-07T13:36:42.375374+00:00"
"17aa8518-4aa9-4a4d-b2c8-7bf465b93e69","L29","573","북구청네거리","128.5818627","35.88505","","UTIC","","","","2026-06-07T13:36:42.375374+00:00","2026-06-07T13:36:42.375374+00:00"
"21880581-0677-46bb-867d-0c2ca80f276e","L29","574","고성네거리서편","128.5794154","35.8861636","","UTIC","","","","2026-06-07T13:36:42.375374+00:00","2026-06-07T13:36:42.375374+00:00"
"c8eeb7a9-ee89-4dc5-89cd-3c70bf3775c6","L29","575","골목시장","128.5787974","35.8885012","","UTIC","","","","2026-06-07T13:36:42.375374+00:00","2026-06-07T13:36:42.375374+00:00"
"204cb250-4af2-4c35-817f-d3fdaf678eae","L29","576","남침산네거리","128.5901681","35.8833994","","UTIC","","","","2026-06-07T13:36:42.375374+00:00","2026-06-07T13:36:42.375374+00:00"
"0bcd7cb4-bf15-4c71-b178-fbe359f3b7c2","L29","577","대구여중남편","128.5844989","35.8845286","","UTIC","","","","2026-06-07T13:36:42.375374+00:00","2026-06-07T13:36:42.375374+00:00"
"ae34c042-7fcd-4860-88d1-9557f3f34400","L29","578","대구여중북편","128.5864979","35.8892603","","UTIC","","","","2026-06-07T13:36:42.375374+00:00","2026-06-07T13:36:42.375374+00:00"
"e1423448-32d4-4266-9fc4-8cf502c7788d","L29","579","대한방직","128.5908102","35.8856077","","UTIC","","","","2026-06-07T13:36:42.375374+00:00","2026-06-07T13:36:42.375374+00:00"
"ec73179a-2308-4bac-a82d-4b432044af16","L29","580","학산초등","128.5272996","35.8306328","","UTIC","","","","2026-06-07T13:36:42.375374+00:00","2026-06-07T13:36:42.375374+00:00"
"21341b52-b117-43d0-8a3a-9f12c46bc7c6","L29","581","북대구우체국","128.5812962","35.8832912","","UTIC","","","","2026-06-07T13:36:42.375374+00:00","2026-06-07T13:36:42.375374+00:00"
"2d39b5ef-84b4-44e1-82e7-88fffc4f0b68","L29","582","북침산네거리","128.5897724","35.8918573","","UTIC","","","","2026-06-07T13:36:42.375374+00:00","2026-06-07T13:36:42.375374+00:00"
"eb237178-fb3f-461c-ab9f-d1e16dab866c","L29","583","성북교동편","128.5940094","35.893288","","UTIC","","","","2026-06-07T13:36:42.375374+00:00","2026-06-07T13:36:42.375374+00:00"
"6e92ed14-50a2-4c3d-a0fe-a6dc83f8eab0","L29","584","성북교서편","128.5922235","35.8925908","","UTIC","","","","2026-06-07T13:36:42.375374+00:00","2026-06-07T13:36:42.375374+00:00"
"b69578f0-1039-40ff-9723-09700777201c","L29","585","오봉오거리","128.5833764","35.8898872","","UTIC","","","","2026-06-07T13:36:42.375374+00:00","2026-06-07T13:36:42.375374+00:00"
"9afaaa85-ef9b-4e90-bff9-ee361ee04fbc","L29","586","제일모직","128.5964975","35.8820718","","UTIC","","","","2026-06-07T13:36:42.375374+00:00","2026-06-07T13:36:42.375374+00:00"
"8bc0f58b-ca7d-49a6-a9cd-f1bea4aa45c3","L29","587","침산네거리","128.5916032","35.8881564","","UTIC","","","","2026-06-07T13:36:42.375374+00:00","2026-06-07T13:36:42.375374+00:00"
"2d100a9f-519d-499f-8c08-c2e13c993bc1","L29","588","침산초등","128.5869797","35.8909255","","UTIC","","","","2026-06-07T13:36:42.375374+00:00","2026-06-07T13:36:42.375374+00:00"
"057bbca2-4cfb-4865-a2eb-43efc423cf20","L29","589","침산태영신협","128.5940683","35.8876641","","UTIC","","","","2026-06-07T13:36:42.375374+00:00","2026-06-07T13:36:42.375374+00:00"
"94504563-4483-4602-b4e9-5dd3b509c6e2","L29","590","침산화성타운","128.5953204","35.8874222","","UTIC","","","","2026-06-07T13:36:42.375374+00:00","2026-06-07T13:36:42.375374+00:00"
"2f75bed5-f9ef-4f00-ac34-6cb1d1b9a086","L29","591","한전경북지사","128.5826173","35.887356","","UTIC","","","","2026-06-07T13:36:42.375374+00:00","2026-06-07T13:36:42.375374+00:00"
"6442d8c1-f1d7-4b88-8821-220542618f8a","L29","592","달성네거리북편","128.5803213","35.8802041","","UTIC","","","","2026-06-07T13:36:42.375374+00:00","2026-06-07T13:36:42.375374+00:00"
"bf332908-337d-4ff2-aff7-4f4fa84f3ea2","L29","593","대구역지하도북편","128.5950817","35.8777291","","UTIC","","","","2026-06-07T13:36:42.375374+00:00","2026-06-07T13:36:42.375374+00:00"
"3ac2afc7-0df2-47b8-8f20-409c1b4eceb5","L29","594","대구은행통일로지점","128.5956357","35.8794069","","UTIC","","","","2026-06-07T13:36:42.375374+00:00","2026-06-07T13:36:42.375374+00:00"
"d710587f-a770-49a0-8bf9-08888c3976b3","L29","595","대성시장네거리","128.6013241","35.8765061","","UTIC","","","","2026-06-07T13:36:42.375374+00:00","2026-06-07T13:36:42.375374+00:00"
"ce5d9bda-88c5-435a-9337-6f50247b5287","L29","596","칠성고가하단","128.6014326","35.8807986","","UTIC","","","","2026-06-07T13:36:42.375374+00:00","2026-06-07T13:36:42.375374+00:00"
"2898ab4a-5c7a-4719-9a43-ac4a10244d45","L29","597","칠성시장네거리","128.6040663","35.8763208","","UTIC","","","","2026-06-07T13:36:42.375374+00:00","2026-06-07T13:36:42.375374+00:00"
"d35f0e31-a7a1-4582-93ed-5de4d4a43d0b","L29","598","의성마트","128.557776","35.875637","","UTIC","","","","2026-06-07T13:36:42.375374+00:00","2026-06-07T13:36:42.375374+00:00"
"2465ca24-d2c8-44e6-b6dd-7f1732ba16e8","L29","599","경대교북편","128.6013527","35.8883782","","UTIC","","","","2026-06-07T13:36:42.375374+00:00","2026-06-07T13:36:42.375374+00:00"
"2d23fce3-0a20-4f96-9d07-7b74aac39a07","L29","600","신광교회","128.603562","35.879869","","UTIC","","","","2026-06-07T13:36:42.375374+00:00","2026-06-07T13:36:42.375374+00:00"
"cb648bb8-2228-46fc-a02f-40a0d3f0d916","L29","601","공산수원지앞삼거리","128.6039078","35.902501","","UTIC","","","","2026-06-07T13:36:42.375374+00:00","2026-06-07T13:36:42.375374+00:00"
"4b749b5f-16ab-4587-869c-386617dc0a39","L29","602","공산수원지북편","128.6031319","35.9043947","","UTIC","","","","2026-06-07T13:36:42.375374+00:00","2026-06-07T13:36:42.375374+00:00"
"fa02e5aa-67e1-48e4-b8a8-cc1bf5420911","L29","603","무태교네거리","128.5962727","35.9034138","","UTIC","","","","2026-06-07T13:36:42.375374+00:00","2026-06-07T13:36:42.375374+00:00"
"432ab5c1-d00b-444a-9457-c7dc18cff04c","L29","604","산격대교","128.6019891","35.9064916","","UTIC","","","","2026-06-07T13:36:42.375374+00:00","2026-06-07T13:36:42.375374+00:00"
"0b02f0ba-9743-43b8-90f5-1e929957819a","L29","605","홍제약국","128.6045018","35.885011","","UTIC","","","","2026-06-07T13:36:42.375374+00:00","2026-06-07T13:36:42.375374+00:00"
"463e7412-2a2c-45b7-a786-d221597c1546","L29","606","검단네거리","128.6189893","35.9061104","","UTIC","","","","2026-06-07T13:36:42.375374+00:00","2026-06-07T13:36:42.375374+00:00"
"3f28bf1c-d785-4bfb-a85f-c7930631d773","L29","607","북부구민운동장","128.574287","35.9439534","","UTIC","","","","2026-06-07T13:36:42.375374+00:00","2026-06-07T13:36:42.375374+00:00"
"a66ef91e-943c-4ebd-8ba2-e7a28dfa56b7","L29","608","신매네거리동편","128.7073369","35.8401991","","UTIC","","","","2026-06-07T13:36:42.375374+00:00","2026-06-07T13:36:42.375374+00:00"
"a38d2892-95c3-40e7-977d-5adebf2b9b3d","L29","609","침산교남편","128.5935905","35.9011155","","UTIC","","","","2026-06-07T13:36:42.375374+00:00","2026-06-07T13:36:42.375374+00:00"
"c71e723f-567c-4092-80ae-da89740d8cc0","L29","610","대산초등북편","128.5956766","35.8979968","","UTIC","","","","2026-06-07T13:36:42.375374+00:00","2026-06-07T13:36:42.375374+00:00"
"f32e0922-288f-4a2f-aebd-99dd8841ea58","L29","611","동서수산","128.5953241","35.8969923","","UTIC","","","","2026-06-07T13:36:42.375374+00:00","2026-06-07T13:36:42.375374+00:00"
"f492c14e-5c19-4d82-820a-44ec3bcd092b","L29","612","우방가구","128.5960983","35.8991447","","UTIC","","","","2026-06-07T13:36:42.375374+00:00","2026-06-07T13:36:42.375374+00:00"
"05984256-98b1-4f8f-80de-81a1bde8ede6","L29","613","동대구우체국","128.6091023","35.8784162","","UTIC","","","","2026-06-07T13:36:42.375374+00:00","2026-06-07T13:36:42.375374+00:00"
"c81fcc3b-ecf1-4810-8e32-d4359e9186bc","L29","614","KT동대구지사","128.6256588","35.8842533","","UTIC","","","","2026-06-07T13:36:42.375374+00:00","2026-06-07T13:36:42.375374+00:00"
"f9d4d7eb-7f9e-4e81-a301-692c68f0b152","L29","615","두성파크","128.5506513","35.9162447","","UTIC","","","","2026-06-07T13:36:42.375374+00:00","2026-06-07T13:36:42.375374+00:00"
"22122b38-c710-426f-bdb1-f6204c131bf4","L29","616","운암중학교앞","128.5660028","35.9332527","","UTIC","","","","2026-06-07T13:36:42.375374+00:00","2026-06-07T13:36:42.375374+00:00"
"38473c38-b1a5-4e20-b30f-978b4585ccdb","L29","617","운암초등삼거리","128.5665117","35.9360215","","UTIC","","","","2026-06-07T13:36:42.375374+00:00","2026-06-07T13:36:42.375374+00:00"
"953227b6-b84d-4747-83ca-4a25dda0ad98","L29","618","동천공원네거리","128.5584918","35.9338911","","UTIC","","","","2026-06-07T13:36:42.375374+00:00","2026-06-07T13:36:42.375374+00:00"
"78d11b25-8945-4bc3-925e-3b59287af36f","L29","619","참물샘공원삼거리","128.5559944","35.9342389","","UTIC","","","","2026-06-07T13:36:42.375374+00:00","2026-06-07T13:36:42.375374+00:00"
"6862814b-ba68-4b3f-8b2f-9d1124192aa1","L29","620","동평초등네거리","128.5596692","35.9368586","","UTIC","","","","2026-06-07T13:36:42.375374+00:00","2026-06-07T13:36:42.375374+00:00"
"d399dd4c-a1c4-47af-bfe0-59b3469234b7","L29","621","동천교네거리","128.5566066","35.9372047","","UTIC","","","","2026-06-07T13:36:42.375374+00:00","2026-06-07T13:36:42.375374+00:00"
"67ab8f7b-47f0-4e11-b0d9-6a76e3c42e99","L29","622","칠곡동평중학교","128.5624102","35.9364985","","UTIC","","","","2026-06-07T13:36:42.375374+00:00","2026-06-07T13:36:42.375374+00:00"
"c072e44b-ecf6-4aab-a0d3-56a5e1425d68","L29","623","동평초등북편","128.5605884","35.941902","","UTIC","","","","2026-06-07T13:36:42.375374+00:00","2026-06-07T13:36:42.375374+00:00"
"31ede915-7f82-4cb2-83c6-8d01e1fe7dbc","L29","624","천암네거리","128.5610933","35.9444727","","UTIC","","","","2026-06-07T13:36:42.375374+00:00","2026-06-07T13:36:42.375374+00:00"
"05144513-1981-4a44-9bc8-50d0835f6e37","L29","625","거동네거리","128.5584743","35.9448492","","UTIC","","","","2026-06-07T13:36:42.375374+00:00","2026-06-07T13:36:42.375374+00:00"
"33e68ac5-9823-4692-92cd-4a714a1dc90b","L29","626","거동교삼거리","128.5553799","35.9458536","","UTIC","","","","2026-06-07T13:36:42.375374+00:00","2026-06-07T13:36:42.375374+00:00"
"82b79388-6e08-4f10-aa15-d9e956474b88","L29","627","구암가압장남편","128.5680419","35.9383175","","UTIC","","","","2026-06-07T13:36:42.375374+00:00","2026-06-07T13:36:42.375374+00:00"
"d66d9e69-7177-4730-8ed4-0bac0e8956ec","L29","628","강북초등남편","128.5659589","35.9400163","","UTIC","","","","2026-06-07T13:36:42.375374+00:00","2026-06-07T13:36:42.375374+00:00"
"07e9cc0b-3df0-4a20-be11-6aaa6d87bb5d","L29","629","구암가압장북편","128.5695301","35.9401679","","UTIC","","","","2026-06-07T13:36:42.375374+00:00","2026-06-07T13:36:42.375374+00:00"
"2cc5c8c2-4d5b-45a9-9b2c-83e259523227","L29","630","북대구우체국네거리","128.5661485","35.9411988","","UTIC","","","","2026-06-07T13:36:42.375374+00:00","2026-06-07T13:36:42.375374+00:00"
"bd5fc631-a5dd-48f0-a554-e04d97a04f05","L29","631","북부구민운동장남편","128.572318","35.9427312","","UTIC","","","","2026-06-07T13:36:42.375374+00:00","2026-06-07T13:36:42.375374+00:00"
"367b28e8-ceab-4f8e-a2ba-9d2a4596d6cc","L29","632","구암생태공원","128.5693735","35.9434546","","UTIC","","","","2026-06-07T13:36:42.375374+00:00","2026-06-07T13:36:42.375374+00:00"
"59206765-1210-4860-8e20-6859497f7013","L29","633","학정네거리동편","128.5665866","35.9437433","","UTIC","","","","2026-06-07T13:36:42.375374+00:00","2026-06-07T13:36:42.375374+00:00"
"7b3fc7b8-a83f-4d3a-9bfb-2e4ea4304011","L29","634","칠곡학정네거리","128.5638674","35.9440942","","UTIC","","","","2026-06-07T13:36:42.375374+00:00","2026-06-07T13:36:42.375374+00:00"
"c74fb521-5881-44ea-8724-150b1855bdd5","L29","635","칠곡동평초등","128.5601537","35.9395197","","UTIC","","","","2026-06-07T13:36:42.375374+00:00","2026-06-07T13:36:42.375374+00:00"
"3f851ebf-37c2-4ec8-bac7-aaf122c2f41e","L29","636","칠곡대동교북편","128.5581459","35.9396944","","UTIC","","","","2026-06-07T13:36:42.375374+00:00","2026-06-07T13:36:42.375374+00:00"
"2c108be2-90a9-41db-aef5-b2334801a5a0","L29","637","칠곡학정네거리남편","128.5633518","35.9415507","","UTIC","","","","2026-06-07T13:36:42.375374+00:00","2026-06-07T13:36:42.375374+00:00"
"bd351d38-1bf3-4330-bff2-b55c1a172111","L29","638","칠곡대천초등","128.5551136","35.9373503","","UTIC","","","","2026-06-07T13:36:42.375374+00:00","2026-06-07T13:36:42.375374+00:00"
"35a84023-342f-4617-ad0b-da3add022eb0","L29","639","경대북문","128.6092086","35.8924274","","UTIC","","","","2026-06-07T13:36:42.375374+00:00","2026-06-07T13:36:42.375374+00:00"
"592b2fd5-dcea-479d-a320-4526c52efa79","L29","640","매천고네거리","128.5465826","35.9135262","","UTIC","","","","2026-06-07T13:36:42.375374+00:00","2026-06-07T13:36:42.375374+00:00"
"910659e1-dedd-45b8-92eb-18e1197d2b43","L29","641","경북도청","128.5990807","35.8904901","","UTIC","","","","2026-06-07T13:36:42.375374+00:00","2026-06-07T13:36:42.375374+00:00"
"95495e48-d221-40a5-a301-752f16876645","L29","642","대도시장입구","128.6052375","35.890462","","UTIC","","","","2026-06-07T13:36:42.375374+00:00","2026-06-07T13:36:42.375374+00:00"
"e70bdd0f-078b-4813-a63e-9b1fd2712839","L29","643","대현파출소","128.6024511","35.8862819","","UTIC","","","","2026-06-07T13:36:42.375374+00:00","2026-06-07T13:36:42.375374+00:00"
"b62371ca-983c-49c3-b374-5b2fe22124a1","L29","644","동대구시장","128.608323","35.8828647","","UTIC","","","","2026-06-07T13:36:42.375374+00:00","2026-06-07T13:36:42.375374+00:00"
"4a5c1afd-9531-49e3-aea4-c6d42ab23649","L29","645","북문장","128.6118029","35.8947536","","UTIC","","","","2026-06-07T13:36:42.375374+00:00","2026-06-07T13:36:42.375374+00:00"
"053dd8f0-d8d3-4d47-9fca-ad9fc0f42a41","L29","646","세광기획","128.6036911","35.8895635","","UTIC","","","","2026-06-07T13:36:42.375374+00:00","2026-06-07T13:36:42.375374+00:00"
"58f47ab0-d10e-4b95-a7b9-e0a52db7522f","L29","647","신암초등네거리","128.6119067","35.8818479","","UTIC","","","","2026-06-07T13:36:42.375374+00:00","2026-06-07T13:36:42.375374+00:00"
"f22ec3cc-d62c-46d4-ab7c-20a4be59e863","L29","648","실내체육관삼거리","128.6005202","35.8899303","","UTIC","","","","2026-06-07T13:36:42.375374+00:00","2026-06-07T13:36:42.375374+00:00"
"0f0e2c26-4d52-417c-b448-0aff83d52441","L29","649","디자이너클럽남편","128.6117375","35.9051807","","UTIC","","","","2026-06-07T13:36:42.375374+00:00","2026-06-07T13:36:42.375374+00:00"
"5bf4cd57-8ce5-48c4-828d-72785d2de489","L29","650","삼립전기","128.6175817","35.908247","","UTIC","","","","2026-06-07T13:36:42.375374+00:00","2026-06-07T13:36:42.375374+00:00"
"1053c0d1-f88e-44e8-9cc9-46845ec4a2c9","L29","651","수성2차롯데","128.6186849","35.8541639","","UTIC","","","","2026-06-07T13:36:42.375374+00:00","2026-06-07T13:36:42.375374+00:00"
"e56b67f8-03a4-44be-b5c1-e7ba62470475","L29","652","섬유제품관","128.6110605","35.906208","","UTIC","","","","2026-06-07T13:36:42.375374+00:00","2026-06-07T13:36:42.375374+00:00"
"4664e5db-2514-4f5c-b47f-9facaf45946b","L29","653","도청교남편","128.5984989","35.8885424","","UTIC","","","","2026-06-07T13:36:42.375374+00:00","2026-06-07T13:36:42.375374+00:00"
"23fe3fe7-caa4-4e91-b4ea-85de6ea20d63","L29","654","복현대백아파트","128.616071","35.902045","","UTIC","","","","2026-06-07T13:36:42.375374+00:00","2026-06-07T13:36:42.375374+00:00"
"77fc6fd8-b31a-416c-b986-77d55f3c1ddf","L29","655","복현보성아파트","128.6167861","35.9039864","","UTIC","","","","2026-06-07T13:36:42.375374+00:00","2026-06-07T13:36:42.375374+00:00"
"1c2c6788-25a6-4d2d-a955-a667732151ba","L29","656","복현청구아파트","128.6154353","35.9001927","","UTIC","","","","2026-06-07T13:36:42.375374+00:00","2026-06-07T13:36:42.375374+00:00"
"e1528901-8570-443e-8990-d0befa19b078","L29","657","산업용제관","128.6049953","35.9050682","","UTIC","","","","2026-06-07T13:36:42.375374+00:00","2026-06-07T13:36:42.375374+00:00"
"a2149ad4-8acf-4e47-8b25-c8c3b4d31193","L29","658","전자관남편네거리","128.6065336","35.9058271","","UTIC","","","","2026-06-07T13:36:42.375374+00:00","2026-06-07T13:36:42.375374+00:00"
"0a47c983-7d0a-4278-ae29-2bbf56f6749b","L29","659","구리네거리","128.5643013","35.9464315","","UTIC","","","","2026-06-07T13:36:42.375374+00:00","2026-06-07T13:36:42.375374+00:00"
"4670ada2-0857-445b-ab3e-707707c78eab","L29","660","동변동네거리","128.6036419","35.919509","","UTIC","","","","2026-06-07T13:36:42.375374+00:00","2026-06-07T13:36:42.375374+00:00"
"b72c218b-01d3-420b-a5bd-1c4f8cfcb428","L29","661","동변동삼거리","128.6037288","35.9166783","","UTIC","","","","2026-06-07T13:36:42.375374+00:00","2026-06-07T13:36:42.375374+00:00"
"12260c65-5fa9-4514-89a4-b7d29a909e2a","L29","662","남문시장서편","128.591526","35.8616098","","UTIC","","","","2026-06-07T13:36:42.375374+00:00","2026-06-07T13:36:42.375374+00:00"
"cbadb573-492d-4cc9-9fa3-38cc3af627fb","L29","663","무태파출소","128.5965954","35.9211258","","UTIC","","","","2026-06-07T13:36:42.375374+00:00","2026-06-07T13:36:42.375374+00:00"
"7a363aec-7435-4978-8822-7f1356aad878","L29","664","무태파출소남편","128.5965975","35.9190262","","UTIC","","","","2026-06-07T13:36:42.375374+00:00","2026-06-07T13:36:42.375374+00:00"
"d0ac9cc7-09ff-4ca1-a51f-be8a0c77ede4","L29","665","무태파출소북편","128.5967837","35.9244305","","UTIC","","","","2026-06-07T13:36:42.375374+00:00","2026-06-07T13:36:42.375374+00:00"
"c275ae29-8b41-4b94-ba41-2ef61e4c32a7","L29","666","대구야구장","128.6799653","35.8426981","","UTIC","","","","2026-06-07T13:36:42.375374+00:00","2026-06-07T13:36:42.375374+00:00"
"280d0b21-7b40-4846-8c16-f20e3372e772","L29","667","도곡네거리","128.5989369","35.9273756","","UTIC","","","","2026-06-07T13:36:42.375374+00:00","2026-06-07T13:36:42.375374+00:00"
"a4b99190-821b-4c17-a45b-3a690fded193","L29","668","공항교동편","128.6291881","35.9005836","","UTIC","","","","2026-06-07T13:36:42.375374+00:00","2026-06-07T13:36:42.375374+00:00"
"af4851e8-42c5-4eba-b100-611513775965","L29","669","칠성휴먼시아","128.5910672","35.8785258","","UTIC","","","","2026-06-07T13:36:42.375374+00:00","2026-06-07T13:36:42.375374+00:00"
"495528f3-7b15-49f0-9f12-1773dd7535ff","L29","670","침산동아무지개","128.5882844","35.8861097","","UTIC","","","","2026-06-07T13:36:42.375374+00:00","2026-06-07T13:36:42.375374+00:00"
"c9a85782-4ba3-48e7-9ae5-48645b4fa16d","L29","671","팔달초등","128.5444114","35.8970001","","UTIC","","","","2026-06-07T13:36:42.375374+00:00","2026-06-07T13:36:42.375374+00:00"
"fbf810c3-acf6-41a1-a254-1d5a59e38e43","L29","672","보건전문대앞삼거리","128.5434258","35.925516","","UTIC","","","","2026-06-07T13:36:42.375374+00:00","2026-06-07T13:36:42.375374+00:00"
"a424201f-423f-4e82-a619-8d5551db888f","L29","673","동서변네거리","128.5994418","35.9210879","","UTIC","","","","2026-06-07T13:36:42.375374+00:00","2026-06-07T13:36:42.375374+00:00"
"d38996ff-1d43-48f2-bbf8-261570299711","L29","674","복현동남약국","128.6195788","35.9002541","","UTIC","","","","2026-06-07T13:36:42.375374+00:00","2026-06-07T13:36:42.375374+00:00"
"13e62603-fec7-4509-bfcb-f039e76aa5ad","L29","675","종합전시관앞네거리","128.6131069","35.9088028","","UTIC","","","","2026-06-07T13:36:42.375374+00:00","2026-06-07T13:36:42.375374+00:00"
"812a934a-f277-4c6d-96d7-14bceabcefde","L29","676","유진철강","128.6154184","35.911349","","UTIC","","","","2026-06-07T13:36:42.375374+00:00","2026-06-07T13:36:42.375374+00:00"
"89de1b7b-f536-4075-8dbf-d17310ec42b3","L29","677","대산초등","128.594802","35.8955303","","UTIC","","","","2026-06-07T13:36:42.375374+00:00","2026-06-07T13:36:42.375374+00:00"
"064ed550-c818-4fbe-a35a-d63b78e9eeca","L29","678","섬유제품관서편","128.6082987","35.9065695","","UTIC","","","","2026-06-07T13:36:42.375374+00:00","2026-06-07T13:36:42.375374+00:00"
"a834d8d6-3519-4186-8887-328d8e104f10","L29","679","명심유치원","128.4998558","35.8535615","","UTIC","","","","2026-06-07T13:36:42.375374+00:00","2026-06-07T13:36:42.375374+00:00"
"944f5031-936d-4cbe-ae63-a0c1d05aa79e","L29","680","해바라기주유소","128.6063888","35.8838638","","UTIC","","","","2026-06-07T13:36:42.375374+00:00","2026-06-07T13:36:42.375374+00:00"
"f8080be9-b0ec-4306-a8ec-81a144bb73be","L29","681","매천초등","128.542615","35.913433","","UTIC","","","","2026-06-07T13:36:42.375374+00:00","2026-06-07T13:36:42.375374+00:00"
"23653913-7c04-428c-ab23-517c3475a458","L29","682","매천성당앞","128.541951","35.9088998","","UTIC","","","","2026-06-07T13:36:42.375374+00:00","2026-06-07T13:36:42.375374+00:00"
"f26c72e9-1ac0-4fa0-a799-9d3f636f9b87","L29","683","서부시장앞","128.5712463","35.8756778","","UTIC","","","","2026-06-07T13:36:42.375374+00:00","2026-06-07T13:36:42.375374+00:00"
"9a795066-9231-4f2e-8df2-f640be57c4b8","L29","684","대구역사입구","128.5975736","35.8772094","","UTIC","","","","2026-06-07T13:36:42.375374+00:00","2026-06-07T13:36:42.375374+00:00"
"fe710a49-43b5-4f31-a18f-ab1d90afbc63","L29","685","칠곡50사단정문","128.5675414","35.955333","","UTIC","","","","2026-06-07T13:36:42.375374+00:00","2026-06-07T13:36:42.375374+00:00"
"43c14bfa-adfd-46b6-8686-418a2b29ea29","L29","686","칠곡쌍용자동차","128.5451277","35.9224482","","UTIC","","","","2026-06-07T13:36:42.375374+00:00","2026-06-07T13:36:42.375374+00:00"
"ca96efd2-fac4-43fb-9b7c-d4996d28fb77","L29","687","칠곡은마아파트","128.5441325","35.9242543","","UTIC","","","","2026-06-07T13:36:42.375374+00:00","2026-06-07T13:36:42.375374+00:00"
"4e6efdc8-886e-4d07-bdbe-7eff238d0df9","L29","688","칠곡SK텔레콤","128.5445923","35.9234013","","UTIC","","","","2026-06-07T13:36:42.375374+00:00","2026-06-07T13:36:42.375374+00:00"
"e2b086a4-2aed-4b8e-ba3f-df779c81063e","L29","689","칠곡학남초등남편","128.5669068","35.9453702","","UTIC","","","","2026-06-07T13:36:42.375374+00:00","2026-06-07T13:36:42.375374+00:00"
"96b46726-3fe0-4e4c-899f-7477f958236b","L29","690","내당네거리","128.5745339","35.8599683","","UTIC","","","","2026-06-07T13:36:42.375374+00:00","2026-06-07T13:36:42.375374+00:00"
"6f909884-bee4-4386-8df4-57145d5234a1","L29","691","88주유소","128.5373567","35.8543266","","UTIC","","","","2026-06-07T13:36:42.375374+00:00","2026-06-07T13:36:42.375374+00:00"
"1cd30f03-f48f-4d72-9a75-52dd4ea8e3fe","L29","692","기업은행죽전지점","128.5374011","35.8566284","","UTIC","","","","2026-06-07T13:36:42.375374+00:00","2026-06-07T13:36:42.375374+00:00"
"efdbb194-b639-414b-a7bc-40f878813a87","L29","693","농협경북연수원","128.5372885","35.8525161","","UTIC","","","","2026-06-07T13:36:42.375374+00:00","2026-06-07T13:36:42.375374+00:00"
"ff80eb08-3e38-4897-8933-e482f32e49b3","L29","694","성서노인문화대학","128.5306138","35.8556788","","UTIC","","","","2026-06-07T13:36:42.375374+00:00","2026-06-07T13:36:42.375374+00:00"
"7ef0514b-d1f5-407d-9c25-80d830a2a645","L29","695","복현성당앞","128.6175534","35.899236","","UTIC","","","","2026-06-07T13:36:42.375374+00:00","2026-06-07T13:36:42.375374+00:00"
"7cfcb50d-0aa8-4998-9a5c-84c661359a4a","L29","696","죽전중학교","128.5305705","35.8540032","","UTIC","","","","2026-06-07T13:36:42.375374+00:00","2026-06-07T13:36:42.375374+00:00"
"2e06a1ea-d766-4602-bb0a-1d1c95508aea","L29","697","와룡네거리","128.537404","35.8587821","","UTIC","","","","2026-06-07T13:36:42.375374+00:00","2026-06-07T13:36:42.375374+00:00"
"e3f4dad5-ad1e-4308-bba2-67e8ac763337","L29","699","성서공단네거리","128.5073516","35.8355347","","UTIC","","","","2026-06-07T13:36:42.375374+00:00","2026-06-07T13:36:42.375374+00:00"
"d4eba21e-d4e6-42f5-909c-eb916566113e","L29","700","엑스코남편","128.614583","35.9067645","","UTIC","","","","2026-06-07T13:36:42.375374+00:00","2026-06-07T13:36:42.375374+00:00"
"68dc8e9f-4120-4dd6-ba01-07e74ccf8146","L29","701","신당네거리","128.49198","35.8514968","","UTIC","","","","2026-06-07T13:36:42.375374+00:00","2026-06-07T13:36:42.375374+00:00"
"526185e6-6368-46fd-9cbe-85bde48fb89d","L29","702","칠곡동천성당","128.5579573","35.9422246","","UTIC","","","","2026-06-07T13:36:42.375374+00:00","2026-06-07T13:36:42.375374+00:00"
"7804cbe1-5cb0-4253-ad38-29a96d1e387c","L29","703","협성농산","128.4999758","35.8352485","","UTIC","","","","2026-06-07T13:36:42.375374+00:00","2026-06-07T13:36:42.375374+00:00"
"c15e6764-b81e-4b73-8b84-0b9e8e53b4e3","L29","704","삼성물류센타","128.4919481","35.8444772","","UTIC","","","","2026-06-07T13:36:42.375374+00:00","2026-06-07T13:36:42.375374+00:00"
"bce56eed-ad52-4a06-9274-235854483ddc","L29","705","이곡2동주민센터","128.5023044","35.8554414","","UTIC","","","","2026-06-07T13:36:42.375374+00:00","2026-06-07T13:36:42.375374+00:00"
"0f283ad3-71f9-4dff-b048-44397cf0052b","L29","706","장동네거리","128.5159112","35.8363732","","UTIC","","","","2026-06-07T13:36:42.375374+00:00","2026-06-07T13:36:42.375374+00:00"
"d202bae5-a430-4c11-846d-d22b2a0a2e79","L29","707","건들바위네거리서편","128.5965136","35.856389","","UTIC","","","","2026-06-07T13:36:42.375374+00:00","2026-06-07T13:36:42.375374+00:00"
"7d4d34d9-8098-454b-8ee3-1c079f94c65c","L29","708","대구산재병원앞","128.5650659","35.9503595","","UTIC","","","","2026-06-07T13:36:42.375374+00:00","2026-06-07T13:36:42.375374+00:00"
"af68be82-37f4-4a3d-a5cb-a6a947f483f7","L29","709","도원네거리남편","128.5355281","35.805692","","UTIC","","","","2026-06-07T13:36:42.375374+00:00","2026-06-07T13:36:42.375374+00:00"
"d1a7773e-f56d-4c84-97ce-20c5cbe3fb74","L29","710","달서AK그랑폴리스","128.5164416","35.8153965","","UTIC","","","","2026-06-07T13:36:42.375374+00:00","2026-06-07T13:36:42.375374+00:00"
"39179e49-c50d-4459-869b-c7ecffd361da","L29","711","희성전자1공장","128.4881057","35.8420106","","UTIC","","","","2026-06-07T13:36:42.375374+00:00","2026-06-07T13:36:42.375374+00:00"
"a78c34be-1394-4546-a1e9-616e00f352bb","L29","712","논공삼리주유소","128.4050021","35.7650053","","UTIC","","","","2026-06-07T13:36:42.375374+00:00","2026-06-07T13:36:42.375374+00:00"
"f43be331-5e06-431e-9082-00f7a46b3b8e","L29","713","차천2교서편","128.4438124","35.6700654","","UTIC","","","","2026-06-07T13:36:42.375374+00:00","2026-06-07T13:36:42.375374+00:00"
"f404ed33-7aa9-44ea-b997-6c27332f05b5","L29","714","명덕시장입구","128.588726","35.8444529","","UTIC","","","","2026-06-07T13:36:42.375374+00:00","2026-06-07T13:36:42.375374+00:00"
"a14df805-3784-4b35-8336-55312eb4dc18","L29","715","견인관리소","128.5413732","35.8373739","","UTIC","","","","2026-06-07T13:36:42.375374+00:00","2026-06-07T13:36:42.375374+00:00"
"c870f7e1-e910-4201-92a3-41ff64737105","L29","716","그린코아","128.5467268","35.837224","","UTIC","","","","2026-06-07T13:36:42.375374+00:00","2026-06-07T13:36:42.375374+00:00"
"531b62c0-53bd-440e-8b45-292770716ac2","L29","717","기업은행송현지점","128.5508314","35.8371621","","UTIC","","","","2026-06-07T13:36:42.375374+00:00","2026-06-07T13:36:42.375374+00:00"
"2e7fc9ae-291c-4799-bce7-5cc9936c80c6","L29","718","감천네거리","128.5306577","35.8372316","","UTIC","","","","2026-06-07T13:36:42.375374+00:00","2026-06-07T13:36:42.375374+00:00"
"07d805ee-b791-43fe-aaa0-a69134232096","L29","719","남대구IC서편","128.5224478","35.8367501","","UTIC","","","","2026-06-07T13:36:42.375374+00:00","2026-06-07T13:36:42.375374+00:00"
"43fa6587-9646-4ef6-a67f-4805a65f7b1f","L29","720","동본리네거리","128.5447357","35.8372767","","UTIC","","","","2026-06-07T13:36:42.375374+00:00","2026-06-07T13:36:42.375374+00:00"
"1f1c02b8-bb15-4b5c-a25b-cd23eab97199","L29","721","본리네거리","128.5368919","35.8374133","","UTIC","","","","2026-06-07T13:36:42.375374+00:00","2026-06-07T13:36:42.375374+00:00"
"551de5e1-8184-4fdc-b377-6d1f5eac1472","L29","722","본리네거리서편","128.5339249","35.8373611","","UTIC","","","","2026-06-07T13:36:42.375374+00:00","2026-06-07T13:36:42.375374+00:00"
"f189039f-01b3-4b84-be28-2f0351874fd7","L29","723","본리동진택시","128.5369582","35.8402782","","UTIC","","","","2026-06-07T13:36:42.375374+00:00","2026-06-07T13:36:42.375374+00:00"
"c2028a0f-6cb5-4027-a33d-92e18a800fa5","L29","724","본리여중네거리","128.5414387","35.8396125","","UTIC","","","","2026-06-07T13:36:42.375374+00:00","2026-06-07T13:36:42.375374+00:00"
"f591fa26-4cbb-4aac-99e4-96f31be32ead","L29","725","본리초등네거리","128.5370099","35.8435307","","UTIC","","","","2026-06-07T13:36:42.375374+00:00","2026-06-07T13:36:42.375374+00:00"
"d2576e1e-9f74-4f28-aff4-605f8d4182a6","L29","726","성당네거리","128.5575017","35.8375715","","UTIC","","","","2026-06-07T13:36:42.375374+00:00","2026-06-07T13:36:42.375374+00:00"
"2780331b-6b42-400d-8bbc-776ac0bb206d","L29","727","성당중학교","128.5487726","35.8394235","","UTIC","","","","2026-06-07T13:36:42.375374+00:00","2026-06-07T13:36:42.375374+00:00"
"11c62725-8225-452a-a1fe-a6f8169fac34","L29","728","세광병원삼거리","128.5528221","35.8370914","","UTIC","","","","2026-06-07T13:36:42.375374+00:00","2026-06-07T13:36:42.375374+00:00"
"84476f69-9da1-42ac-a9d5-90cee65508db","L29","729","세광병원동편","128.5550368","35.8371618","","UTIC","","","","2026-06-07T13:36:42.375374+00:00","2026-06-07T13:36:42.375374+00:00"
"154b9c63-fb6f-4d65-880b-f99e0f83d4e3","L29","730","평리동롯데캐슬앞","128.5655111","35.8720355","","UTIC","","","","2026-06-07T13:36:42.375374+00:00","2026-06-07T13:36:42.375374+00:00"
"45a4156d-f93a-4639-8c63-6226b3befd2c","L29","731","이동통신","128.5487515","35.837198","","UTIC","","","","2026-06-07T13:36:42.375374+00:00","2026-06-07T13:36:42.375374+00:00"
"75d39909-7781-4122-a6a1-dc1265bf7290","L29","732","한성LPG","128.5371102","35.8470078","","UTIC","","","","2026-06-07T13:36:42.375374+00:00","2026-06-07T13:36:42.375374+00:00"
"3faad370-7c59-45c8-a717-525cbd946e5c","L29","733","본동주공아파트","128.5439606","35.8275452","","UTIC","","","","2026-06-07T13:36:42.375374+00:00","2026-06-07T13:36:42.375374+00:00"
"795efb55-5601-4bcb-a703-706637993c00","L29","734","계대남편","128.5829868","35.8552046","","UTIC","","","","2026-06-07T13:36:42.375374+00:00","2026-06-07T13:36:42.375374+00:00"
"ee56ba77-cea9-4917-a42e-0cdccb376a98","L29","735","송현우방하이츠동편","128.54393","35.825964","","UTIC","","","","2026-06-07T13:36:42.375374+00:00","2026-06-07T13:36:42.375374+00:00"
"45eb0d4b-b29a-437f-8ab8-ce0d34e4cfd9","L29","736","송현우방하이츠정문","128.5419873","35.825642","","UTIC","","","","2026-06-07T13:36:42.375374+00:00","2026-06-07T13:36:42.375374+00:00"
"0c53b729-aa90-45ce-8c96-7c0879872f4a","L29","737","송현여고입구","128.5446514","35.831213","","UTIC","","","","2026-06-07T13:36:42.375374+00:00","2026-06-07T13:36:42.375374+00:00"
"b345eb93-3b4f-48a3-9426-8d72c00eba6c","L29","738","가람마을아파트","128.5395698","35.8064603","","UTIC","","","","2026-06-07T13:36:42.375374+00:00","2026-06-07T13:36:42.375374+00:00"
"0cc4a15b-4b41-4e1f-bdb0-beedb4f69bae","L29","739","교대부속초등","128.5316195","35.8055076","","UTIC","","","","2026-06-07T13:36:42.375374+00:00","2026-06-07T13:36:42.375374+00:00"
"32fb571f-44bf-4505-aa07-25c4c5588c17","L29","740","노전초등","128.5317637","35.807254","","UTIC","","","","2026-06-07T13:36:42.375374+00:00","2026-06-07T13:36:42.375374+00:00"
"064215f8-8c3f-4d21-adf0-3a01243d0e51","L29","741","달맞이공원","128.5283971","35.8076483","","UTIC","","","","2026-06-07T13:36:42.375374+00:00","2026-06-07T13:36:42.375374+00:00"
"db39913a-4e30-4851-ad14-9675b46e393c","L29","742","대곡미래샘아파트","128.5414649","35.8063504","","UTIC","","","","2026-06-07T13:36:42.375374+00:00","2026-06-07T13:36:42.375374+00:00"
"83c59102-9733-4899-997a-00129f3c42cc","L29","743","대곡초등","128.5353236","35.8042618","","UTIC","","","","2026-06-07T13:36:42.375374+00:00","2026-06-07T13:36:42.375374+00:00"
"3a5b299d-0dbc-47d5-8331-92b772ab939b","L29","744","도원네거리","128.5356838","35.8068795","","UTIC","","","","2026-06-07T13:36:42.375374+00:00","2026-06-07T13:36:42.375374+00:00"
"027abd55-57a5-40df-a390-abab265a81d6","L29","745","월촌초등","128.5434578","35.8152959","","UTIC","","","","2026-06-07T13:36:42.375374+00:00","2026-06-07T13:36:42.375374+00:00"
"528298b4-767b-46a9-92af-cba8561f4573","L29","746","777관리대","128.5553496","35.8254067","","UTIC","","","","2026-06-07T13:36:42.375374+00:00","2026-06-07T13:36:42.375374+00:00"
"6b871653-4d9d-416f-a8f9-79df2e28a9e8","L29","747","성산초등","128.5181108","35.8571351","","UTIC","","","","2026-06-07T13:36:42.375374+00:00","2026-06-07T13:36:42.375374+00:00"
"f3df4f6c-3fe6-4fc2-a347-e6e9668e497e","L29","748","성서3차동서타운","128.5126952","35.8552569","","UTIC","","","","2026-06-07T13:36:42.375374+00:00","2026-06-07T13:36:42.375374+00:00"
"95aaeaae-1656-4ec8-bc62-ed254f02ddf4","L29","749","성서동서서한아파트","128.502988","35.8591096","","UTIC","","","","2026-06-07T13:36:42.375374+00:00","2026-06-07T13:36:42.375374+00:00"
"67f320ab-54f0-4de3-a0e5-505b136f28dc","L29","750","성서무지개","128.5111608","35.85898","","UTIC","","","","2026-06-07T13:36:42.375374+00:00","2026-06-07T13:36:42.375374+00:00"
"6d5da095-8dee-4cb4-93a8-1a1c7acf8ed7","L29","751","국민연금네거리","128.5072845","35.855379","","UTIC","","","","2026-06-07T13:36:42.375374+00:00","2026-06-07T13:36:42.375374+00:00"
"34c72ba3-bac7-45cc-b4d7-0aeb625458c7","L29","752","성서우방북편","128.5154988","35.8571591","","UTIC","","","","2026-06-07T13:36:42.375374+00:00","2026-06-07T13:36:42.375374+00:00"
"89dced8d-a542-4426-8b39-ac8faf5f358e","L29","753","성서주공네거리","128.4956424","35.8555425","","UTIC","","","","2026-06-07T13:36:42.375374+00:00","2026-06-07T13:36:42.375374+00:00"
"415cb394-2425-4ff6-9a25-ea22d6d04930","L29","754","달성공원남편","128.5821512","35.8717183","","UTIC","","","","2026-06-07T13:36:42.375374+00:00","2026-06-07T13:36:42.375374+00:00"
"a695aea1-34dd-4f69-92c7-577a7535ee86","L29","755","성서축협","128.5050602","35.8554159","","UTIC","","","","2026-06-07T13:36:42.375374+00:00","2026-06-07T13:36:42.375374+00:00"
"11d9a2ce-2701-433a-be4f-53b9a8993151","L29","756","성서푸른마을","128.5073534","35.8590188","","UTIC","","","","2026-06-07T13:36:42.375374+00:00","2026-06-07T13:36:42.375374+00:00"
"c55da2a4-a2eb-4a46-80c5-6312b9525eaf","L29","757","성당초등","128.5467478","35.8394496","","UTIC","","","","2026-06-07T13:36:42.375374+00:00","2026-06-07T13:36:42.375374+00:00"
"454feeac-e28a-4732-a63c-fe5f7636c4cd","L29","758","성지초등후문","128.5179464","35.8537398","","UTIC","","","","2026-06-07T13:36:42.375374+00:00","2026-06-07T13:36:42.375374+00:00"
"07a23e33-799d-456c-b2db-526b7c79b1f6","L29","759","신당초등네거리","128.4955619","35.8536151","","UTIC","","","","2026-06-07T13:36:42.375374+00:00","2026-06-07T13:36:42.375374+00:00"
"0ea33289-7ecf-44e7-b450-e4f2664c9603","L29","760","신당파출소","128.4999607","35.8591294","","UTIC","","","","2026-06-07T13:36:42.375374+00:00","2026-06-07T13:36:42.375374+00:00"
"9e7f55c5-57b5-44be-88b3-e90915cd0692","L29","761","신화한마음","128.5154553","35.8589439","","UTIC","","","","2026-06-07T13:36:42.375374+00:00","2026-06-07T13:36:42.375374+00:00"
"ab5ed584-1618-43c5-b962-16f83443cd13","L29","762","영남우방2차","128.5153513","35.8552279","","UTIC","","","","2026-06-07T13:36:42.375374+00:00","2026-06-07T13:36:42.375374+00:00"
"cc705b23-e973-4874-acf3-90300adc62c2","L29","763","화남파출소남편","128.4903963","35.7975999","","UTIC","","","","2026-06-07T13:36:42.375374+00:00","2026-06-07T13:36:42.375374+00:00"
"aef0758d-af56-4e91-af64-957305f6ba2e","L29","764","이곡초등","128.5099991","35.8572644","","UTIC","","","","2026-06-07T13:36:42.375374+00:00","2026-06-07T13:36:42.375374+00:00"
"68b01812-427b-4505-a7b1-a4cd63df5871","L29","765","한전달서변전소","128.4958778","35.8592344","","UTIC","","","","2026-06-07T13:36:42.375374+00:00","2026-06-07T13:36:42.375374+00:00"
"6bc7a061-7f33-4c00-9617-19875a0e89b9","L29","766","현대주택","128.507298","35.8572622","","UTIC","","","","2026-06-07T13:36:42.375374+00:00","2026-06-07T13:36:42.375374+00:00"
"f5695f72-558d-4f92-844d-a9620efb8ea1","L29","767","성서우방동편","128.5097078","35.8553305","","UTIC","","","","2026-06-07T13:36:42.375374+00:00","2026-06-07T13:36:42.375374+00:00"
"fee7d8ac-776d-471a-ae1b-3b9549e5399c","L29","768","와룡고등","128.5053952","35.8590794","","UTIC","","","","2026-06-07T13:36:42.375374+00:00","2026-06-07T13:36:42.375374+00:00"
"4946c81a-2e7b-463a-9612-80bf0344c3c7","L29","769","문화대삼거리","128.4920939","35.8593445","","UTIC","","","","2026-06-07T13:36:42.375374+00:00","2026-06-07T13:36:42.375374+00:00"
"d0e41d36-2855-478c-8df5-7577c20b20f2","L29","770","성서계대동문","128.4920573","35.8556232","","UTIC","","","","2026-06-07T13:36:42.375374+00:00","2026-06-07T13:36:42.375374+00:00"
"414d1de1-04e6-48d6-af0f-f95f8258e105","L29","771","경북기계공고","128.5429518","35.8211644","","UTIC","","","","2026-06-07T13:36:42.375374+00:00","2026-06-07T13:36:42.375374+00:00"
"e36dc01f-d4cb-433e-a5f2-44acd827db3a","L29","772","화남초등","128.4983222","35.8005608","","UTIC","","","","2026-06-07T13:36:42.375374+00:00","2026-06-07T13:36:42.375374+00:00"
"acc56a8e-c640-44bc-9f57-5ea97a78320b","L29","773","명천교네거리","128.4991845","35.8008294","","UTIC","","","","2026-06-07T13:36:42.375374+00:00","2026-06-07T13:36:42.375374+00:00"
"d0abb726-56eb-4bce-a177-b01c38939629","L29","774","대구상고","128.5397725","35.8195381","","UTIC","","","","2026-06-07T13:36:42.375374+00:00","2026-06-07T13:36:42.375374+00:00"
"b8bf8f35-4337-499e-81b4-d516b29a4bcd","L29","775","삼일호텔","128.5543694","35.8335839","","UTIC","","","","2026-06-07T13:36:42.375374+00:00","2026-06-07T13:36:42.375374+00:00"
"6a211f24-6808-4934-8d39-ea0b9d99972d","L29","776","상인네거리","128.5378752","35.8189811","","UTIC","","","","2026-06-07T13:36:42.375374+00:00","2026-06-07T13:36:42.375374+00:00"
"876c13d6-246b-4ada-bf74-e13ff53c6648","L29","777","상인주유소","128.5344597","35.8180065","","UTIC","","","","2026-06-07T13:36:42.375374+00:00","2026-06-07T13:36:42.375374+00:00"
"374d2921-22ca-4506-abc9-33f27c4e9db1","L29","778","경북면허시험장","128.4859923","35.8082071","","UTIC","","","","2026-06-07T13:36:42.375374+00:00","2026-06-07T13:36:42.375374+00:00"
"14ac2570-846a-460f-a4b4-eba54dbf9f8a","L29","779","송현여고","128.550722","35.8298372","","UTIC","","","","2026-06-07T13:36:42.375374+00:00","2026-06-07T13:36:42.375374+00:00"
"6831df82-c8ac-4814-98d2-ed4ad1b6b353","L29","780","송현주공네거리","128.5454353","35.8237053","","UTIC","","","","2026-06-07T13:36:42.375374+00:00","2026-06-07T13:36:42.375374+00:00"
"f99b9a81-ac01-48e3-bb49-cec8ce152728","L29","781","신애약국","128.5205419","35.8134252","","UTIC","","","","2026-06-07T13:36:42.375374+00:00","2026-06-07T13:36:42.375374+00:00"
"070215f3-c8f7-4e46-bd6f-c78c606f66fb","L29","782","진천네거리","128.5240842","35.8141013","","UTIC","","","","2026-06-07T13:36:42.375374+00:00","2026-06-07T13:36:42.375374+00:00"
"c82ee2ba-2549-4a41-9543-54183d07611d","L29","783","월배우체국","128.5326748","35.8172452","","UTIC","","","","2026-06-07T13:36:42.375374+00:00","2026-06-07T13:36:42.375374+00:00"
"8d750214-d524-4661-8a53-7617cd312961","L29","784","월배지하철차량기지","128.5176716","35.8120106","","UTIC","","","","2026-06-07T13:36:42.375374+00:00","2026-06-07T13:36:42.375374+00:00"
"28a9eeb5-14f4-4155-8b70-1d7d6dff2298","L29","785","월배초등","128.5284722","35.8153207","","UTIC","","","","2026-06-07T13:36:42.375374+00:00","2026-06-07T13:36:42.375374+00:00"
"0dac8580-c33b-41b7-9c4e-63ea5d1bd327","L29","786","유천교","128.515623","35.8107478","","UTIC","","","","2026-06-07T13:36:42.375374+00:00","2026-06-07T13:36:42.375374+00:00"
"dff61e08-c14d-4bbe-98d9-65463e8c13be","L29","787","진천파출소","128.5266496","35.8146094","","UTIC","","","","2026-06-07T13:36:42.375374+00:00","2026-06-07T13:36:42.375374+00:00"
"1dc4f52c-b7b5-41e6-a8b2-97e301469086","L29","788","진천남네거리","128.5270147","35.8088283","","UTIC","","","","2026-06-07T13:36:42.375374+00:00","2026-06-07T13:36:42.375374+00:00"
"72867d87-0fd5-4eee-b261-95b26653564f","L29","789","화원중학교","128.5103338","35.7981395","","UTIC","","","","2026-06-07T13:36:42.375374+00:00","2026-06-07T13:36:42.375374+00:00"
"2b5954db-0100-48dd-9511-733626121270","L29","790","옷박골네거리남편","128.5306067","35.8576163","","UTIC","","","","2026-06-07T13:36:42.375374+00:00","2026-06-07T13:36:42.375374+00:00"
"2ae39191-212b-4e3b-936a-9582458f6498","L29","791","대곡가람마을아파트","128.5429465","35.8083095","","UTIC","","","","2026-06-07T13:36:42.375374+00:00","2026-06-07T13:36:42.375374+00:00"
"36cd0e86-9bb2-460f-9f26-7f7f49f04e95","L29","792","대곡궁전맨션","128.5243734","35.8078165","","UTIC","","","","2026-06-07T13:36:42.375374+00:00","2026-06-07T13:36:42.375374+00:00"
"b3d9cdee-9c76-4615-b00f-a59982dc6352","L29","793","대곡보라맨션","128.5452903","35.8082343","","UTIC","","","","2026-06-07T13:36:42.375374+00:00","2026-06-07T13:36:42.375374+00:00"
"e47e923d-423d-46bb-bf2b-2dbe1c6a2f6c","L29","794","대곡사계절","128.5398693","35.8093672","","UTIC","","","","2026-06-07T13:36:42.375374+00:00","2026-06-07T13:36:42.375374+00:00"
"d4eb9d11-43c1-47a0-b6f3-2576c8737fd0","L29","795","상화네거리","128.5361402","35.8099016","","UTIC","","","","2026-06-07T13:36:42.375374+00:00","2026-06-07T13:36:42.375374+00:00"
"0b842495-c219-4575-ba16-e6630294784a","L29","796","대곡주공아파트","128.5319501","35.8097613","","UTIC","","","","2026-06-07T13:36:42.375374+00:00","2026-06-07T13:36:42.375374+00:00"
"4c82b366-928c-414f-b61f-8bcf47fc009d","L29","797","대곡청솔빌라","128.518328","35.8084247","","UTIC","","","","2026-06-07T13:36:42.375374+00:00","2026-06-07T13:36:42.375374+00:00"
"f97e062c-26d3-4e82-8f87-64b4e970a19f","L29","798","도원중학교","128.5426698","35.8071595","","UTIC","","","","2026-06-07T13:36:42.375374+00:00","2026-06-07T13:36:42.375374+00:00"
"62f14b89-50c9-4036-9435-67a2fde35957","L29","799","월곡네거리","128.5487085","35.8082173","","UTIC","","","","2026-06-07T13:36:42.375374+00:00","2026-06-07T13:36:42.375374+00:00"
"8e271ce2-982c-4c3e-8974-e9cbf6412893","L29","800","장기네거리","128.5305811","35.8436127","","UTIC","","","","2026-06-07T13:36:42.375374+00:00","2026-06-07T13:36:42.375374+00:00"
"b20e82a6-533e-4cb7-856b-9a3fad4148a3","L29","801","달서전화국서편","128.528368","35.8436409","","UTIC","","","","2026-06-07T13:36:42.375374+00:00","2026-06-07T13:36:42.375374+00:00"
"81e3fab8-f990-4cbb-bdfd-4caf91b21b56","L29","802","날뫼육교앞","128.5643633","35.8840447","","UTIC","","","","2026-06-07T13:36:42.375374+00:00","2026-06-07T13:36:42.375374+00:00"
"3e19c67e-b568-4ab9-b667-3cb522f10102","L29","803","성서자동차학원","128.5306515","35.8467028","","UTIC","","","","2026-06-07T13:36:42.375374+00:00","2026-06-07T13:36:42.375374+00:00"
"6f947975-bab3-48a3-816c-d0851cec09f6","L29","804","장기공원","128.527729","35.8466769","","UTIC","","","","2026-06-07T13:36:42.375374+00:00","2026-06-07T13:36:42.375374+00:00"
"34b40778-a1e6-4b8f-b3e1-09b4e37587b8","L29","805","현대아파트","128.5306146","35.8419001","","UTIC","","","","2026-06-07T13:36:42.375374+00:00","2026-06-07T13:36:42.375374+00:00"
"444eb813-4755-4dcf-9634-a2b9998ec574","L29","806","현대아파트남편","128.5306219","35.8399806","","UTIC","","","","2026-06-07T13:36:42.375374+00:00","2026-06-07T13:36:42.375374+00:00"
"2c0b56d6-9176-4553-9ac4-9f0290afc2a0","L29","807","강창교동편","128.4735823","35.8532378","","UTIC","","","","2026-06-07T13:36:42.375374+00:00","2026-06-07T13:36:42.375374+00:00"
"184c5106-52e7-4f1e-ae5a-dc622fd18e60","L29","808","성서계대정문","128.4870996","35.8521431","","UTIC","","","","2026-06-07T13:36:42.375374+00:00","2026-06-07T13:36:42.375374+00:00"
"21090d36-33e0-453b-9f29-6ea3a9dc1a69","L29","809","성서계대후문","128.4837407","35.852473","","UTIC","","","","2026-06-07T13:36:42.375374+00:00","2026-06-07T13:36:42.375374+00:00"
"4970f3da-d87b-4444-a25a-065109cbe31f","L29","810","파호동","128.4780516","35.8530928","","UTIC","","","","2026-06-07T13:36:42.375374+00:00","2026-06-07T13:36:42.375374+00:00"
"c87b2865-e39b-40e2-9f43-39491c980f88","L29","811","남부경찰서","128.5844132","35.8424102","","UTIC","","","","2026-06-07T13:36:42.375374+00:00","2026-06-07T13:36:42.375374+00:00"
"7885dad0-573c-4788-8ed5-a8360d6d40c9","L29","812","달서경찰서","128.5341808","35.8299594","","UTIC","","","","2026-06-07T13:36:42.375374+00:00","2026-06-07T13:36:42.375374+00:00"
"fbd433bb-9158-41cc-ae42-239809e38b35","L29","813","달서구청","128.5329743","35.8287942","","UTIC","","","","2026-06-07T13:36:42.375374+00:00","2026-06-07T13:36:42.375374+00:00"
"589c1f00-f028-44ac-b067-5879eddde113","L29","814","달서소방서","128.5355794","35.8313293","","UTIC","","","","2026-06-07T13:36:42.375374+00:00","2026-06-07T13:36:42.375374+00:00"
"c9554a0a-2061-42b8-8616-5001d004e865","L29","815","본리공원삼거리","128.5381961","35.8327422","","UTIC","","","","2026-06-07T13:36:42.375374+00:00","2026-06-07T13:36:42.375374+00:00"
"60bd5b6d-9faf-4b20-9ba5-a2eeff917a34","L29","816","월성네거리","128.5298192","35.8261265","","UTIC","","","","2026-06-07T13:36:42.375374+00:00","2026-06-07T13:36:42.375374+00:00"
"f64535b1-55b9-42c7-b19d-c7405a2aae18","L29","817","학산남네거리","128.5327198","35.8230391","","UTIC","","","","2026-06-07T13:36:42.375374+00:00","2026-06-07T13:36:42.375374+00:00"
"09b56b8c-3889-4920-8a54-7495b476a910","L29","818","대서초등","128.5512637","35.8201427","","UTIC","","","","2026-06-07T13:36:42.375374+00:00","2026-06-07T13:36:42.375374+00:00"
"6262cb8d-ca73-40c1-b84b-2346197cbb17","L29","819","송현주공동편","128.5479291","35.8222088","","UTIC","","","","2026-06-07T13:36:42.375374+00:00","2026-06-07T13:36:42.375374+00:00"
"3ab104fd-41b1-4d9f-842a-af97ea2cd15a","L29","820","계진직물","128.515904","35.8429788","","UTIC","","","","2026-06-07T13:36:42.375374+00:00","2026-06-07T13:36:42.375374+00:00"
"ef1cebfe-1c30-4a69-84cf-2fca89a8b075","L29","821","갈산네거리","128.5073343","35.8439787","","UTIC","","","","2026-06-07T13:36:42.375374+00:00","2026-06-07T13:36:42.375374+00:00"
"f2f3b01a-c53e-4ec8-872c-c02df544ecff","L29","822","동국기계","128.5073428","35.8303891","","UTIC","","","","2026-06-07T13:36:42.375374+00:00","2026-06-07T13:36:42.375374+00:00"
"0dbb70f9-51a0-4342-bbb0-d6d10c24721b","L29","823","통일공업사","128.5073917","35.8247833","","UTIC","","","","2026-06-07T13:36:42.375374+00:00","2026-06-07T13:36:42.375374+00:00"
"9d769b65-395d-4fc0-96a2-89df8296b030","L29","824","갈산공원네거리","128.4998676","35.8447841","","UTIC","","","","2026-06-07T13:36:42.375374+00:00","2026-06-07T13:36:42.375374+00:00"
"3ab5ab5a-7774-40c8-a710-0ae5aee905b2","L29","825","대구의료원서편","128.5399826","35.8587491","","UTIC","","","","2026-06-07T13:36:42.375374+00:00","2026-06-07T13:36:42.375374+00:00"
"f18565ac-fde5-40cd-aaf1-b70eb1796ebc","L29","826","기동대남편","128.6338982","35.8273922","","UTIC","","","","2026-06-07T13:36:42.375374+00:00","2026-06-07T13:36:42.375374+00:00"
"ef4fe35b-5efd-4d95-bc83-502758a90f48","L29","827","호산초등서편네거리","128.4780324","35.8484791","","UTIC","","","","2026-06-07T13:36:42.375374+00:00","2026-06-07T13:36:42.375374+00:00"
"7b46bea0-8938-4370-a391-23c785f9de2a","L29","828","달성농협센타","128.4877731","35.8010748","","UTIC","","","","2026-06-07T13:36:42.375374+00:00","2026-06-07T13:36:42.375374+00:00"
"38a02b46-3c98-4914-aaa0-7722fe2d4bdd","L29","829","홍천사앞삼거리","128.4818006","35.8088716","","UTIC","","","","2026-06-07T13:36:42.375374+00:00","2026-06-07T13:36:42.375374+00:00"
"69680314-3570-4646-ae63-1595f1830189","L29","830","천내고가입구","128.5043424","35.8127189","","UTIC","","","","2026-06-07T13:36:42.375374+00:00","2026-06-07T13:36:42.375374+00:00"
"fb9b2a4c-b26d-4e8e-8098-6d36d1b22f2b","L29","831","장동초교남편","128.5321636","35.8436016","","UTIC","","","","2026-06-07T13:36:42.375374+00:00","2026-06-07T13:36:42.375374+00:00"
"154ff28a-1946-4d8c-bb63-884ff3f343a6","L29","832","이천네거리동편","128.6001166","35.8478433","","UTIC","","","","2026-06-07T13:36:42.375374+00:00","2026-06-07T13:36:42.375374+00:00"
"fbc045c1-0f7a-4197-bd96-b50100935fd2","L29","833","조야교입구","128.5788926","35.9033282","","UTIC","","","","2026-06-07T13:36:42.375374+00:00","2026-06-07T13:36:42.375374+00:00"
"ad595d92-daad-4278-a109-bc5898966941","L29","834","일신기계","128.5073007","35.827578","","UTIC","","","","2026-06-07T13:36:42.375374+00:00","2026-06-07T13:36:42.375374+00:00"
"aaf9cf0d-6473-4e27-ab96-2c72a14e5ec6","L29","835","지하통로남편","128.4959016","35.8074533","","UTIC","","","","2026-06-07T13:36:42.375374+00:00","2026-06-07T13:36:42.375374+00:00"
"e7d90c67-6bb2-4e1f-a3d2-245e1976ee03","L29","836","상인고가북편","128.5347695","35.8214539","","UTIC","","","","2026-06-07T13:36:42.375374+00:00","2026-06-07T13:36:42.375374+00:00"
"385f6a87-9c17-4b46-905d-e807eaa92687","L29","837","삼일맨션","128.6411022","35.8789654","","UTIC","","","","2026-06-07T13:36:42.375374+00:00","2026-06-07T13:36:42.375374+00:00"
"1b8f8320-2214-4ce5-aa20-e78cf0fa5342","L29","838","성서청해복어앞","128.4904082","35.8396661","","UTIC","","","","2026-06-07T13:36:42.375374+00:00","2026-06-07T13:36:42.375374+00:00"
"caf2d983-2917-483e-ac76-e99e518b2733","L29","839","장성초등","128.5253703","35.850663","","UTIC","","","","2026-06-07T13:36:42.375374+00:00","2026-06-07T13:36:42.375374+00:00"
"a3fe8aa6-936d-4660-ba1e-1a9a2ceff71e","L29","840","세광병원북편","128.5528229","35.8382719","","UTIC","","","","2026-06-07T13:36:42.375374+00:00","2026-06-07T13:36:42.375374+00:00"
"919bcc64-abea-4885-b3a5-9a8b97a4843d","L29","841","희망로네거리북편","128.6167541","35.849567","","UTIC","","","","2026-06-07T13:36:42.375374+00:00","2026-06-07T13:36:42.375374+00:00"
"abcd1988-58a2-4114-9cea-75795339dd22","L29","842","큰고개천주교회","128.6292641","35.8856508","","UTIC","","","","2026-06-07T13:36:42.375374+00:00","2026-06-07T13:36:42.375374+00:00"
"d004bc6e-5929-482f-8c29-ac1d76b054b8","L29","843","구라지하차도앞","128.4979034","35.8085999","","UTIC","","","","2026-06-07T13:36:42.375374+00:00","2026-06-07T13:36:42.375374+00:00"
"d55f3d56-b3c8-4a36-963f-ae7bd562a7d5","L29","844","월성청구코아","128.5312149","35.8270684","","UTIC","","","","2026-06-07T13:36:42.375374+00:00","2026-06-07T13:36:42.375374+00:00"
"6e99e32f-f401-4a31-8d93-e5d42a773cfa","L29","845","상인고가남편","128.5384905","35.8181802","","UTIC","","","","2026-06-07T13:36:42.375374+00:00","2026-06-07T13:36:42.375374+00:00"
"ecc0be68-d38a-4283-b443-fe29d77bdc21","L29","846","문화예술회관","128.5620329","35.8434603","","UTIC","","","","2026-06-07T13:36:42.375374+00:00","2026-06-07T13:36:42.375374+00:00"
"ea206f30-4dd4-4777-847f-82902e9e5f16","L29","847","당산네거리동편","128.548026","35.8619349","","UTIC","","","","2026-06-07T13:36:42.375374+00:00","2026-06-07T13:36:42.375374+00:00"
"eb118085-32fd-4c50-86b2-c60e510560ef","L29","848","구남여상","128.5743427","35.858137","","UTIC","","","","2026-06-07T13:36:42.375374+00:00","2026-06-07T13:36:42.375374+00:00"
"a37e87b2-2e16-43a8-babb-69a936a12fde","L29","849","남부LPG","128.5590928","35.8397046","","UTIC","","","","2026-06-07T13:36:42.375374+00:00","2026-06-07T13:36:42.375374+00:00"
"15b887fe-2610-4ba5-9671-3b5b005e0020","L29","850","두류공원네거리","128.5669401","35.847046","","UTIC","","","","2026-06-07T13:36:42.375374+00:00","2026-06-07T13:36:42.375374+00:00"
"939784c3-c7af-4220-876b-37233c64c2c2","L29","851","두류롤러스케이트장","128.5634169","35.8446137","","UTIC","","","","2026-06-07T13:36:42.375374+00:00","2026-06-07T13:36:42.375374+00:00"
"9b33f001-487c-42b0-9ebe-07d91987b96b","L29","852","성당못앞","128.5608648","35.8420246","","UTIC","","","","2026-06-07T13:36:42.375374+00:00","2026-06-07T13:36:42.375374+00:00"
"9e53899a-ce83-4025-8385-8194a44bccc8","L29","853","성남초등","128.5740196","35.855235","","UTIC","","","","2026-06-07T13:36:42.375374+00:00","2026-06-07T13:36:42.375374+00:00"
"2c2ce5a8-8842-4a2f-b671-b3ec83133a6a","L29","854","경원고교","128.5254918","35.8645122","","UTIC","","","","2026-06-07T13:36:42.375374+00:00","2026-06-07T13:36:42.375374+00:00"
"98461913-cc99-448f-89ec-47b82140e601","L29","855","용산약국","128.5209953","35.8551521","","UTIC","","","","2026-06-07T13:36:42.375374+00:00","2026-06-07T13:36:42.375374+00:00"
"2c3696de-4b28-457f-9d02-27543bca4202","L29","856","성당시장네거리","128.5736018","35.8511763","","UTIC","","","","2026-06-07T13:36:42.375374+00:00","2026-06-07T13:36:42.375374+00:00"
"6d18cde7-f9a1-417c-82b3-4484b2bdc5ab","L29","857","시립복지회관","128.5714045","35.8497677","","UTIC","","","","2026-06-07T13:36:42.375374+00:00","2026-06-07T13:36:42.375374+00:00"
"8bd6c374-718d-4679-96c0-813345db65d1","L29","858","삼익뉴타운서편","128.5492536","35.8624418","","UTIC","","","","2026-06-07T13:36:42.375374+00:00","2026-06-07T13:36:42.375374+00:00"
"d91a2dae-60e6-43e7-a876-d51269802c93","L29","859","팔달교남편","128.553181","35.8923632","","UTIC","","","","2026-06-07T13:36:42.375374+00:00","2026-06-07T13:36:42.375374+00:00"
"63c2f5c5-ec79-4031-9045-839ab241f72a","L29","860","팔달교","128.5518605","35.8939303","","UTIC","","","","2026-06-07T13:36:42.375374+00:00","2026-06-07T13:36:42.375374+00:00"
"25caa085-e8c2-4f6e-918d-8f8951d33c51","L29","861","남부LPG서편","128.5568451","35.8390849","","UTIC","","","","2026-06-07T13:36:42.375374+00:00","2026-06-07T13:36:42.375374+00:00"
"f87dcbfe-0acc-4913-93f1-cf57ddf4e581","L29","862","상신삼거리","128.5548558","35.8907916","","UTIC","","","","2026-06-07T13:36:42.375374+00:00","2026-06-07T13:36:42.375374+00:00"
"ee71c987-0470-4a1d-afc4-d650b5be484e","L29","863","서대구농협","128.5575519","35.8859625","","UTIC","","","","2026-06-07T13:36:42.375374+00:00","2026-06-07T13:36:42.375374+00:00"
"c2401869-d05b-4ed3-9c02-8a0c8196caef","L29","864","수성화성파크드림","128.6189937","35.8571019","","UTIC","","","","2026-06-07T13:36:42.375374+00:00","2026-06-07T13:36:42.375374+00:00"
"75a2a42b-89fa-4fa1-86e3-85fd988e157e","L29","865","SJ테크앞","128.5097426","35.8215457","","UTIC","","","","2026-06-07T13:36:42.375374+00:00","2026-06-07T13:36:42.375374+00:00"
"3f734d98-d76f-41b9-a081-85a2b348005f","L29","866","월성푸르지오","128.5269608","35.8250769","","UTIC","","","","2026-06-07T13:36:42.375374+00:00","2026-06-07T13:36:42.375374+00:00"
"ca38dd2f-b261-4e13-9621-3c14af379d5c","L29","867","월성초등","128.5312743","35.8313121","","UTIC","","","","2026-06-07T13:36:42.375374+00:00","2026-06-07T13:36:42.375374+00:00"
"06e20e8b-757f-45e2-b629-cd3cca268564","L29","868","두류도서관","128.5615645","35.8528744","","UTIC","","","","2026-06-07T13:36:42.375374+00:00","2026-06-07T13:36:42.375374+00:00"
"5fb075e1-43b7-4c76-be01-740bcf59ce7d","L29","869","아리랑호텔","128.559669","35.8549987","","UTIC","","","","2026-06-07T13:36:42.375374+00:00","2026-06-07T13:36:42.375374+00:00"
"09a2d657-d477-466c-9614-9151f03a1127","L29","870","용산초등","128.5333193","35.8587893","","UTIC","","","","2026-06-07T13:36:42.375374+00:00","2026-06-07T13:36:42.375374+00:00"
"d9ce5527-291a-4860-b391-7136136137d7","L29","871","상리지하도서편","128.5297418","35.8679095","","UTIC","","","","2026-06-07T13:36:42.375374+00:00","2026-06-07T13:36:42.375374+00:00"
"817839f5-5759-420f-8019-ebf1d4f914c9","L29","872","성서보성2차","128.5188529","35.858901","","UTIC","","","","2026-06-07T13:36:42.375374+00:00","2026-06-07T13:36:42.375374+00:00"
"5d4698ef-663e-4da6-a80f-34f1f22923d6","L29","873","용산우체국","128.5211427","35.8588089","","UTIC","","","","2026-06-07T13:36:42.375374+00:00","2026-06-07T13:36:42.375374+00:00"
"e069371d-5e6f-481c-b98a-c3fc35453635","L29","874","성곡중학교","128.5223932","35.8622625","","UTIC","","","","2026-06-07T13:36:42.375374+00:00","2026-06-07T13:36:42.375374+00:00"
"fe293c68-e2dd-4764-b52e-cfa2bc22c200","L29","875","옷박골네거리","128.5306177","35.8587607","","UTIC","","","","2026-06-07T13:36:42.375374+00:00","2026-06-07T13:36:42.375374+00:00"
"caf5ac54-67e3-4fac-bea2-93019d255374","L29","876","동대구IC동편","128.6842755","35.8748442","","UTIC","","","","2026-06-07T13:36:42.375374+00:00","2026-06-07T13:36:42.375374+00:00"
"b913e3da-79a7-4ff3-a8fe-5620ac0c138b","L29","877","화성교네거리","128.4847143","35.8084932","","UTIC","","","","2026-06-07T13:36:42.375374+00:00","2026-06-07T13:36:42.375374+00:00"
"a3a613dc-7830-48fc-bf68-8b649aef5d48","L29","878","율하1-B","128.6932162","35.8678248","","UTIC","","","","2026-06-07T13:36:42.375374+00:00","2026-06-07T13:36:42.375374+00:00"
"d7b319a4-d019-442a-aea8-2c3ab60628c1","L29","879","농로네거리","128.5251662","35.8243968","","UTIC","","","","2026-06-07T13:36:42.375374+00:00","2026-06-07T13:36:42.375374+00:00"
"048b613a-e800-4dbe-af7e-aa4d1e99bc5c","L29","880","두류축구장입구","128.5653531","35.8490853","","UTIC","","","","2026-06-07T13:36:42.375374+00:00","2026-06-07T13:36:42.375374+00:00"
"116f9df0-66bd-4e09-bdea-36c6a18969f0","L29","881","코오롱아파트북편","128.5217332","35.8230886","","UTIC","","","","2026-06-07T13:36:42.375374+00:00","2026-06-07T13:36:42.375374+00:00"
"95962c9b-d575-4390-9146-2e5dc4b29832","L29","882","조암네거리","128.5182757","35.8216544","","UTIC","","","","2026-06-07T13:36:42.375374+00:00","2026-06-07T13:36:42.375374+00:00"
"10e6cf94-8ee9-4025-908a-88ede1cdbaf9","L29","883","월배대륜정비","128.5215628","35.819378","","UTIC","","","","2026-06-07T13:36:42.375374+00:00","2026-06-07T13:36:42.375374+00:00"
"1166ce7b-4285-46c9-b9d2-100305cba611","L29","884","월배차량기지창동편","128.5149365","35.8139196","","UTIC","","","","2026-06-07T13:36:42.375374+00:00","2026-06-07T13:36:42.375374+00:00"
"466ebd1d-1b68-4077-9725-3c47f5333394","L29","885","이곡시장","128.5127765","35.8589551","","UTIC","","","","2026-06-07T13:36:42.375374+00:00","2026-06-07T13:36:42.375374+00:00"
"10a65e36-7b9b-405e-b236-15c1dd7a1961","L29","886","용전초등","128.5306149","35.8603467","","UTIC","","","","2026-06-07T13:36:42.375374+00:00","2026-06-07T13:36:42.375374+00:00"
"4d6c0d65-1bf8-48b9-982f-f98c1316cbd9","L29","887","디보스입구삼거리","128.4920016","35.8471182","","UTIC","","","","2026-06-07T13:36:42.375374+00:00","2026-06-07T13:36:42.375374+00:00"
"22eacba5-64cd-46f6-b6b3-a262bd899179","L29","888","신당농협","128.4941269","35.8555974","","UTIC","","","","2026-06-07T13:36:42.375374+00:00","2026-06-07T13:36:42.375374+00:00"
"0075aa36-c27d-4371-848c-f5c1a4c22ea8","L29","889","와룡공원","128.4999608","35.8573721","","UTIC","","","","2026-06-07T13:36:42.375374+00:00","2026-06-07T13:36:42.375374+00:00"
"26a1507e-7390-4441-b971-25ea3f2a4d28","L29","890","한국형아파트정문","128.4780891","35.8509386","","UTIC","","","","2026-06-07T13:36:42.375374+00:00","2026-06-07T13:36:42.375374+00:00"
"6a6facd0-208b-445c-8c44-a0c2c748c381","L29","891","삼우농기계","128.4747588","35.8444461","","UTIC","","","","2026-06-07T13:36:42.375374+00:00","2026-06-07T13:36:42.375374+00:00"
"21619c45-2afe-4ddd-b7ed-2499dd24f613","L29","892","강창변전소","128.4725231","35.8444465","","UTIC","","","","2026-06-07T13:36:42.375374+00:00","2026-06-07T13:36:42.375374+00:00"
"2791fabc-f5ab-4d50-a35b-2278708f8241","L29","893","성서유니빅","128.4857701","35.8372453","","UTIC","","","","2026-06-07T13:36:42.375374+00:00","2026-06-07T13:36:42.375374+00:00"
"82a86923-1fdc-4689-9ccf-5604ab359fa1","L29","894","성서대광기계","128.4857703","35.8396334","","UTIC","","","","2026-06-07T13:36:42.375374+00:00","2026-06-07T13:36:42.375374+00:00"
"51efac18-2cb2-4c28-a70b-841c7c25aaad","L29","895","성서아주철강","128.485759","35.8419946","","UTIC","","","","2026-06-07T13:36:42.375374+00:00","2026-06-07T13:36:42.375374+00:00"
"b3f2b7c7-10f0-4c0a-abed-0af7236ceceb","L29","896","강창변전소동편","128.4780349","35.8444419","","UTIC","","","","2026-06-07T13:36:42.375374+00:00","2026-06-07T13:36:42.375374+00:00"
"8e9bad48-61ff-415f-9be5-459b290fc06f","L29","897","성서물류센타서편","128.481223","35.8444657","","UTIC","","","","2026-06-07T13:36:42.375374+00:00","2026-06-07T13:36:42.375374+00:00"
"9946d0da-a122-4e8e-8b08-26826f9bb0bc","L29","898","성서물류센타동편","128.4857714","35.8444366","","UTIC","","","","2026-06-07T13:36:42.375374+00:00","2026-06-07T13:36:42.375374+00:00"
"d79214f2-e2c9-4f24-b7c5-df5cd2cb14ec","L29","899","강창변전소남편","128.475676","35.8395866","","UTIC","","","","2026-06-07T13:36:42.375374+00:00","2026-06-07T13:36:42.375374+00:00"
"99db0845-3e55-4770-8507-fc150b4f34db","L29","900","성서동산프레스","128.4780114","35.841982","","UTIC","","","","2026-06-07T13:36:42.375374+00:00","2026-06-07T13:36:42.375374+00:00"
"71fa9d89-06d3-42a3-9b4c-1ec3857e99c3","L29","901","성서대광기계서편","128.4818197","35.8396551","","UTIC","","","","2026-06-07T13:36:42.375374+00:00","2026-06-07T13:36:42.375374+00:00"
"d0f64347-b643-4c1b-9c8d-b39e11f50fe4","L29","902","시설관리공단서편","128.4825831","35.8348876","","UTIC","","","","2026-06-07T13:36:42.375374+00:00","2026-06-07T13:36:42.375374+00:00"
"e4d0095d-e927-4119-b76c-164668908694","L29","903","시설관리공단삼거리","128.4857718","35.8349654","","UTIC","","","","2026-06-07T13:36:42.375374+00:00","2026-06-07T13:36:42.375374+00:00"