ID,Name,Lat,Lng,Seq,Police,Office,GroupID,FlashCfg,OpIntervention,ArrowConfigs,Controller,DiagramOrder,Weekly_plan
"krd-10","이촌역앞","37.523197120","126.971325400","1","용산","용산","231","0|||","0|","","","-1","1;1;1;1;1;2;3"
"krd-11","이촌역앞(연등)","37.523071840","126.972151200","1","용산","용산","231","0|||","0|","","","-1","1;1;1;1;1;2;3"
"krd-20","왕십리역앞","37.561264020","127.037823700","2","성동","성동","398","0|||","0|","","","-1","1;1;1;1;1;2;3"
"krd-30","하왕십리풍림아파트","37.557935480","127.024271600","3","중부","중부","267","0|||","0|","","","-1","1;1;1;1;1;2;3"
"krd-31","하왕십리풍림아파트(연등)","37.558886420","127.023735400","3","중부","중부","267","0|||","0|","","","-1","1;1;1;1;1;2;3"
"krd-40","월곡초교","37.610133930","127.047762500","4","종암","종암","1791","0|||","0|","","","-1","1;1;1;1;1;2;3"
"krd-50","석관중","37.607215960","127.066001300","5","종암","종암","320","0|||","0|","","","-1","1;1;1;1;1;2;3"
"krd-51","석관중(연등)","37.605895030","127.066614900","5","종암","종암","320","0|||","0|","","","-1","1;1;1;1;1;2;3"
"krd-60","석관펌프장","37.613602860","127.065871000","6","종암","종암","274","0|||","0|","","","-1","1;1;1;1;1;2;3"
"krd-61","석관펌프장(연등)","37.613774330","127.065225000","6","종암","종암","274","0|||","0|","","","-1","1;1;1;1;1;2;3"
"krd-70","국민은행석관","37.609058930","127.058871600","7","종암","종암","322","0|||","0|","","","-1","1;1;1;1;1;2;3"
"krd-71","국민은행석관(연등)","37.608279190","127.059685600","7","종암","종암","322","0|||","0|","","","-1","1;1;1;1;1;2;3"
"krd-80","사대부중","37.595779550","127.038371000","8","종암","종암","363","0|||","0|","","","-1","1;1;1;1;1;2;3"
"krd-550","e편한세상신촌401동","37.558934150","126.956502800","55","서대문","서대문","344","0|||","0|","","","-1","1;1;1;1;1;2;3"
"krd-551","e편한세상신촌401동(연등)1","37.559348230","126.956627500","55","서대문","서대문","344","0|||","0|","","","-1","1;1;1;1;1;2;3"
"krd-552","e편한세상신촌401동(연등)2","37.558540640","126.956447400","55","서대문","서대문","344","0|||","0|","","","-1","1;1;1;1;1;2;3"
"krd-553","e편한세상신촌401동(연등)3","37.557929800","126.956331300","55","서대문","서대문","344","0|||","0|","","","-1","1;1;1;1;1;2;3"
"krd-920","광장중학교","37.546804570","127.102205500","92","광진","광진","1651","0|||","0|","","","-1","1;1;1;1;1;2;3"
"krd-1060","전동중교앞","37.584903810","127.072000400","106","동대문","동대문","354","0|||","0|","","","-1","1;1;1;1;1;2;3"
"krd-1110","현대빌딩본관","37.577355410","126.987998600","111","종로","종로","530","0|||","0|","","","-1","1;1;1;1;1;2;3"
"krd-1130","마장진출램프","37.572199730","127.035020000","113","동대문","동대문","1877","0|||","0|","","","-1","1;1;1;1;1;2;3"
"krd-1200","답십리1동","37.566073460","127.055578100","120","동대문","동대문","1844","0|||","0|","","","-1","1;1;1;1;1;2;3"
"krd-1360","아리랑고개","37.600865050","127.014068100","136","성북","성북","633","0|||","0|","","","-1","1;1;1;1;1;2;3"
"krd-1361","아리랑고개(연등)","37.600613480","127.014931200","136","성북","성북","633","0|||","0|","","","-1","1;1;1;1;1;2;3"
"krd-1410","남정초교","37.536813170","126.964065400","141","용산","용산","314","0|||","0|","","","-1","1;1;1;1;1;2;3"
"krd-1470","창4동주민센터","37.652399000","127.051128300","147","도봉","도봉","1921","0|||","0|","","","-1","1;1;1;1;1;2;3"
"krd-1500","서울디자인지원센터","37.572836830","127.007642900","150","혜화","혜화","523","0|||","0|","","","-1","1;1;1;1;1;2;3"
"krd-1510","이화사거리","37.576192850","127.002212700","151","혜화","혜화","1386","0|||","0|","","","-1","1;1;1;1;1;2;3"
"krd-1520","한마루교회","37.601546240","127.076389500","152","중랑","중랑","325","0|||","0|","","","-1","1;1;1;1;1;2;3"
"krd-1530","돈암초교정문","37.593503840","127.011902900","153","성북","성북","1657","0|||","0|","","","-1","1;1;1;1;1;2;3"
"krd-1540","꿈의숲동문주차장입구","37.621189390","127.045657800","154","강북","강북","151","0|||","0|","1:-0.000017061708078358606:0.00013895646122819016:270;2:-0.000017061708078358606:-0.00013895646122819016:45;3:-0.00013895646122819016:-0.000017061708078358606:0;6:0.000017061708078358606:0.00013895646122819016:45;7:0.00013895646122819016:0.000017061708078358606:180;18:0:-0.00018000000000029104:0;102:-0.00008241345054926796:-0.00020398044800629123:0;107:0.00020398044800629123:0.00008241345055637339:0","","-1","1;1;1;1;1;2;3"
"krd-1550","송정동공영주차장","37.550184730","127.068515700","155","광진","광진","424","0|||","0|","","","-1","1;1;1;1;1;2;3"
"krd-1560","혜화동로터리","37.585593150","127.001240200","156","혜화","혜화","196","0|||","0|","","","-1","1;1;1;1;1;2;3"
"krd-1561","혜화동로터리(연등)","37.585875480","127.000929100","156","혜화","혜화","196","0|||","0|","","","-1","1;1;1;1;1;2;3"
"krd-1570","세운상가","37.570561310","126.995087900","157","혜화","혜화","521","0|||","0|","","","-1","1;1;1;1;1;2;3"
"krd-1580","청계6가","37.569955750","127.009679100","158","혜화","혜화","532","0|||","0|","","","-1","1;1;1;1;1;2;3"
"krd-1581","청계6가(연등)","37.569609820","127.009729300","158","혜화","혜화","532","0|||","0|","","","-1","1;1;1;1;1;2;3"
"krd-1620","중곡119안전센터","37.566965570","127.086384300","162","광진","광진","1771","0|||","0|","","","-1","1;1;1;1;1;2;3"
"krd-1660","농협태릉지점","37.618259990","127.077303800","166","노원","노원","1080","0|||","0|","","","-1","1;1;1;1;1;2;3"
"krd-1720","태릉입구역","37.617642300","127.075644100","172","노원","노원","1080","0|||","0|","","","-1","1;1;1;1;1;2;3"
"krd-1800","완성아파트","37.625363130","127.037107000","180","강북","강북","330","0|||","0|","4:0.00013895646122819016:-0.000017061708078358606:315;8:-0.00013895646122819016:0.000017061708078358606:45;18:0:-0.00018000000000029104:0","","-1","1;1;1;1;1;2;3"
"krd-1810","인수중","37.643315100","127.010938000","181","강북","강북","167","0|||","0|","","","-1","1;1;1;1;1;2;3"
"krd-1811","인수중(연등)1","37.642351200","127.010931000","181","강북","강북","167","0|||","0|","","","-1","1;1;1;1;1;2;3"
"krd-1812","인수중(연등)2","37.644466340","127.010800200","181","강북","강북","167","0|||","0|","","","-1","1;1;1;1;1;2;3"
"krd-1820","예찬교회","37.640789670","127.011132000","182","강북","강북","167","0|||","0|","","","-1","1;1;1;1;1;2;3"
"krd-1830","세윤하이츠","37.635376030","127.013176100","183","강북","강북","629","0|||","0|","","","-1","1;1;1;1;1;2;3"
"krd-1840","라이브파크정문","37.619445200","127.010389900","184","강북","강북","291","0|||","0|","","","-1","1;1;1;1;1;2;3"
"krd-1860","용두119안전센터앞","37.578135530","127.031799900","186","동대문","동대문","606","0|||","0|","","","-1","1;1;1;1;1;2;3"
"krd-2040","보문리슈빌204동","37.585756580","127.020625300","204","성북","성북","1393","0|||","0|","","","-1","1;1;1;1;1;2;3"
"krd-2080","마장진입램프","37.572528480","127.035936700","208","동대문","동대문","1877","0|||","0|","","","-1","1;1;1;1;1;2;3"
"krd-2090","수색교","37.587031210","126.887228500","209","서부","서부","62","0|||","0|","","","-1","1;1;1;1;1;2;3"
"krd-2100","수색서광빌딩","37.584025230","126.891672800","210","서부","서부","62","0|||","0|","","","-1","1;1;1;1;1;2;3"
"krd-2110","수색동주민센터","37.583157080","126.893713200","211","서부","서부","62","0|||","0|","","","-1","1;1;1;1;1;2;3"
"krd-2120","수색역","37.582162590","126.895402200","212","서부","서부","62","0|||","0|","","","-1","1;1;1;1;1;2;3"
"krd-2130","수색디지털프라자","37.580726230","126.897800400","213","서부","서부","62","0|||","0|","","","-1","1;1;1;1;1;2;3"
"krd-2140","이마트수색점","37.579498560","126.899911000","214","서부","서부","62","0|||","0|","","","-1","1;1;1;1;1;2;3"
"krd-2150","디지털미디어시티역","37.578170370","126.901703400","215","서부","서부","62","0|||","0|","","","-1","1;1;1;1;1;2;3"
"krd-2190","노원문화원","37.628700750","127.070326300","219","노원","노원","1620","0|||","0|","","","-1","1;1;1;1;1;2;3"
"krd-2200","월계사슴2단지","37.632295310","127.060301100","220","노원","노원","211","0|||","0|","","","-1","1;1;1;1;1;2;3"
"krd-2201","월계사슴2단지(연등)","37.633046110","127.059511800","220","노원","노원","211","0|||","0|","","","-1","1;1;1;1;1;2;3"
"krd-2210","청구종합상가","37.650709920","127.074616100","221","노원","노원","583","0|||","0|","","","-1","1;1;1;1;1;2;3"
"krd-2211","청구종합상가(연등)","37.650681770","127.075448900","221","노원","노원","583","0|||","0|","","","-1","1;1;1;1;1;2;3"
"krd-2220","KT노원지사","37.654870030","127.063157600","222","노원","노원","1667","0|||","0|","","","-1","1;1;1;1;1;2;3"
"krd-2230","금호119안전센터","37.554070030","127.024613800","223","성동","성동","267","0|||","0|","","","-1","1;1;1;1;1;2;3"
"krd-2240","청계초교","37.644253400","127.067159700","224","노원","노원","285","0|||","0|","","","-1","1;1;1;1;1;2;3"
"krd-2241","청계초교(연등)","37.645338680","127.066701700","224","노원","노원","285","0|||","0|","","","-1","1;1;1;1;1;2;3"
"krd-2250","용동초교","37.641798570","127.068282900","225","노원","노원","309","0|||","0|","","","-1","1;1;1;1;1;2;3"
"krd-2251","용동초교(연등)","37.640571280","127.068828000","225","노원","노원","309","0|||","0|","","","-1","1;1;1;1;1;2;3"
"krd-2260","을지병원","37.637200830","127.070342300","226","노원","노원","319","0|||","0|","","","-1","1;1;1;1;1;2;3"
"krd-2270","연촌초교","37.634342020","127.071885700","227","노원","노원","288","0|||","0|","","","-1","1;1;1;1;1;2;3"
"krd-2280","위례정보산업고","37.631058530","127.073598100","228","노원","노원","288","0|||","0|","","","-1","1;1;1;1;1;2;3"
"krd-2281","위례정보산업고(연등)","37.631283470","127.073201900","228","노원","노원","288","0|||","0|","","","-1","1;1;1;1;1;2;3"
"krd-2290","상계5동주민센터","37.662650410","127.069300200","229","노원","노원","1677","0|||","0|","","","-1","1;1;1;1;1;2;3"
"krd-2300","창일초교","37.647253820","127.048344800","230","도봉","도봉","509","0|||","0|","","","-1","1;1;1;1;1;2;3"
"krd-2310","당고개역","37.670472550","127.079530200","231","노원","노원","1678","0|||","0|","","","-1","1;1;1;1;1;2;3"
"krd-2320","삼양동자치회관","37.620118490","127.012052700","232","강북","강북","291","0|||","0|","","","-1","1;1;1;1;1;2;3"
"krd-2330","중화지구대","37.598141250","127.071986300","233","중랑","중랑","1671","0|||","0|","","","-1","1;1;1;1;1;2;3"
"krd-2360","중화초교","37.603972360","127.095594200","236","중랑","중랑","692","0|||","0|","","","-1","1;1;1;1;1;2;3"
"krd-2370","동서학원","37.601813510","127.087338200","237","중랑","중랑","318","0|||","0|","","","-1","1;1;1;1;1;2;3"
"krd-2371","동서학원(연등)","37.600395690","127.087544400","237","중랑","중랑","318","0|||","0|","","","-1","1;1;1;1;1;2;3"
"krd-2380","면목2공영주차장입구","37.587107400","127.081928300","238","중랑","중랑","121","0|||","0|","","","-1","1;1;1;1;1;2;3"
"krd-2390","노원롯데백화점","37.654305360","127.060599800","239","노원","노원","298","0|||","0|","","","-1","1;1;1;1;1;2;3"
"krd-2391","노원롯데백화점(연등)","37.654602720","127.061912000","239","노원","노원","298","0|||","0|","","","-1","1;1;1;1;1;2;3"
"krd-2400","사가정역","37.580727060","127.088454500","240","중랑","중랑","661","0|||","0|","","","-1","1;1;1;1;1;2;3"
"krd-2420","도봉경찰서","37.652924520","127.053339600","242","도봉","도봉","1921","0|||","0|","","","-1","1;1;1;1;1;2;3"
"krd-2430","성수대교북단","37.543996000","127.036214100","243","성동","성동","545","0|||","0|","","","-1","1;1;1;1;1;2;3"
"krd-2431","성수대교북단램프(연등)","37.539730080","127.035197200","243","성동","성동","545","0|||","0|","","","-1","1;1;1;1;1;2;3"
"krd-2470","성동종합행정마을","37.563765680","127.036206200","247","성동","성동","1926","0|||","0|","","","-1","1;1;1;1;1;2;3"
"krd-2480","도선사거리","37.566064000","127.036492800","248","성동","성동","1926","0|||","0|","","","-1","1;1;1;1;1;2;3"
"krd-2490","국민은행마장","37.570104550","127.037627100","249","성동","성동","67","0|||","0|","","","-1","1;1;1;1;1;2;3"
"krd-2500","서울시설공단북단","37.572735560","127.037992500","250","동대문","동대문","67","0|||","0|","","","-1","1;1;1;1;1;2;3"
"krd-2530","코오롱연립","37.636437690","127.072152900","253","노원","노원","288","0|||","0|","","","-1","1;1;1;1;1;2;3"
"krd-2531","코오롱연립(연등)","37.636953760","127.072321300","253","노원","노원","288","0|||","0|","","","-1","1;1;1;1;1;2;3"
"krd-2540","서진아파트","37.622988210","127.072250600","254","노원","노원","280","0|||","0|","","","-1","1;1;1;1;1;2;3"
"krd-2550","동천학교","37.644113040","127.074096400","255","노원","노원","1714","0|||","0|","","","-1","1;1;1;1;1;2;3"
"krd-2560","상원중","37.671047100","127.058238200","256","노원","노원","1631","0|||","0|","","","-1","1;1;1;1;1;2;3"
"krd-2561","상원중(연등)1","37.670997670","127.057645900","256","노원","노원","1631","0|||","0|","","","-1","1;1;1;1;1;2;3"
"krd-2562","상원중(연등)2","37.670930220","127.058516900","256","노원","노원","1631","0|||","0|","","","-1","1;1;1;1;1;2;3"
"krd-2590","한남대교램프","37.525006620","127.014548400","259","용산","용산","1417","0|||","0|","","","-1","1;1;1;1;1;2;3"
"krd-2600","꿈의숲효성해링턴","37.616547100","127.034054700","260","강북","강북","350","0|||","0|","2:-0.000017061708078358606:-0.00013895646122819016:45;5:0.000017061708078358606:-0.00013895646122819016:90;6:0.000017061708078358606:0.00013895646122819016:45;7:0.00013895646122819016:0.000017061708078358606:180;18:0:-0.00018000000000029104:0;102:-0.00008241345054926796:-0.00020398044800629123:0;107:0.00020398044800629123:0.00008241345055637339:0","","-1","1;1;1;1;1;2;3"
"krd-2620","용원초교","37.628854100","127.068478500","262","노원","노원","1691","0|||","0|","","","-1","1;1;1;1;1;2;3"
"krd-2630","한남대교북단","37.528858080","127.010981000","263","용산","용산","1774","0|||","0|","","","-1","1;1;1;1;1;2;3"
"krd-2640","7단지영업소","37.659971270","127.063869500","264","노원","노원","1109","0|||","0|","","","-1","1;1;1;1;1;2;3"
"krd-2650","동대문차량보관소","37.588609800","127.068556400","265","동대문","동대문","134","0|||","0|","","","-1","1;1;1;1;1;2;3"
"krd-2660","종암경찰서","37.601916050","127.032918000","266","종암","종암","558","0|||","0|","","","-1","1;1;1;1;1;2;3"
"krd-2670","방학중학교","37.666505930","127.032202300","267","도봉","도봉","209","0|||","0|","","","-1","1;1;1;1;1;2;3"
"krd-2680","방학2동주민센터","37.668092000","127.034489200","268","도봉","도봉","209","0|||","0|","","","-1","1;1;1;1;1;2;3"
"krd-2760","돈암시장","37.591248100","127.016791500","276","성북","성북","362","0|||","0|","","","-1","1;1;1;1;1;2;3"
"krd-2770","백운시장","37.655829390","127.015745600","277","도봉","도봉","559","0|||","0|","","","-1","1;1;1;1;1;2;3"
"krd-2771","백운시장(연등)","37.656715630","127.015488800","277","도봉","도봉","559","0|||","0|","","","-1","1;1;1;1;1;2;3"
"krd-2800","임오빌딩","37.558574600","126.917853300","280","마포","마포","63","0|||","0|","","","-1","1;1;1;1;1;2;3"
"krd-2820","은평뉴타운129동","37.633398990","126.919377900","282","은평","은평","680","0|||","0|","","","-1","1;1;1;1;1;2;3"
"krd-2830","중국영사관","37.556480090","126.984939400","283","남대문","남대문","1446","0|||","0|","","","-1","1;1;1;1;1;2;3"
"krd-2840","신석어린이집","37.542385840","126.937032000","284","마포","마포","677","0|||","0|","","","-1","1;1;1;1;1;2;3"
"krd-2841","신석어린이집(연등)","37.542249170","126.936450900","284","마포","마포","677","0|||","0|","","","-1","1;1;1;1;1;2;3"
"krd-2880","농협신당동지점","37.564135340","127.015992200","288","중부","중부","1747","0|||","0|","","","-1","1;1;1;1;1;2;3"
"krd-2890","DMC쌍용아파트","37.575716300","126.918876700","289","서대문","서대문","693","0|||","0|","","","-1","1;1;1;1;1;2;3"
"krd-2910","지봉로8길입구","37.575516270","127.015678500","291","혜화","혜화","516","0|||","0|","","","-1","1;1;1;1;1;2;3"
"krd-2911","지봉로8길입구(연등)1","37.574647510","127.015694800","291","혜화","혜화","516","0|||","0|","","","-1","1;1;1;1;1;2;3"
"krd-2912","지봉로8길입구(연등)2","37.574277230","127.015687900","291","혜화","혜화","516","0|||","0|","","","-1","1;1;1;1;1;2;3"
"krd-3110","피자헛삼거리","37.621915500","127.051851400","311","종암","종암","1781","0|||","0|","","","-1","1;1;1;1;1;2;3"
"krd-3260","천마빌딩","37.582062500","127.052458300","326","동대문","동대문","1758","0|||","0|","","","-1","1;1;1;1;1;2;3"
"krd-3270","장안현대아파트","37.580899170","127.068365100","327","동대문","동대문","266","0|||","0|","","","-1","1;1;1;1;1;2;3"
"krd-3280","녹주아파트","37.620718380","127.073017000","328","노원","노원","280","0|||","0|","","","-1","1;1;1;1;1;2;3"
"krd-3360","북아현119안전센터","37.560762920","126.955989000","336","서대문","서대문","713","0|||","0|","","","-1","1;1;1;1;1;2;3"
"krd-3370","우림빌딩","37.641721100","127.022428200","337","강북","강북","1815","0|||","0|","","","-1","1;1;1;1;1;2;3"
"krd-3380","백련산해모로아파트","37.595776260","126.921161200","338","서부","서부","1795","0|||","0|","","","-1","1;1;1;1;1;2;3"
"krd-3381","백련산해모로아파트(연등)","37.596079680","126.920105300","338","서부","서부","1795","0|||","0|","","","-1","1;1;1;1;1;2;3"
"krd-3390","녹번역e편한세상캐슬정문","37.600256710","126.931551600","339","서부","서부","1796","0|||","0|","","","-1","1;1;1;1;1;2;3"
"krd-3410","수도약국","37.544928100","127.088450400","341","광진","광진","253","0|||","0|","","","-1","1;1;1;1;1;2;3"
"krd-3450","월계중정문","37.631388930","127.052804100","345","노원","노원","211","0|||","0|","","","-1","1;1;1;1;1;2;3"
"krd-3460","한영프라자","37.654926190","127.040720500","346","도봉","도봉","1681","0|||","0|","","","-1","1;1;1;1;1;2;3"
"krd-3461","한영프라자(연등)","37.655451730","127.040586200","346","도봉","도봉","1681","0|||","0|","","","-1","1;1;1;1;1;2;3"
"krd-3520","삼청파출소","37.581564750","126.981139100","352","종로","종로","46","0|||","0|","","","-1","1;1;1;1;1;2;3"
"krd-3560","공성아파트정문","37.581143370","127.035504100","356","동대문","동대문","1808","0|||","0|","","","-1","1;1;1;1;1;2;3"
"krd-3570","중랑구청입구","37.606381810","127.093675600","357","중랑","중랑","341","0|||","0|","","","-1","1;1;1;1;1;2;3"
"krd-3571","중랑구청입구(연등)","37.606625170","127.094422500","357","중랑","중랑","341","0|||","0|","","","-1","1;1;1;1;1;2;3"
"krd-3580","마젤란아파트","37.586118890","127.083635200","358","중랑","중랑","39","0|||","0|","","","-1","1;1;1;1;1;2;3"
"krd-3590","망우택시미터","37.589091540","127.093862400","359","중랑","중랑","1750","0|||","0|","","","-1","1;1;1;1;1;2;3"
"krd-3600","면목삼팔파출소","37.583180590","127.083908500","360","중랑","중랑","39","0|||","0|","","","-1","1;1;1;1;1;2;3"
"krd-3610","면목아이파크108동","37.583388340","127.081261100","361","중랑","중랑","1801","0|||","0|","","","-1","1;1;1;1;1;2;3"
"krd-3620","면목아이파크110동","37.583348400","127.082589500","362","중랑","중랑","1801","0|||","0|","","","-1","1;1;1;1;1;2;3"
"krd-3630","신내SKV1센터","37.613814420","127.113354300","363","중랑","중랑","158","0|||","0|","","","-1","1;1;1;1;1;2;3"
"krd-3660","당고개주유소","37.668997840","127.080100300","366","노원","노원","1994","0|||","0|","","","-1","1;1;1;1;1;2;3"
"krd-3661","당고개주유소(연등)","37.669407420","127.080423100","366","노원","노원","1994","0|||","0|","","","-1","1;1;1;1;1;2;3"
"krd-3730","중평중학교","37.637563120","127.062871900","373","노원","노원","1692","0|||","0|","","","-1","1;1;1;1;1;2;3"
"krd-3740","철도병원입구","37.525561550","126.966465600","374","용산","용산","231","0|||","0|","","","-1","1;1;1;1;1;2;3"
"krd-3750","길빛도서관","37.610295640","127.026470300","375","종암","종암","1811","0|||","0|","","","-1","1;1;1;1;1;2;3"
"krd-3760","시티파크103동","37.525827260","126.968994000","376","용산","용산","231","0|||","0|","","","-1","1;1;1;1;1;2;3"
"krd-3800","LG베스트샵군자","37.556394540","127.079054100","380","광진","광진","544","0|||","0|","","","-1","1;1;1;1;1;2;3"
"krd-3810","명지전문대","37.584139640","126.924349900","381","서대문","서대문","1957","0|||","0|","","","-1","1;1;1;1;1;2;3"
"krd-3850","도봉성우아파트","37.675593790","127.047797800","385","도봉","도봉","628","0|||","0|","","","-1","1;1;1;1;1;2;3"
"krd-3860","망원역","37.555958570","126.910212500","386","마포","마포","47","0|||","0|","","","-1","1;1;1;1;1;2;3"
"krd-3861","망원역(연등)","37.556731360","126.909494500","386","마포","마포","47","0|||","0|","","","-1","1;1;1;1;1;2;3"
"krd-3870","이에스에이리버하우스","37.551252900","127.050314000","387","성동","성동","223","0|||","0|","","","-1","1;1;1;1;1;2;3"
"krd-3880","고려대역","37.591161100","127.036389000","388","성북","성북","558","0|||","0|","","","-1","1;1;1;1;1;2;3"
"krd-3881","고려대역(연등)","37.589692290","127.036453300","388","성북","성북","558","0|||","0|","","","-1","1;1;1;1;1;2;3"
"krd-3890","사대부고앞","37.593072540","127.036302300","389","종암","종암","558","0|||","0|","","","-1","1;1;1;1;1;2;3"
"krd-3900","숭례초교","37.594641750","127.035894700","390","종암","종암","558","0|||","0|","","","-1","1;1;1;1;1;2;3"
"krd-3910","성북중앙병원","37.596629970","127.035392200","391","종암","종암","558","0|||","0|","","","-1","1;1;1;1;1;2;3"
"krd-3920","종암2치안센터","37.600774590","127.033701500","392","종암","종암","558","0|||","0|","","","-1","1;1;1;1;1;2;3"
"krd-3921","종암2치안센터(연등)","37.599049430","127.034424700","392","종암","종암","558","0|||","0|","","","-1","1;1;1;1;1;2;3"
"krd-3940","KT월곡","37.602798610","127.035686100","394","종암","종암","558","0|||","0|","","","-1","1;1;1;1;1;2;3"
"krd-3941","KT월곡(연등)1","37.601984990","127.037893800","394","종암","종암","558","0|||","0|","","","-1","1;1;1;1;1;2;3"
"krd-3942","KT월곡(연등)2","37.602155090","127.036673800","394","종암","종암","558","0|||","0|","","","-1","1;1;1;1;1;2;3"
"krd-3950","성북트리즘빌딩","37.602608150","127.038195500","395","종암","종암","558","0|||","0|","","","-1","1;1;1;1;1;2;3"
"krd-3951","성북트리즘빌딩(연등)","37.602463860","127.039070300","395","종암","종암","558","0|||","0|","","","-1","1;1;1;1;1;2;3"
"krd-3970","월곡역","37.602237760","127.041650600","397","종암","종암","635","0|||","0|","","","-1","1;1;1;1;1;2;3"
"krd-3980","동덕여대","37.603403200","127.042966800","398","종암","종암","57","0|||","0|","","","-1","1;1;1;1;1;2;3"
"krd-3990","과기원후문","37.604749330","127.045266600","399","종암","종암","57","0|||","0|","","","-1","1;1;1;1;1;2;3"
"krd-4000","동일하이빌","37.604976340","127.031672000","400","종암","종암","558","0|||","0|","","","-1","1;1;1;1;1;2;3"
"krd-4010","월곡뉴타운정류장","37.606289330","127.027583300","401","종암","종암","61","0|||","0|","","","-1","1;1;1;1;1;2;3"
"krd-4020","미아사거리","37.609077010","127.030407700","402","강북","강북","61","0|||","0|","1:-0.000017061708078358606:0.00013895646122819016:270;2:-0.000017061708078358606:-0.00013895646122819016:45;3:-0.00013895646122819016:-0.000017061708078358606:0;4:0.00013895646122819016:-0.000017061708078358606:315;5:0.000017061708078358606:-0.00013895646122819016:90;6:0.000017061708078358606:0.00013895646122819016:45;8:-0.00013895646122819016:0.000017061708078358606:45","","-1","1;1;1;1;1;2;3"
"krd-4030","동성공업사","37.610711640","127.033482100","403","강북","강북","61","0|||","0|","2:-0.000017061708078358606:-0.00013895646122819016:45;6:0.000017061708078358606:0.00013895646122819016:45;7:0.00013895646122819016:0.000017061708078358606:180;18:0:-0.00018000000000029104:0","","-1","1;1;1;1;1;2;3"
"krd-4031","동성공업사(연등)","37.610135410","127.032398400","403","강북","강북","61","0|||","0|","","","-1","1;1;1;1;1;2;3"
"krd-4040","방천시장입구","37.611518680","127.035128500","404","강북","강북","61","0|||","0|","1:-0.000017061708078358606:0.00013895646122819016:270;2:-0.000017061708078358606:-0.00013895646122819016:45;3:-0.00013895646122819016:-0.000017061708078358606:0;4:0.00013895646122819016:-0.000017061708078358606:315;5:0.000017061708078358606:-0.00013895646122819016:90;6:0.000017061708078358606:0.00013895646122819016:45;7:0.00013895646122819016:0.000017061708078358606:180;8:-0.00013895646122819016:0.000017061708078358606:45","","-1","1;1;1;1;1;2;3"
"krd-4050","솔샘빌딩","37.617217370","127.027406700","405","강북","강북","58","0|||","0|","1:-0.000017061708078358606:0.00013895646122819016:270;2:-0.000017061708078358606:-0.00013895646122819016:45;3:-0.00013895646122819016:-0.000017061708078358606:0;4:0.00013895646122819016:-0.000017061708078358606:315;6:0.000017061708078358606:0.00013895646122819016:45;18:0:-0.00018000000000029104:0","","-1","1;1;1;1;1;2;3"
"krd-4060","삼양입구사거리","37.617145040","127.029814700","406","강북","강북","58","0|||","0|","1:-0.000017061708078358606:0.00013895646122819016:270;2:-0.000017061708078358606:-0.00013895646122819016:45;3:-0.00013895646122819016:-0.000017061708078358606:0;4:0.00013895646122819016:-0.000017061708078358606:315;6:0.000017061708078358606:0.00013895646122819016:45;7:0.00013895646122819016:0.000017061708078358606:180;8:-0.00013895646122819016:0.000017061708078358606:45;101:-0.00008241345054926796:0.00020398044800629123:0;106:0.00008241345054926796:0.00020398044800629123:0","","-1","1;1;1;1;1;2;3"
"krd-4061","삼양입구사거리(연등)1","37.617182960","127.028727900","406","강북","강북","58","0|||","0|","","","-1","1;1;1;1;1;2;3"
"krd-4062","삼양입구사거리(연등)2","37.616896500","127.030227800","406","강북","강북","58","0|||","0|","","","-1","1;1;1;1;1;2;3"
"krd-4063","삼양입구사거리(연등)3","37.616651700","127.029855400","406","강북","강북","58","0|||","0|","","","-1","1;1;1;1;1;2;3"
"krd-4070","송중초교","37.616455910","127.030624500","407","강북","강북","58","0|||","0|","1:-0.000017061708078358606:0.00013895646122819016:270;2:-0.000017061708078358606:-0.00013895646122819016:45;4:0.00013895646122819016:-0.000017061708078358606:315;7:0.00013895646122819016:0.000017061708078358606:180;8:-0.00013895646122819016:0.000017061708078358606:45","","-1","1;1;1;1;1;2;3"
"krd-4071","송중초교(연등)","37.616499080","127.031541400","407","강북","강북","58","0|||","0|","","","-1","1;1;1;1;1;2;3"
"krd-4080","도봉세무서","37.619420610","127.028950000","408","강북","강북","58","0|||","0|","4:0.00013895646122819016:-0.000017061708078358606:315;8:-0.00013895646122819016:0.000017061708078358606:45;18:0:-0.00018000000000029104:0","","-1","1;1;1;1;1;2;3"
"krd-4081","도봉세무서(연등)","37.618990890","127.029068800","408","강북","강북","58","0|||","0|","","","-1","1;1;1;1;1;2;3"
"krd-4090","방송대북부별관","37.621739760","127.028023200","409","강북","강북","58","0|||","0|","2:-0.000017061708078358606:-0.00013895646122819016:45;4:0.00013895646122819016:-0.000017061708078358606:315;6:0.000017061708078358606:0.00013895646122819016:45;8:-0.00013895646122819016:0.000017061708078358606:45","","-1","1;1;1;1;1;2;3"
"krd-4091","방송대북부별관(연등)","37.620782550","127.028347300","409","강북","강북","58","0|||","0|","","","-1","1;1;1;1;1;2;3"
"krd-4100","미아역","37.626245170","127.026191900","410","강북","강북","58","0|||","0|","1:-0.000017061708078358606:0.00013895646122819016:270;2:-0.000017061708078358606:-0.00013895646122819016:45;4:0.00013895646122819016:-0.000017061708078358606:315;5:0.000017061708078358606:-0.00013895646122819016:90;6:0.000017061708078358606:0.00013895646122819016:45;8:-0.00013895646122819016:0.000017061708078358606:45","","-1","1;1;1;1;1;2;3"
"krd-4101","미아역(연등)","37.627139250","127.025881400","410","강북","강북","58","0|||","0|","","","-1","1;1;1;1;1;2;3"
"krd-4110","궁전회관","37.628954090","127.025131700","411","강북","강북","58","0|||","0|","","","-1","1;1;1;1;1;2;3"
"krd-4120","외환은행수유","37.631736680","127.024034400","412","강북","강북","58","0|||","0|","","","-1","1;1;1;1;1;2;3"
"krd-4130","화계유치원","37.634404650","127.019411100","413","강북","강북","1865","0|||","0|","","","-1","1;1;1;1;1;2;3"
"krd-4131","화계유치원(연등)","37.634500390","127.020659200","413","강북","강북","1865","0|||","0|","","","-1","1;1;1;1;1;2;3"
"krd-4140","수유사거리","37.634681130","127.023269100","414","강북","강북","58","0|||","0|","","","-1","1;1;1;1;1;2;3"
"krd-4150","두산약국삼거리","37.634828470","127.025512900","415","강북","강북","58","0|||","0|","","","-1","1;1;1;1;1;2;3"
"krd-4160","대한병원","37.636168660","127.023686800","416","강북","강북","58","0|||","0|","","","-1","1;1;1;1;1;2;3"
"krd-4161","대한병원(연등)1","37.636247750","127.023053500","416","강북","강북","58","0|||","0|","","","-1","1;1;1;1;1;2;3"
"krd-4162","대한병원(연등)2","37.635545090","127.023157200","416","강북","강북","58","0|||","0|","","","-1","1;1;1;1;1;2;3"
"krd-4170","수유역","37.637987270","127.025605700","417","강북","강북","58","0|||","0|","","","-1","1;1;1;1;1;2;3"
"krd-4180","성우하이츠빌앞","37.626030790","127.029475700","418","강북","강북","263","0|||","0|","4:0.00013895646122819016:-0.000017061708078358606:315;5:0.000017061708078358606:-0.00013895646122819016:90;8:-0.00013895646122819016:0.000017061708078358606:45;18:0:-0.00018000000000029104:0;118:0:0.00021999999999877673:0","","-1","1;1;1;1;1;2;3"
"krd-4181","성우하이츠빌앞(연등)","37.625453020","127.029880500","418","강북","강북","263","0|||","0|","","","-1","1;1;1;1;1;2;3"
"krd-4190","강북종합시장","37.641155950","127.025210400","419","강북","강북","58","0|||","0|","","","-1","1;1;1;1;1;2;3"
"krd-4200","강북구청","37.639611480","127.027354600","420","강북","강북","58","0|||","0|","","","-1","1;1;1;1;1;2;3"
"krd-4210","새마을금고번1동","37.637858930","127.030080300","421","강북","강북","324","0|||","0|","","","-1","1;1;1;1;1;2;3"
"krd-4220","수송초교","37.636661920","127.031916500","422","강북","강북","324","0|||","0|","","","-1","1;1;1;1;1;2;3"
"krd-4230","수유3동우체국","37.640985820","127.028840600","423","강북","강북","58","0|||","0|","","","-1","1;1;1;1;1;2;3"
"krd-4231","수유3동우체국(연등)","37.642219120","127.030177100","423","강북","강북","58","0|||","0|","","","-1","1;1;1;1;1;2;3"
"krd-4240","우이교","37.643163570","127.031138400","424","도봉","도봉","59","0|||","0|","","","-1","1;1;1;1;1;2;3"
"krd-4241","우이교(연등)","37.642609010","127.031952300","424","도봉","도봉","59","0|||","0|","","","-1","1;1;1;1;1;2;3"
"krd-4250","삼미북부주유소","37.644924770","127.032489400","425","도봉","도봉","59","0|||","0|","","","-1","1;1;1;1;1;2;3"
"krd-4260","창동시장입구","37.646512660","127.033457300","426","도봉","도봉","59","0|||","0|","","","-1","1;1;1;1;1;2;3"
"krd-4270","쌍문역","37.648481260","127.034599400","427","도봉","도봉","59","0|||","0|","","","-1","1;1;1;1;1;2;3"
"krd-4280","반석교회","37.651261640","127.034831400","428","도봉","도봉","59","0|||","0|","","","-1","1;1;1;1;1;2;3"
"krd-4290","정의여중입구","37.651345270","127.036284100","429","도봉","도봉","59","0|||","0|","","","-1","1;1;1;1;1;2;3"
"krd-4291","정의여중입구(연등)","37.651420630","127.037664300","429","도봉","도봉","59","0|||","0|","","","-1","1;1;1;1;1;2;3"
"krd-4300","도봉구민회관","37.654295740","127.038080100","430","도봉","도봉","59","0|||","0|","","","-1","1;1;1;1;1;2;3"
"krd-4310","쌍문지구대","37.657207120","127.038053400","431","도봉","도봉","1868","0|||","0|","","","-1","1;1;1;1;1;2;3"
"krd-4320","도봉보건소","37.656723400","127.039474400","432","도봉","도봉","59","0|||","0|","","","-1","1;1;1;1;1;2;3"
"krd-4321","도봉보건소(연등)","37.656371230","127.040364400","432","도봉","도봉","59","0|||","0|","","","-1","1;1;1;1;1;2;3"
"krd-4330","창동변전소","37.659438470","127.041116400","433","도봉","도봉","59","0|||","0|","","","-1","1;1;1;1;1;2;3"
"krd-4331","창동변전소(연등)","37.658461990","127.040542800","433","도봉","도봉","59","0|||","0|","","","-1","1;1;1;1;1;2;3"
"krd-4340","동부센트레빌아파트앞","37.662823480","127.040889100","434","도봉","도봉","1687","0|||","0|","","","-1","1;1;1;1;1;2;3"
"krd-4341","동부센트레빌아파트앞(연등)","37.662844040","127.039214100","434","도봉","도봉","1687","0|||","0|","","","-1","1;1;1;1;1;2;3"
"krd-4350","성수대우아파트","37.547735630","127.050932200","435","성동","성동","197","0|||","0|","","","-1","1;1;1;1;1;2;3"
"krd-4360","삼양로9길입구","37.608157100","127.021009500","436","성북","성북","653","0|||","0|","","","-1","1;1;1;1;1;2;3"
"krd-4370","창동중","37.662346940","127.048594900","437","도봉","도봉","617","0|||","0|","","","-1","1;1;1;1;1;2;3"
"krd-4380","방학홈플러스","37.664596920","127.042752000","438","도봉","도봉","617","0|||","0|","","","-1","1;1;1;1;1;2;3"
"krd-4381","방학홈플러스(연등)","37.665931230","127.042979100","438","도봉","도봉","617","0|||","0|","","","-1","1;1;1;1;1;2;3"
"krd-4390","방학역","37.667133900","127.043135900","439","도봉","도봉","617","0|||","0|","","","-1","1;1;1;1;1;2;3"
"krd-4400","신도봉사거리","37.671268120","127.043892000","440","도봉","도봉","625","0|||","0|","","","-1","1;1;1;1;1;2;3"
"krd-4410","도봉현대주유소","37.674541120","127.044480400","441","도봉","도봉","625","0|||","0|","","","-1","1;1;1;1;1;2;3"
"krd-4420","럭키아파트","37.677450990","127.044970700","442","도봉","도봉","625","0|||","0|","","","-1","1;1;1;1;1;2;3"
"krd-4430","도봉역","37.680606940","127.045480000","443","도봉","도봉","625","0|||","0|","","","-1","1;1;1;1;1;2;3"
"krd-4440","도봉삼환아파트","37.680159000","127.047474100","444","도봉","도봉","625","0|||","0|","","","-1","1;1;1;1;1;2;3"
"krd-4450","도봉한신아파트","37.683529470","127.045939300","445","도봉","도봉","625","0|||","0|","","","-1","1;1;1;1;1;2;3"
"krd-4451","도봉한신아파트(연등)","37.682781470","127.045853800","445","도봉","도봉","625","0|||","0|","","","-1","1;1;1;1;1;2;3"
"krd-4470","도봉검문소","37.690485080","127.045356900","447","도봉","도봉","625","0|||","0|","","","-1","1;1;1;1;1;2;3"
"krd-4480","국민은행도봉","37.672980290","127.044195600","448","도봉","도봉","625","0|||","0|","","","-1","1;1;1;1;1;2;3"
"krd-4510","상월곡역","37.606742000","127.049162200","451","종암","종암","57","0|||","0|","","","-1","1;1;1;1;1;2;3"
"krd-4511","상월곡역(연등)1","37.607499340","127.050562700","451","종암","종암","57","0|||","0|","","","-1","1;1;1;1;1;2;3"
"krd-4512","상월곡역(연등)2","37.606045030","127.047818000","451","종암","종암","57","0|||","0|","","","-1","1;1;1;1;1;2;3"
"krd-4520","석관2동삼성래미안","37.609312180","127.054044900","452","종암","종암","57","0|||","0|","","","-1","1;1;1;1;1;2;3"
"krd-4521","석관2동삼성래미안(연등)","37.608544640","127.052606900","452","종암","종암","57","0|||","0|","","","-1","1;1;1;1;1;2;3"
"krd-4530","돌곶이역","37.610850050","127.057016500","453","종암","종암","565","0|||","0|","","","-1","1;1;1;1;1;2;3"
"krd-4531","돌곶이역(연등)","37.611698130","127.058593100","453","종암","종암","565","0|||","0|","","","-1","1;1;1;1;1;2;3"
"krd-4540","장위사거리","37.612846760","127.060710900","454","종암","종암","565","0|||","0|","","","-1","1;1;1;1;1;2;3"
"krd-4541","장위사거리(연등)","37.613792500","127.062306800","454","종암","종암","565","0|||","0|","","","-1","1;1;1;1;1;2;3"
"krd-4550","동대문세무서","37.581025830","127.021703000","455","성북","성북","213","0|||","0|","","","-1","1;1;1;1;1;2;3"
"krd-4551","동대문세무서(연등)1","37.581869630","127.021278700","455","성북","성북","213","0|||","0|","","","-1","1;1;1;1;1;2;3"
"krd-4552","동대문세무서(연등)2","37.580310170","127.022101100","455","성북","성북","213","0|||","0|","","","-1","1;1;1;1;1;2;3"
"krd-4560","월릉교","37.615856350","127.070083200","456","노원","노원","1080","0|||","0|","","","-1","1;1;1;1;1;2;3"
"krd-4561","월릉교(연등)","37.615684500","127.068953500","456","노원","노원","1080","0|||","0|","","","-1","1;1;1;1;1;2;3"
"krd-4570","태릉가스충전소","37.616721210","127.072886400","457","노원","노원","1080","0|||","0|","","","-1","1;1;1;1;1;2;3"
"krd-4571","태릉가스충전소(연등)","37.618070790","127.072620900","457","노원","노원","1080","0|||","0|","","","-1","1;1;1;1;1;2;3"
"krd-4580","명보사거리","37.564381010","126.992863500","458","중부","중부","534","0|||","0|","","","-1","1;1;1;1;1;2;3"
"krd-4581","명보사거리(연등)","37.565046300","126.992813500","458","중부","중부","534","0|||","0|","","","-1","1;1;1;1;1;2;3"
"krd-4590","경원한의원","37.618679670","127.078553800","459","노원","노원","1080","0|||","0|","","","-1","1;1;1;1;1;2;3"
"krd-4610","유창빌딩","37.555686560","126.919431400","461","마포","마포","141","0|||","0|","","","-1","1;1;1;1;1;2;3"
"krd-4620","이마트상봉점","37.597305340","127.092900800","462","중랑","중랑","1726","0|||","0|","","","-1","1;1;1;1;1;2;3"
"krd-4621","이마트상봉점(연등)1","37.596868020","127.092979700","462","중랑","중랑","1726","0|||","0|","","","-1","1;1;1;1;1;2;3"
"krd-4622","이마트상봉점(연등)2","37.595801270","127.093029800","462","중랑","중랑","1726","0|||","0|","","","-1","1;1;1;1;1;2;3"
"krd-4630","돈암1동주민센터","37.603424200","127.025860000","463","종암","종암","547","0|||","0|","","","-1","1;1;1;1;1;2;3"
"krd-4631","돈암1동주민센터(연등)1","37.602225540","127.025062800","463","종암","종암","547","0|||","0|","","","-1","1;1;1;1;1;2;3"
"krd-4640","서울기독대학교","37.600754260","126.916059400","464","서부","서부","260","0|||","0|","","","-1","1;1;1;1;1;2;3"
"krd-4660","구산역","37.611282950","126.917243500","466","은평","은평","260","0|||","0|","","","-1","1;1;1;1;1;2;3"
"krd-4670","청구성심병원","37.620888020","126.920028800","467","은평","은평","573","0|||","0|","","","-1","1;1;1;1;1;2;3"
"krd-4680","연신내역","37.618883100","126.921383200","468","은평","은평","573","0|||","0|","","","-1","1;1;1;1;1;2;3"
"krd-4690","e편한세상신촌305동","37.560059490","126.956527900","469","서대문","서대문","344","0|||","0|","","","-1","1;1;1;1;1;2;3"
"krd-4700","불광역","37.610963440","126.929494500","470","은평","은평","573","0|||","0|","","","-1","1;1;1;1;1;2;3"
"krd-4701","불광역(연등)","37.611991440","126.928608400","470","은평","은평","573","0|||","0|","","","-1","1;1;1;1;1;2;3"
"krd-4710","갈현초교","37.619117470","126.915423900","471","은평","은평","664","0|||","0|","","","-1","1;1;1;1;1;2;3"
"krd-4711","갈현초교(연등)1","37.618054640","126.915042300","471","은평","은평","664","0|||","0|","","","-1","1;1;1;1;1;2;3"
"krd-4712","갈현초교(연등)2","37.620179550","126.916134700","471","은평","은평","664","0|||","0|","","","-1","1;1;1;1;1;2;3"
"krd-4720","연신내로데오","37.617423800","126.919458700","472","은평","은평","260","0|||","0|","","","-1","1;1;1;1;1;2;3"
"krd-4721","연신내로데오(연등)","37.618454420","126.920174900","472","은평","은평","260","0|||","0|","","","-1","1;1;1;1;1;2;3"
"krd-4730","선진종점","37.614307710","126.910126100","473","은평","은평","674","0|||","0|","","","-1","1;1;1;1;1;2;3"
"krd-4740","구산사거리","37.613749540","126.911624900","474","은평","은평","674","0|||","0|","","","-1","1;1;1;1;1;2;3"
"krd-4750","청계7가","37.570013070","127.015885500","475","혜화","혜화","532","0|||","0|","","","-1","1;1;1;1;1;2;3"
"krd-4751","청계7가(연등)","37.569639040","127.015877300","475","혜화","혜화","532","0|||","0|","","","-1","1;1;1;1;1;2;3"
"krd-4760","대조마을마당","37.610208080","126.919004300","476","은평","은평","260","0|||","0|","","","-1","1;1;1;1;1;2;3"
"krd-4770","역촌사거리","37.608816880","126.920691500","477","은평","은평","260","0|||","0|","","","-1","1;1;1;1;1;2;3"
"krd-4771","역촌사거리(연등)","37.607472230","126.921846300","477","은평","은평","260","0|||","0|","","","-1","1;1;1;1;1;2;3"
"krd-4780","역촌역","37.606290750","126.922878100","478","은평","은평","169","0|||","0|","","","-1","1;1;1;1;1;2;3"
"krd-4781","역촌역(연등)","37.605368260","126.922517000","478","은평","은평","169","0|||","0|","","","-1","1;1;1;1;1;2;3"
"krd-4790","은평구청입구","37.601479570","126.927126400","479","서부","서부","621","0|||","0|","","","-1","1;1;1;1;1;2;3"
"krd-4800","이마트은평점","37.600257290","126.918848200","480","서부","서부","326","0|||","0|","","","-1","1;1;1;1;1;2;3"
"krd-4810","역촌동주민센터","37.604138170","126.915617000","481","서부","서부","260","0|||","0|","","","-1","1;1;1;1;1;2;3"
"krd-4820","신사오거리","37.599135390","126.915735500","482","서부","서부","260","0|||","0|","","","-1","1;1;1;1;1;2;3"
"krd-4821","신사오거리(연등)1","37.599695440","126.916823600","482","서부","서부","260","0|||","0|","","","-1","1;1;1;1;1;2;3"
"krd-4822","신사오거리(연등)2","37.599324730","126.916724400","482","서부","서부","260","0|||","0|","","","-1","1;1;1;1;1;2;3"
"krd-4830","청운아파트","37.595763140","126.914857900","483","서부","서부","260","0|||","0|","","","-1","1;1;1;1;1;2;3"
"krd-4831","청운아파트(연등)","37.594548390","126.914517600","483","서부","서부","260","0|||","0|","","","-1","1;1;1;1;1;2;3"
"krd-4840","새절역","37.592629060","126.914011600","484","서부","서부","260","0|||","0|","","","-1","1;1;1;1;1;2;3"
"krd-4841","새절역(연등)","37.593384250","126.913057800","484","서부","서부","260","0|||","0|","","","-1","1;1;1;1;1;2;3"
"krd-4850","안디옥교회","37.590372780","126.913417200","485","서부","서부","260","0|||","0|","","","-1","1;1;1;1;1;2;3"
"krd-4860","와산교","37.588704670","126.913038900","486","서부","서부","260","0|||","0|","","","-1","1;1;1;1;1;2;3"
"krd-4880","인우아파트","37.582347750","126.907958800","488","서부","서부","82","0|||","0|","","","-1","1;1;1;1;1;2;3"
"krd-4890","증산3교","37.580402870","126.905919600","489","서부","서부","82","0|||","0|","","","-1","1;1;1;1;1;2;3"
"krd-4900","시립은평병원","37.592918010","126.923033500","490","서부","서부","626","0|||","0|","","","-1","1;1;1;1;1;2;3"
"krd-4901","시립은평병원(연등)","37.591539260","126.922927300","490","서부","서부","626","0|||","0|","","","-1","1;1;1;1;1;2;3"
"krd-4910","백련산힐스테이트204동","37.590646140","126.922816400","491","서부","서부","626","0|||","0|","","","-1","1;1;1;1;1;2;3"
"krd-5110","청계벽산아파트","37.568578840","127.030267300","511","성동","성동","636","0|||","0|","","","-1","1;1;1;1;1;2;3"
"krd-5200","가좌사거리","37.572390730","126.914761800","520","서대문","서대문","62","0|||","0|","","","-1","1;1;1;1;1;2;3"
"krd-5201","가좌사거리(연등)","37.573604620","126.916151200","520","서대문","서대문","62","0|||","0|","","","-1","1;1;1;1;1;2;3"
"krd-5210","이마트창동점","37.651330170","127.046673000","521","도봉","도봉","587","0|||","0|","","","-1","1;1;1;1;1;2;3"
"krd-5220","도봉시장","37.674544850","127.047053900","522","도봉","도봉","628","0|||","0|","","","-1","1;1;1;1;1;2;3"
"krd-5221","도봉시장(연등)","37.673590720","127.046740200","522","도봉","도봉","628","0|||","0|","","","-1","1;1;1;1;1;2;3"
"krd-5230","신방학중","37.664315740","127.028964200","523","도봉","도봉","209","0|||","0|","","","-1","1;1;1;1;1;2;3"
"krd-5231","신방학중(연등)1","37.665406110","127.030554600","523","도봉","도봉","209","0|||","0|","","","-1","1;1;1;1;1;2;3"
"krd-5232","신방학중(연등)2","37.663912150","127.028332400","523","도봉","도봉","209","0|||","0|","","","-1","1;1;1;1;1;2;3"
"krd-5240","정의공주묘","37.661743580","127.023414900","524","도봉","도봉","1687","0|||","0|","","","-1","1;1;1;1;1;2;3"
"krd-5241","정의공주묘(연등)","37.661476320","127.024031600","524","도봉","도봉","1687","0|||","0|","","","-1","1;1;1;1;1;2;3"
"krd-5250","창동운동장","37.660002320","127.050051000","525","도봉","도봉","172","0|||","0|","","","-1","1;1;1;1;1;2;3"
"krd-5251","창동운동장(연등)1","37.659245710","127.049869600","525","도봉","도봉","172","0|||","0|","","","-1","1;1;1;1;1;2;3"
"krd-5252","창동운동장(연등)2","37.660533730","127.049043500","525","도봉","도봉","172","0|||","0|","","","-1","1;1;1;1;1;2;3"
"krd-5290","선정중고입구","37.615480200","126.908575800","529","은평","은평","674","0|||","0|","","","-1","1;1;1;1;1;2;3"
"krd-5291","선정중고입구(연등)","37.616173490","126.907739900","529","은평","은평","674","0|||","0|","","","-1","1;1;1;1;1;2;3"
"krd-5330","마장하이츠아파트","37.565670160","127.040040700","533","성동","성동","254","0|||","0|","","","-1","1;1;1;1;1;2;3"
"krd-5331","마장하이츠아파트(연등)","37.565756980","127.039289200","533","성동","성동","254","0|||","0|","","","-1","1;1;1;1;1;2;3"
"krd-5340","아현초교","37.554839900","126.956385700","534","마포","마포","710","0|||","0|","","","-1","1;1;1;1;1;2;3"
"krd-5360","월곡역입구","37.600294330","127.040587300","536","종암","종암","552","0|||","0|","","","-1","1;1;1;1;1;2;3"
"krd-5361","월곡역입구(연등)1","37.600930320","127.040867800","536","종암","종암","552","0|||","0|","","","-1","1;1;1;1;1;2;3"
"krd-5362","월곡역입구(연등)2","37.599779320","127.040108300","536","종암","종암","552","0|||","0|","","","-1","1;1;1;1;1;2;3"
"krd-5490","성산대교북단램프","37.557309740","126.894065400","549","마포","마포","1824","0|||","0|","","","-1","1;1;1;1;1;2;3"
"krd-5710","한솔부동산","37.621230400","127.078826400","571","노원","노원","698","0|||","0|","","","-1","1;1;1;1;1;2;3"
"krd-5711","한솔부동산(연등)","37.620903640","127.078469300","571","노원","노원","698","0|||","0|","","","-1","1;1;1;1;1;2;3"
"krd-5730","도봉파크빌2단지","37.683948390","127.051346700","573","도봉","도봉","131","0|||","0|","","","-1","1;1;1;1;1;2;3"
"krd-5740","도봉유원아파트","37.681855060","127.050760800","574","도봉","도봉","131","0|||","0|","","","-1","1;1;1;1;1;2;3"
"krd-5750","신풍천슈퍼","37.667334280","127.033388100","575","도봉","도봉","209","0|||","0|","","","-1","1;1;1;1;1;2;3"
"krd-5760","방학축협","37.664889790","127.036042200","576","도봉","도봉","1687","0|||","0|","","","-1","1;1;1;1;1;2;3"
"krd-5770","창북중교입구","37.646616710","127.039349000","577","도봉","도봉","1838","0|||","0|","","","-1","1;1;1;1;1;2;3"
"krd-5780","뚝도아리수정수센터","37.540123290","127.043827500","578","성동","성동","551","0|||","0|","","","-1","1;1;1;1;1;2;3"
"krd-5790","성동보건소","37.566482600","127.032832000","579","성동","성동","214","0|||","0|","","","-1","1;1;1;1;1;2;3"
"krd-5791","성동보건소(연등)1","37.566254550","127.034782300","579","성동","성동","214","0|||","0|","","","-1","1;1;1;1;1;2;3"
"krd-5792","성동보건소(연등)2","37.566572470","127.032058200","579","성동","성동","214","0|||","0|","","","-1","1;1;1;1;1;2;3"
"krd-5800","창동역서측","37.652574560","127.046161000","580","도봉","도봉","171","0|||","0|","","","-1","1;1;1;1;1;2;3"
"krd-5810","하이츠빌라","37.544314400","126.991040600","581","용산","용산","1766","0|||","0|","","","-1","1;1;1;1;1;2;3"
"krd-5830","한영교회","37.622915200","127.031784900","583","강북","강북","263","0|||","0|","4:0.00013895646122819016:-0.000017061708078358606:315;8:-0.00013895646122819016:0.000017061708078358606:45;18:0:-0.00018000000000029104:0","","-1","1;1;1;1;1;2;3"
"krd-5850","한천교","37.623665050","127.068296200","585","노원","노원","98","0|||","0|","","","-1","1;1;1;1;1;2;3"
"krd-5860","동선모텔","37.594283180","127.016153000","586","성북","성북","348","0|||","0|","","","-1","1;1;1;1;1;2;3"
"krd-5880","서경대입구","37.603567690","127.014772700","588","성북","성북","642","0|||","0|","","","-1","1;1;1;1;1;2;3"
"krd-5890","번동한진아파트","37.625123480","127.044866700","589","강북","강북","92","0|||","0|","2:-0.000017061708078358606:-0.00013895646122819016:45;4:0.00013895646122819016:-0.000017061708078358606:315;6:0.000017061708078358606:0.00013895646122819016:45;8:-0.00013895646122819016:0.000017061708078358606:45;18:0:-0.00018000000000029104:0","","-1","1;1;1;1;1;2;3"
"krd-5900","성북시장","37.621498430","127.027109100","590","강북","강북","1012","0|||","0|","4:0.00013895646122819016:-0.000017061708078358606:315;8:-0.00013895646122819016:0.000017061708078358606:45;18:0:-0.00018000000000029104:0","","-1","1;1;1;1;1;2;3"
"krd-5901","성북시장(연등)","37.620588780","127.027484100","590","강북","강북","1012","0|||","0|","","","-1","1;1;1;1;1;2;3"
"krd-5910","금란교회","37.600429810","127.103735000","591","중랑","중랑","316","0|||","0|","","","-1","1;1;1;1;1;2;3"
"krd-5920","이화교밑","37.601505340","127.074224000","592","중랑","중랑","1901","0|||","0|","","","-1","1;1;1;1;1;2;3"
"krd-5930","영진밧데리","37.601579310","127.077744500","593","중랑","중랑","325","0|||","0|","","","-1","1;1;1;1;1;2;3"
"krd-5940","강변삼성아파트","37.534457240","126.948941300","594","용산","용산","1641","0|||","0|","","","-1","1;1;1;1;1;2;3"
"krd-5950","먹골파출소","37.614442260","127.081619300","595","중랑","중랑","1961","0|||","0|","","","-1","1;1;1;1;1;2;3"
"krd-5960","법장사","37.614834890","127.084359600","596","중랑","중랑","1961","0|||","0|","","","-1","1;1;1;1;1;2;3"
"krd-5970","성북초교","37.592866000","126.997647800","597","성북","성북","93","0|||","0|","","","-1","1;1;1;1;1;2;3"
"krd-5971","성북초교(연등)1","37.593000200","126.996896200","597","성북","성북","93","0|||","0|","","","-1","1;1;1;1;1;2;3"
"krd-5972","성북초교(연등)2","37.592595660","126.998164600","597","성북","성북","93","0|||","0|","","","-1","1;1;1;1;1;2;3"
"krd-5980","성신여대","37.591332790","127.019906200","598","성북","성북","1918","0|||","0|","","","-1","1;1;1;1;1;2;3"
"krd-5990","정릉3동주민센터","37.609261870","127.005142900","599","성북","성북","339","0|||","0|","","","-1","1;1;1;1;1;2;3"
"krd-5991","정릉3동주민센터(연등)1","37.608531030","127.004595200","599","성북","성북","339","0|||","0|","","","-1","1;1;1;1;1;2;3"
"krd-5992","정릉3동주민센터(연등)2","37.610521570","127.005163800","599","성북","성북","339","0|||","0|","","","-1","1;1;1;1;1;2;3"
"krd-6000","노유육관문","37.532443730","127.067120300","600","광진","광진","1883","0|||","0|","","","-1","1;1;1;1;1;2;3"
"krd-6010","한양대병원","37.560110230","127.041232400","601","성동","성동","218","0|||","0|","","","-1","1;1;1;1;1;2;3"
"krd-6020","후암시장","37.550194780","126.977340300","602","용산","용산","1700","0|||","0|","","","-1","1;1;1;1;1;2;3"
"krd-6021","후암시장(연등)","37.551643080","126.976937300","602","용산","용산","1700","0|||","0|","","","-1","1;1;1;1;1;2;3"
"krd-6030","이촌건영아파트","37.518552460","126.978214600","603","용산","용산","306","0|||","0|","","","-1","1;1;1;1;1;2;3"
"krd-6031","이촌건영아파트(연등)","37.518880340","126.977166700","603","용산","용산","306","0|||","0|","","","-1","1;1;1;1;1;2;3"
"krd-6040","서빙고동주민센터","37.520155630","126.994004300","604","용산","용산","1029","0|||","0|","","","-1","1;1;1;1;1;2;3"
"krd-6050","56사단","37.650311510","126.934729400","605","은평","은평","1910","0|||","0|","","","-1","1;1;1;1;1;2;3"
"krd-6060","독바위역","37.618987130","126.932678900","606","은평","은평","331","0|||","0|","","","-1","1;1;1;1;1;2;3"
"krd-6061","독바위역(연등)1","37.618455090","126.933043000","606","은평","은평","331","0|||","0|","","","-1","1;1;1;1;1;2;3"
"krd-6062","독바위역(연등)2","37.617769960","126.933180300","606","은평","은평","331","0|||","0|","","","-1","1;1;1;1;1;2;3"
"krd-6070","안암동","37.580086960","127.025741400","607","성북","성북","730","0|||","0|","","","-1","1;1;1;1;1;2;3"
"krd-6071","안암동(연등)1","37.580758740","127.026735800","607","성북","성북","730","0|||","0|","","","-1","1;1;1;1;1;2;3"
"krd-6072","안암동(연등)2","37.579446660","127.024802000","607","성북","성북","730","0|||","0|","","","-1","1;1;1;1;1;2;3"
"krd-6080","자양4동주민센터","37.534144820","127.067950100","608","광진","광진","1883","0|||","0|","","","-1","1;1;1;1;1;2;3"
"krd-6081","자양4동주민센터(연등)","37.533558990","127.067654400","608","광진","광진","1883","0|||","0|","","","-1","1;1;1;1;1;2;3"
"krd-6090","한양대후문","37.555722990","127.049940400","609","성동","성동","261","0|||","0|","","","-1","1;1;1;1;1;2;3"
"krd-6100","살곶이다리","37.553890360","127.045042400","610","성동","성동","261","0|||","0|","","","-1","1;1;1;1;1;2;3"
"krd-6110","갈현1동주민센터앞","37.623495780","126.916999900","611","은평","은평","664","0|||","0|","","","-1","1;1;1;1;1;2;3"
"krd-6120","대호아파트","37.615872740","126.932937500","612","은평","은평","331","0|||","0|","","","-1","1;1;1;1;1;2;3"
"krd-6121","대호아파트(연등)","37.614209790","126.932249700","612","은평","은평","331","0|||","0|","","","-1","1;1;1;1;1;2;3"
"krd-6130","구산치안센터","37.612145330","126.911367000","613","은평","은평","1870","0|||","0|","","","-1","1;1;1;1;1;2;3"
"krd-6131","구산치안센터(연등)","37.611722100","126.911334200","613","은평","은평","1870","0|||","0|","","","-1","1;1;1;1;1;2;3"
"krd-6140","평창치안센터","37.605694940","126.967042800","614","종로","종로","287","0|||","0|","","","-1","1;1;1;1;1;2;3"
"krd-6141","평창치안센터(연등)","37.604908940","126.965391100","614","종로","종로","287","0|||","0|","","","-1","1;1;1;1;1;2;3"
"krd-6160","창덕궁","37.577350340","126.990136300","616","혜화","혜화","530","0|||","0|","","","-1","1;1;1;1;1;2;3"
"krd-6170","한남대교북단동측램프","37.529236730","127.011403400","617","용산","용산","1774","0|||","0|","","","-1","1;1;1;1;1;2;3"
"krd-6180","북서울꿈의숲후문","37.622173580","127.037676200","618","강북","강북","330","0|||","0|","1:-0.000017061708078358606:0.00013895646122819016:270;4:0.00013895646122819016:-0.000017061708078358606:315;7:0.00013895646122819016:0.000017061708078358606:180;8:-0.00013895646122819016:0.000017061708078358606:45;18:0:-0.00018000000000029104:0","","-1","1;1;1;1;1;2;3"
"krd-6190","불광롯데캐슬입구","37.613506390","126.932080200","619","은평","은평","331","0|||","0|","","","-1","1;1;1;1;1;2;3"
"krd-6200","주공326단지","37.650440740","127.056750600","620","노원","노원","1662","0|||","0|","","","-1","1;1;1;1;1;2;3"
"krd-6201","주공326단지(연등)1","37.650853360","127.058600300","620","노원","노원","1662","0|||","0|","","","-1","1;1;1;1;1;2;3"
"krd-6202","주공326단지(연등)2","37.651130020","127.059948900","620","노원","노원","1662","0|||","0|","","","-1","1;1;1;1;1;2;3"
"krd-6210","청원고교","37.665041520","127.061101300","621","노원","노원","207","0|||","0|","","","-1","1;1;1;1;1;2;3"
"krd-6211","청원고교(연등)","37.665195650","127.061986200","621","노원","노원","207","0|||","0|","","","-1","1;1;1;1;1;2;3"
"krd-6220","녹천교동측","37.645491960","127.056878400","622","노원","노원","1881","0|||","0|","","","-1","1;1;1;1;1;2;3"
"krd-6221","녹천교동측(연등)","37.645320450","127.058339100","622","노원","노원","1881","0|||","0|","","","-1","1;1;1;1;1;2;3"
"krd-6230","군자교","37.559419080","127.073738300","623","광진","광진","544","0|||","0|","","","-1","1;1;1;1;1;2;3"
"krd-6240","응암3동주민센터입구","37.591879410","126.917620500","624","서부","서부","614","0|||","0|","","","-1","1;1;1;1;1;2;3"
"krd-6250","응암초교","37.587932040","126.919944600","625","서부","서부","273","0|||","0|","","","-1","1;1;1;1;1;2;3"
"krd-6251","응암초교(연등)","37.588642840","126.919108500","625","서부","서부","273","0|||","0|","","","-1","1;1;1;1;1;2;3"
"krd-6290","북한산온천","37.654146440","126.939406300","629","은평","은평","1910","0|||","0|","","","-1","1;1;1;1;1;2;3"
"krd-6291","북한산온천(연등)1","37.653248260","126.938593300","629","은평","은평","1910","0|||","0|","","","-1","1;1;1;1;1;2;3"
"krd-6292","북한산온천(연등)2","37.652453350","126.937870600","629","은평","은평","1910","0|||","0|","","","-1","1;1;1;1;1;2;3"
"krd-6300","북한산입구","37.658432280","126.946486700","630","은평","은평","181","0|||","0|","","","-1","1;1;1;1;1;2;3"
"krd-6350","전농초교","37.574555470","127.053359000","635","동대문","동대문","1879","0|||","0|","","","-1","1;1;1;1;1;2;3"
"krd-6360","답십리삼거리","37.564062070","127.056475500","636","동대문","동대문","116","0|||","0|","","","-1","1;1;1;1;1;2;3"
"krd-6370","신설동역앞","37.573949200","127.026773800","637","동대문","동대문","1770","0|||","0|","","","-1","1;1;1;1;1;2;3"
"krd-6380","용답동우체국","37.562044170","127.060837700","638","동대문","동대문","116","0|||","0|","","","-1","1;1;1;1;1;2;3"
"krd-6390","군자교동측","37.558807380","127.075336600","639","광진","광진","544","0|||","0|","","","-1","1;1;1;1;1;2;3"
"krd-6400","현대신사옥앞","37.575992050","127.000360800","640","혜화","혜화","523","0|||","0|","","","-1","1;1;1;1;1;2;3"
"krd-6410","아차산역","37.551426400","127.089914200","641","광진","광진","1744","0|||","0|","","","-1","1;1;1;1;1;2;3"
"krd-6420","온곡초교입구","37.664466120","127.066156100","642","노원","노원","1690","0|||","0|","","","-1","1;1;1;1;1;2;3"
"krd-6421","온곡초교입구(연등)","37.664200530","127.067139200","642","노원","노원","1690","0|||","0|","","","-1","1;1;1;1;1;2;3"
"krd-6430","미아서광빌딩","37.624575390","127.026879100","643","강북","강북","58","0|||","0|","4:0.00013895646122819016:-0.000017061708078358606:315;8:-0.00013895646122819016:0.000017061708078358606:45;18:0:-0.00018000000000029104:0","","-1","1;1;1;1;1;2;3"
"krd-6431","미아서광빌딩(연등)","37.623188310","127.027456900","643","강북","강북","58","0|||","0|","","","-1","1;1;1;1;1;2;3"
"krd-6440","숭인시장","37.613549090","127.030079400","644","강북","강북","1812","0|||","0|","4:0.00013895646122819016:-0.000017061708078358606:315;8:-0.00013895646122819016:0.000017061708078358606:45;18:0:-0.00018000000000029104:0","","-1","1;1;1;1;1;2;3"
"krd-6441","숭인시장(연등)","37.613223710","127.030073800","644","강북","강북","1812","0|||","0|","","","-1","1;1;1;1;1;2;3"
"krd-6450","길음삼부아파트","37.603375090","127.023809300","645","성북","성북","547","0|||","0|","","","-1","1;1;1;1;1;2;3"
"krd-6460","미아고개","37.598367400","127.021742100","646","성북","성북","547","0|||","0|","","","-1","1;1;1;1;1;2;3"
"krd-6480","한성대","37.589982190","127.009634800","648","성북","성북","362","0|||","0|","","","-1","1;1;1;1;1;2;3"
"krd-6481","한성대(연등)1","37.590753720","127.011142900","648","성북","성북","362","0|||","0|","","","-1","1;1;1;1;1;2;3"
"krd-6482","한성대(연등)2","37.589668750","127.008851600","648","성북","성북","362","0|||","0|","","","-1","1;1;1;1;1;2;3"
"krd-6483","한성대(연등)3","37.589169400","127.007785100","648","성북","성북","362","0|||","0|","","","-1","1;1;1;1;1;2;3"
"krd-6490","옥수파크힐스111동앞","37.548483730","127.012625200","649","성동","성동","381","0|||","0|","","","-1","1;1;1;1;1;2;3"
"krd-6500","정릉쌍용아파트","37.599504350","127.017420900","650","성북","성북","539","0|||","0|","","","-1","1;1;1;1;1;2;3"
"krd-6501","정릉쌍용아파트(연등)","37.599104210","127.018507000","650","성북","성북","539","0|||","0|","","","-1","1;1;1;1;1;2;3"
"krd-6510","옥수파크힐스117동앞","37.547548690","127.012352100","651","성동","성동","381","0|||","0|","","","-1","1;1;1;1;1;2;3"
"krd-6570","미림유치원","37.616636910","127.079537200","657","중랑","중랑","294","0|||","0|","","","-1","1;1;1;1;1;2;3"
"krd-6571","미림유치원(연등)","37.617785880","127.078979500","657","중랑","중랑","294","0|||","0|","","","-1","1;1;1;1;1;2;3"
"krd-6580","숭곡초교","37.609102030","127.033007600","658","종암","종암","1669","0|||","0|","","","-1","1;1;1;1;1;2;3"
"krd-6600","성자초교","37.531457820","127.082513800","660","광진","광진","1383","0|||","0|","","","-1","1;1;1;1;1;2;3"
"krd-6601","성자초교(연등)","37.531616270","127.080978700","660","광진","광진","1383","0|||","0|","","","-1","1;1;1;1;1;2;3"
"krd-6610","동자초교","37.534377440","127.071680000","661","광진","광진","1574","0|||","0|","","","-1","1;1;1;1;1;2;3"
"krd-6611","동자초교(연등)1","37.534182340","127.072404700","661","광진","광진","1574","0|||","0|","","","-1","1;1;1;1;1;2;3"
"krd-6612","동자초교(연등)2","37.533903100","127.073348100","661","광진","광진","1574","0|||","0|","","","-1","1;1;1;1;1;2;3"
"krd-6620","광진그랜드파크","37.545375800","127.080089000","662","광진","광진","448","0|||","0|","","","-1","1;1;1;1;1;2;3"
"krd-6630","신자초교입구","37.533202630","127.075707600","663","광진","광진","1391","0|||","0|","","","-1","1;1;1;1;1;2;3"
"krd-6631","신자초교입구(연등)","37.532821200","127.076955700","663","광진","광진","1391","0|||","0|","","","-1","1;1;1;1;1;2;3"
"krd-6640","자양중입구","37.534803850","127.076168700","664","광진","광진","685","0|||","0|","","","-1","1;1;1;1;1;2;3"
"krd-6650","노룬산시장","37.536087000","127.065449300","665","광진","광진","81","0|||","0|","","","-1","1;1;1;1;1;2;3"
"krd-6660","국민대","37.610808070","126.994376700","666","성북","성북","1985","0|||","0|","","","-1","1;1;1;1;1;2;3"
"krd-6670","정릉성원아파트입구","37.605687300","127.009180700","667","성북","성북","642","0|||","0|","","","-1","1;1;1;1;1;2;3"
"krd-6680","명사약국앞","37.614809410","127.075339300","668","중랑","중랑","130","0|||","0|","","","-1","1;1;1;1;1;2;3"
"krd-6690","정릉입구","37.604537570","127.011676200","669","성북","성북","642","0|||","0|","","","-1","1;1;1;1;1;2;3"
"krd-6691","정릉입구(연등)","37.604810820","127.010812100","669","성북","성북","642","0|||","0|","","","-1","1;1;1;1;1;2;3"
"krd-6700","동부아파트입구","37.608698690","127.023120000","670","종암","종암","336","0|||","0|","","","-1","1;1;1;1;1;2;3"
"krd-6710","향동리입구","37.589276640","126.884537000","671","서부","서부","1775","0|||","0|","","","-1","1;1;1;1;1;2;3"
"krd-6720","수색교동측","37.585623970","126.888916500","672","서부","서부","62","0|||","0|","","","-1","1;1;1;1;1;2;3"
"krd-6730","두빌빌딩","37.578947240","126.900873800","673","서부","서부","62","0|||","0|","","","-1","1;1;1;1;1;2;3"
"krd-6880","망우사거리","37.599872400","127.100415300","688","중랑","중랑","316","0|||","0|","","","-1","1;1;1;1;1;2;3"
"krd-6881","망우사거리(연등)1","37.600539790","127.100439100","688","중랑","중랑","316","0|||","0|","","","-1","1;1;1;1;1;2;3"
"krd-6882","망우사거리(연등)2","37.599192440","127.100420400","688","중랑","중랑","316","0|||","0|","","","-1","1;1;1;1;1;2;3"
"krd-7170","후암초교","37.551702090","126.981172100","717","용산","용산","1701","0|||","0|","","","-1","1;1;1;1;1;2;3"
"krd-7210","옥수파크힐스119동앞","37.547004850","127.013179600","721","성동","성동","381","0|||","0|","","","-1","1;1;1;1;1;2;3"
"krd-7220","공릉1수문","37.624664710","127.070708000","722","노원","노원","1693","0|||","0|","","","-1","1;1;1;1;1;2;3"
"krd-7230","중계롯데아파트","37.647666030","127.072031900","723","노원","노원","1715","0|||","0|","","","-1","1;1;1;1;1;2;3"
"krd-7240","공릉초교","37.618303570","127.073769700","724","노원","노원","280","0|||","0|","","","-1","1;1;1;1;1;2;3"
"krd-7241","공릉초교(연등)","37.619547420","127.073376300","724","노원","노원","280","0|||","0|","","","-1","1;1;1;1;1;2;3"
"krd-7250","청한빌라앞","37.657873220","127.013678100","725","도봉","도봉","258","0|||","0|","","","-1","1;1;1;1;1;2;3"
"krd-7251","청한빌라앞(연등)1","37.656953850","127.013480100","725","도봉","도봉","258","0|||","0|","","","-1","1;1;1;1;1;2;3"
"krd-7252","청한빌라앞(연등)2","37.658506480","127.013789500","725","도봉","도봉","258","0|||","0|","","","-1","1;1;1;1;1;2;3"
"krd-7260","노원교","37.679345960","127.049622800","726","도봉","도봉","729","0|||","0|","","","-1","1;1;1;1;1;2;3"
"krd-7270","창주공4단지","37.645312370","127.048526700","727","도봉","도봉","1762","0|||","0|","","","-1","1;1;1;1;1;2;3"
"krd-7271","창주공4단지(연등)","37.644874740","127.046759800","727","도봉","도봉","1762","0|||","0|","","","-1","1;1;1;1;1;2;3"
"krd-7280","녹천역입구","37.646102360","127.052882300","728","도봉","도봉","1881","0|||","0|","","","-1","1;1;1;1;1;2;3"
"krd-7290","녹천교서측","37.645814360","127.054774800","729","도봉","도봉","1881","0|||","0|","","","-1","1;1;1;1;1;2;3"
"krd-7340","녹사평역","37.534605260","126.987015300","734","용산","용산","682","0|||","0|","","","-1","1;1;1;1;1;2;3"
"krd-7360","방학대상타운","37.665975250","127.046233400","736","도봉","도봉","628","0|||","0|","","","-1","1;1;1;1;1;2;3"
"krd-7361","방학대상타운(연등)","37.666999900","127.046078200","736","도봉","도봉","628","0|||","0|","","","-1","1;1;1;1;1;2;3"
"krd-7390","대신빌딩","37.595458430","127.015911100","739","성북","성북","348","0|||","0|","","","-1","1;1;1;1;1;2;3"
"krd-7420","녹번역","37.600904210","126.935717400","742","서부","서부","573","0|||","0|","","","-1","1;1;1;1;1;2;3"
"krd-7450","박석고개","37.626873720","126.919855100","745","은평","은평","573","0|||","0|","","","-1","1;1;1;1;1;2;3"
"krd-7451","박석고개(연등)","37.625912890","126.920096000","745","은평","은평","573","0|||","0|","","","-1","1;1;1;1;1;2;3"
"krd-7460","북한산래미안","37.610578160","126.939261600","746","은평","은평","573","0|||","0|","","","-1","1;1;1;1;1;2;3"
"krd-7461","북한산래미안(연등)","37.610829270","126.941463200","746","은평","은평","573","0|||","0|","","","-1","1;1;1;1;1;2;3"
"krd-7470","불광지구대삼거리","37.621409640","126.926267000","747","은평","은평","113","0|||","0|","","","-1","1;1;1;1;1;2;3"
"krd-7471","불광지구대삼거리(연등)","37.623147150","126.927535600","747","은평","은평","113","0|||","0|","","","-1","1;1;1;1;1;2;3"
"krd-7480","신한은행갈현","37.623306100","126.919845000","748","은평","은평","573","0|||","0|","","","-1","1;1;1;1;1;2;3"
"krd-7481","신한은행갈현(연등)","37.624615820","126.919980100","748","은평","은평","573","0|||","0|","","","-1","1;1;1;1;1;2;3"
"krd-7520","성대야구장","37.677288620","127.048932900","752","도봉","도봉","628","0|||","0|","","","-1","1;1;1;1;1;2;3"
"krd-7521","성대야구장(연등)","37.676633180","127.048491100","752","도봉","도봉","628","0|||","0|","","","-1","1;1;1;1;1;2;3"
"krd-7640","감사원앞","37.586423800","126.985279500","764","종로","종로","1616","0|||","0|","","","-1","1;1;1;1;1;2;3"
"krd-7690","삼원수출포장","37.670864810","127.039743200","769","도봉","도봉","209","0|||","0|","","","-1","1;1;1;1;1;2;3"
"krd-7790","명남아파트","37.594391650","126.911809200","779","서부","서부","616","0|||","0|","","","-1","1;1;1;1;1;2;3"
"krd-7791","명남아파트(연등)","37.595340480","126.910597800","779","서부","서부","616","0|||","0|","","","-1","1;1;1;1;1;2;3"
"krd-7820","월계2교","37.624180140","127.049646100","782","강북","강북","151","0|||","0|","1:-0.000017061708078358606:0.00013895646122819016:270;2:-0.000017061708078358606:-0.00013895646122819016:45;3:-0.00013895646122819016:-0.000017061708078358606:0;4:0.00013895646122819016:-0.000017061708078358606:315;5:0.000017061708078358606:-0.00013895646122819016:90;6:0.000017061708078358606:0.00013895646122819016:45;7:0.00013895646122819016:0.000017061708078358606:180;8:-0.00013895646122819016:0.000017061708078358606:45","","-1","1;1;1;1;1;2;3"
"krd-7860","면목7치안센터","37.586623080","127.088145200","786","중랑","중랑","709","0|||","0|","","","-1","1;1;1;1;1;2;3"
"krd-7870","50번종점","37.573034170","127.084191700","787","중랑","중랑","229","0|||","0|","","","-1","1;1;1;1;1;2;3"
"krd-7871","50번종점(연등)","37.573996020","127.084731000","787","중랑","중랑","229","0|||","0|","","","-1","1;1;1;1;1;2;3"
"krd-7880","봉화산역","37.617696310","127.090646600","788","중랑","중랑","567","0|||","0|","","","-1","1;1;1;1;1;2;3"
"krd-7890","동원사거리","37.589715370","127.093628200","789","중랑","중랑","1750","0|||","0|","","","-1","1;1;1;1;1;2;3"
"krd-7891","동원사거리(연등)1","37.590046930","127.095048800","789","중랑","중랑","1750","0|||","0|","","","-1","1;1;1;1;1;2;3"
"krd-7892","동원사거리(연등)2","37.590307440","127.093590700","789","중랑","중랑","1750","0|||","0|","","","-1","1;1;1;1;1;2;3"
"krd-7900","주함해븐아파트","37.592858670","127.098700600","790","중랑","중랑","246","0|||","0|","","","-1","1;1;1;1;1;2;3"
"krd-7910","일마트앞","37.553975290","127.077750900","791","광진","광진","637","0|||","0|","","","-1","1;1;1;1;1;2;3"
"krd-7920","중곡동주민센터","37.559684900","127.080856600","792","광진","광진","411","0|||","0|","","","-1","1;1;1;1;1;2;3"
"krd-7921","중곡동주민센터(연등)1","37.558361520","127.080164800","792","광진","광진","411","0|||","0|","","","-1","1;1;1;1;1;2;3"
"krd-7922","중곡동주민센터(연등)2","37.560978590","127.081603100","792","광진","광진","411","0|||","0|","","","-1","1;1;1;1;1;2;3"
"krd-7930","충정리시온빌딩앞","37.560011370","126.964968200","793","서대문","서대문","666","0|||","0|","","","-1","1;1;1;1;1;2;3"
"krd-7940","한진타운아파트","37.541351160","127.045758900","794","성동","성동","1803","0|||","0|","","","-1","1;1;1;1;1;2;3"
"krd-7950","뚝섬역","37.548103300","127.044497700","795","성동","성동","551","0|||","0|","","","-1","1;1;1;1;1;2;3"
"krd-7951","뚝섬역(연등)","37.549835030","127.044253400","795","성동","성동","551","0|||","0|","","","-1","1;1;1;1;1;2;3"
"krd-7960","은광교회","37.618002210","127.043036800","796","강북","강북","151","0|||","0|","2:-0.000017061708078358606:-0.00013895646122819016:45;3:-0.00013895646122819016:-0.000017061708078358606:0;6:0.000017061708078358606:0.00013895646122819016:45;18:0:-0.00018000000000029104:0;106:0.00008241345054926796:0.00020398044800629123:0","","-1","1;1;1;1;1;2;3"
"krd-8010","우이초교앞","37.640801420","127.016926600","801","강북","강북","659","0|||","0|","","","-1","1;1;1;1;1;2;3"
"krd-8011","우이초교앞(연등)1","37.642343330","127.016527900","801","강북","강북","659","0|||","0|","","","-1","1;1;1;1;1;2;3"
"krd-8012","우이초교앞(연등)2","37.643406440","127.016176000","801","강북","강북","659","0|||","0|","","","-1","1;1;1;1;1;2;3"
"krd-8020","동우슈퍼","37.646508680","127.017735300","802","강북","강북","124","0|||","0|","","","-1","1;1;1;1;1;2;3"
"krd-8030","삼우약국","37.654889440","127.013002300","803","도봉","도봉","258","0|||","0|","","","-1","1;1;1;1;1;2;3"
"krd-8031","삼우약국(연등)1","37.653861210","127.012795300","803","도봉","도봉","258","0|||","0|","","","-1","1;1;1;1;1;2;3"
"krd-8032","삼우약국(연등)2","37.655595080","127.013178100","803","도봉","도봉","258","0|||","0|","","","-1","1;1;1;1;1;2;3"
"krd-8040","덕성여대","37.651379800","127.012807300","804","도봉","도봉","258","0|||","0|","","","-1","1;1;1;1;1;2;3"
"krd-8041","덕성여대(연등)1","37.650433500","127.013264200","804","도봉","도봉","258","0|||","0|","","","-1","1;1;1;1;1;2;3"
"krd-8042","덕성여대(연등)2","37.652410720","127.012557600","804","도봉","도봉","258","0|||","0|","","","-1","1;1;1;1;1;2;3"
"krd-8060","우이시장","37.644931240","127.019906200","806","강북","강북","124","0|||","0|","","","-1","1;1;1;1;1;2;3"
"krd-8061","우이시장(연등)","37.645692590","127.018862800","806","강북","강북","124","0|||","0|","","","-1","1;1;1;1;1;2;3"
"krd-8070","국립419민주묘지입구사거리","37.648256170","127.014238500","807","강북","강북","659","0|||","0|","","","-1","1;1;1;1;1;2;3"
"krd-8080","삼양시장","37.624847820","127.018449000","808","강북","강북","1871","0|||","0|","","","-1","1;1;1;1;1;2;3"
"krd-8081","삼양시장(연등)","37.626164240","127.018236800","808","강북","강북","1871","0|||","0|","","","-1","1;1;1;1;1;2;3"
"krd-8090","수유1파출소","37.631162010","127.017834000","809","강북","강북","312","0|||","0|","","","-1","1;1;1;1;1;2;3"
"krd-8091","수유1파출소(연등)1","37.632128330","127.017669200","809","강북","강북","312","0|||","0|","","","-1","1;1;1;1;1;2;3"
"krd-8092","수유1파출소(연등)2","37.631491020","127.017757200","809","강북","강북","312","0|||","0|","","","-1","1;1;1;1;1;2;3"
"krd-8093","수유1파출소(연등)3","37.630509090","127.017829100","809","강북","강북","312","0|||","0|","","","-1","1;1;1;1;1;2;3"
"krd-8100","북부시장","37.635288240","127.031751700","810","강북","강북","324","0|||","0|","","","-1","1;1;1;1;1;2;3"
"krd-8101","북부시장(연등)","37.635159970","127.030249000","810","강북","강북","324","0|||","0|","","","-1","1;1;1;1;1;2;3"
"krd-8110","북서울꿈의숲동문","37.619589570","127.044725600","811","강북","강북","151","0|||","0|","1:-0.000017061708078358606:0.00013895646122819016:270;2:-0.000017061708078358606:-0.00013895646122819016:45;3:-0.00013895646122819016:-0.000017061708078358606:0;6:0.000017061708078358606:0.00013895646122819016:45;18:0:-0.00018000000000029104:0","","-1","1;1;1;1;1;2;3"
"krd-8120","신한은행방학","37.662862970","127.037372800","812","도봉","도봉","1687","0|||","0|","","","-1","1;1;1;1;1;2;3"
"krd-8121","신한은행방학(연등)","37.662740310","127.036135600","812","도봉","도봉","1687","0|||","0|","","","-1","1;1;1;1;1;2;3"
"krd-8130","방학한화아파트","37.662139990","127.031470200","813","도봉","도봉","1687","0|||","0|","","","-1","1;1;1;1;1;2;3"
"krd-8131","방학한화아파트(연등)","37.662113670","127.030878600","813","도봉","도봉","1687","0|||","0|","","","-1","1;1;1;1;1;2;3"
"krd-8140","창동교","37.653089220","127.055175400","814","노원","노원","1921","0|||","0|","","","-1","1;1;1;1;1;2;3"
"krd-8150","창문여고","37.613126860","127.037574300","815","강북","강북","61","0|||","0|","2:-0.000017061708078358606:-0.00013895646122819016:45;3:-0.00013895646122819016:-0.000017061708078358606:0;6:0.000017061708078358606:0.00013895646122819016:45;18:0:-0.00018000000000029104:0","","-1","1;1;1;1;1;2;3"
"krd-8151","창문여고(연등)1","37.613561300","127.037972000","815","강북","강북","61","0|||","0|","","","-1","1;1;1;1;1;2;3"
"krd-8152","창문여고(연등)2","37.613137490","127.038149800","815","강북","강북","61","0|||","0|","","","-1","1;1;1;1;1;2;3"
"krd-8160","현대성우아파트","37.615924920","127.022111000","816","강북","강북","292","0|||","0|","","","-1","1;1;1;1;1;2;3"
"krd-8161","현대성우아파트(연등)","37.617522710","127.021639500","816","강북","강북","292","0|||","0|","","","-1","1;1;1;1;1;2;3"
"krd-8170","양지사거리","37.566783390","127.030093000","817","성동","성동","203","0|||","0|","","","-1","1;1;1;1;1;2;3"
"krd-8171","양지사거리(연등)","37.567018810","127.028746100","817","성동","성동","203","0|||","0|","","","-1","1;1;1;1;1;2;3"
"krd-8180","옥수극동아파트","37.543406300","127.013600100","818","성동","성동","1619","0|||","0|","","","-1","1;1;1;1;1;2;3"
"krd-8181","옥수극동아파트(연등)1","37.542674130","127.012344800","818","성동","성동","1619","0|||","0|","","","-1","1;1;1;1;1;2;3"
"krd-8182","옥수극동아파트(연등)2","37.543650590","127.014437800","818","성동","성동","1619","0|||","0|","","","-1","1;1;1;1;1;2;3"
"krd-8190","금남시장","37.548179270","127.021641800","819","성동","성동","226","0|||","0|","","","-1","1;1;1;1;1;2;3"
"krd-8191","금남시장(연등)1","37.548221360","127.022013200","819","성동","성동","226","0|||","0|","","","-1","1;1;1;1;1;2;3"
"krd-8192","금남시장(연등)2","37.548158570","127.023427500","819","성동","성동","226","0|||","0|","","","-1","1;1;1;1;1;2;3"
"krd-8200","성수역","37.545118730","127.054209800","820","성동","성동","1077","0|||","0|","","","-1","1;1;1;1;1;2;3"
"krd-8210","성동교","37.551489950","127.044113300","821","성동","성동","272","0|||","0|","","","-1","1;1;1;1;1;2;3"
"krd-8220","성동세무서","37.548115160","127.062537300","822","성동","성동","223","0|||","0|","","","-1","1;1;1;1;1;2;3"
"krd-8230","뚝섬역앞","37.546749010","127.048781300","823","성동","성동","681","0|||","0|","","","-1","1;1;1;1;1;2;3"
"krd-8240","뚝섬체육공원","37.545148750","127.044872800","824","성동","성동","551","0|||","0|","","","-1","1;1;1;1;1;2;3"
"krd-8241","뚝섬체육공원(연등)","37.546131110","127.044757100","824","성동","성동","551","0|||","0|","","","-1","1;1;1;1;1;2;3"
"krd-8250","다산빌딩","37.550168950","127.054400200","825","성동","성동","223","0|||","0|","","","-1","1;1;1;1;1;2;3"
"krd-8260","성수공고앞","37.540231840","127.049646900","826","성동","성동","1803","0|||","0|","","","-1","1;1;1;1;1;2;3"
"krd-8261","성수공고앞(연등)","37.540053230","127.050423200","826","성동","성동","1803","0|||","0|","","","-1","1;1;1;1;1;2;3"
"krd-8270","신내지하차도","37.599807260","127.097102700","827","중랑","중랑","316","0|||","0|","","","-1","1;1;1;1;1;2;3"
"krd-8280","응봉마을금고","37.549946430","127.030685800","828","성동","성동","237","0|||","0|","","","-1","1;1;1;1;1;2;3"
"krd-8290","재생약국","37.665728700","127.037221500","829","도봉","도봉","269","0|||","0|","","","-1","1;1;1;1;1;2;3"
"krd-8300","동아청솔아파트","37.656995880","127.049711100","830","도봉","도봉","294","0|||","0|","","","-1","1;1;1;1;1;2;3"
"krd-8310","불광초교","37.612104890","126.931815000","831","은평","은평","331","0|||","0|","","","-1","1;1;1;1;1;2;3"
"krd-8311","불광초교(연등)1","37.612452110","126.931946700","831","은평","은평","331","0|||","0|","","","-1","1;1;1;1;1;2;3"
"krd-8312","불광초교(연등)2","37.611900270","126.931161700","831","은평","은평","331","0|||","0|","","","-1","1;1;1;1;1;2;3"
"krd-8320","입곡삼거리","37.650412510","126.936549200","832","은평","은평","1910","0|||","0|","","","-1","1;1;1;1;1;2;3"
"krd-8321","입곡삼거리(연등)","37.651209840","126.936856200","832","은평","은평","1910","0|||","0|","","","-1","1;1;1;1;1;2;3"
"krd-8330","수색초교입구","37.583977120","126.897533500","833","서부","서부","62","0|||","0|","","","-1","1;1;1;1;1;2;3"
"krd-8340","중심교회","37.605197300","126.928700000","834","서부","서부","676","0|||","0|","","","-1","1;1;1;1;1;2;3"
"krd-8350","상신중","37.590563550","126.906376400","835","서부","서부","627","0|||","0|","","","-1","1;1;1;1;1;2;3"
"krd-8360","창동동아아파트","37.650647700","127.051797200","836","도봉","도봉","1652","0|||","0|","","","-1","1;1;1;1;1;2;3"
"krd-8370","환승주차장","37.655335860","127.050016900","837","도봉","도봉","294","0|||","0|","","","-1","1;1;1;1;1;2;3"
"krd-8380","우이그린빌라","37.657338880","127.018804900","838","도봉","도봉","258","0|||","0|","","","-1","1;1;1;1;1;2;3"
"krd-8390","은평경찰서","37.627916460","126.929356700","839","은평","은평","113","0|||","0|","","","-1","1;1;1;1;1;2;3"
"krd-8400","미아롯데캐슬","37.616825690","127.034974800","840","강북","강북","350","0|||","0|","7:0.00013895646122819016:0.000017061708078358606:180;8:-0.00013895646122819016:0.000017061708078358606:45;18:0:-0.00018000000000029104:0;108:-0.00020398044800629123:0.00008241345055637339:0","","-1","1;1;1;1;1;2;3"
"krd-8410","신내대성아파트","37.602287390","127.096759100","841","중랑","중랑","1859","0|||","0|","","","-1","1;1;1;1;1;2;3"
"krd-8420","생명의전화","37.603821690","127.037392200","842","종암","종암","293","0|||","0|","","","-1","1;1;1;1;1;2;3"
"krd-8421","생명의전화(연등)","37.604366820","127.036401300","842","종암","종암","293","0|||","0|","","","-1","1;1;1;1;1;2;3"
"krd-8430","수진약국","37.614272170","127.053377800","843","종암","종암","83","0|||","0|","","","-1","1;1;1;1;1;2;3"
"krd-8440","제일은행석관","37.606789530","127.061297300","844","종암","종암","322","0|||","0|","","","-1","1;1;1;1;1;2;3"
"krd-8450","정릉뉴타운9단지","37.602411280","127.019313600","845","성북","성북","642","0|||","0|","","","-1","1;1;1;1;1;2;3"
"krd-8460","복선교","37.601821070","127.023475000","846","성북","성북","547","0|||","0|","","","-1","1;1;1;1;1;2;3"
"krd-8461","복선교(연등)","37.601307760","127.022592400","846","성북","성북","547","0|||","0|","","","-1","1;1;1;1;1;2;3"
"krd-8470","국민대램프앞","37.609725310","126.996516800","847","성북","성북","1985","0|||","0|","","","-1","1;1;1;1;1;2;3"
"krd-8480","정릉경남아파트","37.602994580","127.017391500","848","성북","성북","642","0|||","0|","","","-1","1;1;1;1;1;2;3"
"krd-8490","정릉대우아파트","37.616739550","127.003672200","849","성북","성북","734","0|||","0|","","","-1","1;1;1;1;1;2;3"
"krd-8500","성신초교","37.595262430","127.023319400","850","성북","성북","671","0|||","0|","","","-1","1;1;1;1;1;2;3"
"krd-8510","행당한진아파트","37.556734120","127.028182000","851","성동","성동","267","0|||","0|","","","-1","1;1;1;1;1;2;3"
"krd-8511","행당한진아파트(연등)","37.557195680","127.029171600","851","성동","성동","267","0|||","0|","","","-1","1;1;1;1;1;2;3"
"krd-8520","행당대림아파트","37.555968670","127.026600500","852","성동","성동","267","0|||","0|","","","-1","1;1;1;1;1;2;3"
"krd-8530","무학중학교","37.557970450","127.031217500","853","성동","성동","267","0|||","0|","","","-1","1;1;1;1;1;2;3"
"krd-8531","무학중학교(연등)","37.558166250","127.032212700","853","성동","성동","267","0|||","0|","","","-1","1;1;1;1;1;2;3"
"krd-8540","옥수삼성아파트후문","37.540756200","127.014408100","854","성동","성동","1633","0|||","0|","","","-1","1;1;1;1;1;2;3"
"krd-8541","옥수삼성아파트후문(연등)","37.540712310","127.014099000","854","성동","성동","1633","0|||","0|","","","-1","1;1;1;1;1;2;3"
"krd-8550","옥수치안센터","37.543866460","127.015019000","855","성동","성동","1619","0|||","0|","","","-1","1;1;1;1;1;2;3"
"krd-8551","옥수치안센터(연등)","37.544092230","127.015436600","855","성동","성동","1619","0|||","0|","","","-1","1;1;1;1;1;2;3"
"krd-8560","창번2교","37.638583950","127.034557800","856","도봉","도봉","724","0|||","0|","","","-1","1;1;1;1;1;2;3"
"krd-8570","선잠단지","37.593188490","126.999402800","857","성북","성북","93","0|||","0|","","","-1","1;1;1;1;1;2;3"
"krd-8580","성북구청입구","37.591828230","127.013218000","858","성북","성북","362","0|||","0|","","","-1","1;1;1;1;1;2;3"
"krd-8590","돈암천주교회","37.590449540","127.016950800","859","성북","성북","580","0|||","0|","","","-1","1;1;1;1;1;2;3"
"krd-8600","홍익중고입구","37.593305470","127.001039800","860","성북","성북","93","0|||","0|","","","-1","1;1;1;1;1;2;3"
"krd-8601","홍익중고입구(연등)","37.592494470","127.002445700","860","성북","성북","93","0|||","0|","","","-1","1;1;1;1;1;2;3"
"krd-8610","보문역","37.585316470","127.019381900","861","성북","성북","1602","0|||","0|","","","-1","1;1;1;1;1;2;3"
"krd-8611","보문역(연등)","37.584299970","127.019952000","861","성북","성북","1602","0|||","0|","","","-1","1;1;1;1;1;2;3"
"krd-8630","워커힐동문","37.551064530","127.109146800","863","광진","광진","204","0|||","0|","","","-1","1;1;1;1;1;2;3"
"krd-8640","대원고","37.562178070","127.087194800","864","광진","광진","1771","0|||","0|","","","-1","1;1;1;1;1;2;3"
"krd-8641","대원고(연등)1","37.562678050","127.087099700","864","광진","광진","1771","0|||","0|","","","-1","1;1;1;1;1;2;3"
"krd-8642","대원고(연등)2","37.560755270","127.087474000","864","광진","광진","1771","0|||","0|","","","-1","1;1;1;1;1;2;3"
"krd-8650","조양시장","37.540813930","127.067992400","865","광진","광진","424","0|||","0|","","","-1","1;1;1;1;1;2;3"
"krd-8651","조양시장(연등)","37.541309550","127.066540300","865","광진","광진","424","0|||","0|","","","-1","1;1;1;1;1;2;3"
"krd-8660","한신초교","37.650971720","127.031127400","866","도봉","도봉","59","0|||","0|","","","-1","1;1;1;1;1;2;3"
"krd-8670","한성운수종점","37.634647740","127.035584200","867","강북","강북","320","0|||","0|","","","-1","1;1;1;1;1;2;3"
"krd-8680","쌍문청구아파트","37.659353860","127.034984300","868","도봉","도봉","1688","0|||","0|","","","-1","1;1;1;1;1;2;3"
"krd-8681","쌍문청구아파트(연등)","37.660483400","127.034922400","868","도봉","도봉","1688","0|||","0|","","","-1","1;1;1;1;1;2;3"
"krd-8690","강북구보건소","37.632879750","127.038740000","869","강북","강북","320","0|||","0|","","","-1","1;1;1;1;1;2;3"
"krd-8700","창림초교","37.641316140","127.040546500","870","도봉","도봉","342","0|||","0|","","","-1","1;1;1;1;1;2;3"
"krd-8710","숭미초교","37.650662220","127.028654900","871","도봉","도봉","124","0|||","0|","","","-1","1;1;1;1;1;2;3"
"krd-8711","숭미초교(연등)1","37.651421660","127.028461500","871","도봉","도봉","124","0|||","0|","","","-1","1;1;1;1;1;2;3"
"krd-8712","숭미초교(연등)2","37.652111070","127.028178400","871","도봉","도봉","124","0|||","0|","","","-1","1;1;1;1;1;2;3"
"krd-8713","숭미초교(연등)3","37.650866590","127.029712400","871","도봉","도봉","124","0|||","0|","","","-1","1;1;1;1;1;2;3"
"krd-8720","청학에너지","37.628724580","127.044077900","872","강북","강북","320","0|||","0|","","","-1","1;1;1;1;1;2;3"
"krd-8730","삼양그린빌딩","37.622499630","127.019818000","873","강북","강북","312","0|||","0|","","","-1","1;1;1;1;1;2;3"
"krd-8731","삼양그린빌딩(연등)","37.620981180","127.020580400","873","강북","강북","312","0|||","0|","","","-1","1;1;1;1;1;2;3"
"krd-8740","법종사","37.657543070","127.015315200","874","도봉","도봉","258","0|||","0|","","","-1","1;1;1;1;1;2;3"
"krd-8741","법종사(연등)1","37.657313800","127.016735700","874","도봉","도봉","258","0|||","0|","","","-1","1;1;1;1;1;2;3"
"krd-8742","법종사(연등)2","37.657662060","127.014698600","874","도봉","도봉","258","0|||","0|","","","-1","1;1;1;1;1;2;3"
"krd-8750","송천동주민센터","37.618580730","127.023804000","875","강북","강북","111","0|||","0|","","","-1","1;1;1;1;1;2;3"
"krd-8751","송천동주민센터(연등)","37.618165410","127.025298900","875","강북","강북","111","0|||","0|","","","-1","1;1;1;1;1;2;3"
"krd-8760","우이교회","37.637287530","127.017174200","876","강북","강북","312","0|||","0|","","","-1","1;1;1;1;1;2;3"
"krd-8761","우이교회(연등)","37.638318810","127.017113900","876","강북","강북","312","0|||","0|","","","-1","1;1;1;1;1;2;3"
"krd-8770","장평교","37.571704250","127.080072100","877","중랑","중랑","556","0|||","0|","","","-1","1;1;1;1;1;2;3"
"krd-8780","면목4치안센터","37.574156430","127.080034500","878","중랑","중랑","556","0|||","0|","","","-1","1;1;1;1;1;2;3"
"krd-8790","겸재삼거리","37.590539170","127.097392600","879","중랑","중랑","1750","0|||","0|","","","-1","1;1;1;1;1;2;3"
"krd-8791","겸재삼거리(연등)","37.590337460","127.096211200","879","중랑","중랑","1750","0|||","0|","","","-1","1;1;1;1;1;2;3"
"krd-8800","중랑전화국","37.591319790","127.080108500","880","중랑","중랑","661","0|||","0|","","","-1","1;1;1;1;1;2;3"
"krd-8810","면목2동","37.586652840","127.079895400","881","중랑","중랑","661","0|||","0|","","","-1","1;1;1;1;1;2;3"
"krd-8820","면동초교","37.584640630","127.088421400","882","중랑","중랑","709","0|||","0|","","","-1","1;1;1;1;1;2;3"
"krd-8830","묵2동","37.608234770","127.078213800","883","중랑","중랑","325","0|||","0|","","","-1","1;1;1;1;1;2;3"
"krd-8831","묵2동(연등)","37.609657960","127.077954200","883","중랑","중랑","325","0|||","0|","","","-1","1;1;1;1;1;2;3"
"krd-8850","하계실버센터","37.633469940","127.064313600","885","노원","노원","319","0|||","0|","","","-1","1;1;1;1;1;2;3"
"krd-8860","염광여상","37.625765320","127.052017500","886","노원","노원","151","0|||","0|","","","-1","1;1;1;1;1;2;3"
"krd-8861","염광여상(연등)","37.626228930","127.052691200","886","노원","노원","151","0|||","0|","","","-1","1;1;1;1;1;2;3"
"krd-8870","월계한진아파트","37.617798770","127.069986200","887","노원","노원","1679","0|||","0|","","","-1","1;1;1;1;1;2;3"
"krd-8880","월계대동아파트","37.621220510","127.059190600","888","노원","노원","735","0|||","0|","","","-1","1;1;1;1;1;2;3"
"krd-8890","진관119안전센터","37.628750590","126.919372700","889","은평","은평","428","0|||","0|","","","-1","1;1;1;1;1;2;3"
"krd-8900","어린이교통공원","37.644900640","127.061649600","890","노원","노원","1881","0|||","0|","","","-1","1;1;1;1;1;2;3"
"krd-8910","노원여성발전센터","37.642922240","127.062410700","891","노원","노원","1692","0|||","0|","","","-1","1;1;1;1;1;2;3"
"krd-8920","불암초교","37.650533060","127.081098300","892","노원","노원","216","0|||","0|","","","-1","1;1;1;1;1;2;3"
"krd-8921","불암초교(연등)","37.649619160","127.080959200","892","노원","노원","216","0|||","0|","","","-1","1;1;1;1;1;2;3"
"krd-8930","공릉삼익아파트404동앞","37.629274550","127.073560400","893","노원","노원","1718","0|||","0|","","","-1","1;1;1;1;1;2;3"
"krd-8940","방학성원아파트","37.662559660","127.034730200","894","도봉","도봉","1687","0|||","0|","","","-1","1;1;1;1;1;2;3"
"krd-8941","방학성원아파트(연등)1","37.662342780","127.033051600","894","도봉","도봉","1687","0|||","0|","","","-1","1;1;1;1;1;2;3"
"krd-8942","방학성원아파트(연등)2","37.661464180","127.034828300","894","도봉","도봉","1687","0|||","0|","","","-1","1;1;1;1;1;2;3"
"krd-8950","도봉문화정보도서관","37.644327440","127.044564200","895","도봉","도봉","1762","0|||","0|","","","-1","1;1;1;1;1;2;3"
"krd-8960","수락산역","37.678310730","127.055324400","896","노원","노원","298","0|||","0|","","","-1","1;1;1;1;1;2;3"
"krd-8970","도봉청소년도서관","37.664237220","127.046535600","897","도봉","도봉","628","0|||","0|","","","-1","1;1;1;1;1;2;3"
"krd-8980","상계119안전센터","37.654645590","127.071829500","898","노원","노원","670","0|||","0|","","","-1","1;1;1;1;1;2;3"
"krd-8981","상계119안전센터(연등)","37.655197640","127.071885500","898","노원","노원","670","0|||","0|","","","-1","1;1;1;1;1;2;3"
"krd-8990","상계백병원","37.648983960","127.062137700","899","노원","노원","310","0|||","0|","","","-1","1;1;1;1;1;2;3"
"krd-9000","청호맨션","37.590448060","127.085276900","900","중랑","중랑","581","0|||","0|","","","-1","1;1;1;1;1;2;3"
"krd-9010","면목본동파출소","37.588024850","127.094224600","901","중랑","중랑","1750","0|||","0|","","","-1","1;1;1;1;1;2;3"
"krd-9020","중랑구청사거리","37.606884620","127.095258800","902","중랑","중랑","341","0|||","0|","","","-1","1;1;1;1;1;2;3"
"krd-9030","두산대림아파트","37.618928020","127.087832100","903","중랑","중랑","567","0|||","0|","","","-1","1;1;1;1;1;2;3"
"krd-9040","혜원여중고후문","37.592051130","127.093421600","904","중랑","중랑","1750","0|||","0|","","","-1","1;1;1;1;1;2;3"
"krd-9050","능산지하차도","37.605777760","127.100871300","905","중랑","중랑","212","0|||","0|","","","-1","1;1;1;1;1;2;3"
"krd-9060","신내동성아파트","37.608046780","127.098822700","906","중랑","중랑","341","0|||","0|","","","-1","1;1;1;1;1;2;3"
"krd-9061","신내동성아파트(연등)1","37.607878380","127.097885600","906","중랑","중랑","341","0|||","0|","","","-1","1;1;1;1;1;2;3"
"krd-9062","신내동성아파트(연등)2","37.607544230","127.096745300","906","중랑","중랑","341","0|||","0|","","","-1","1;1;1;1;1;2;3"
"krd-9070","중흥초교","37.601879270","127.083635700","907","중랑","중랑","325","0|||","0|","","","-1","1;1;1;1;1;2;3"
"krd-9071","중흥초교(연등)","37.601633400","127.081173100","907","중랑","중랑","325","0|||","0|","","","-1","1;1;1;1;1;2;3"
"krd-9080","장위우체국","37.612462520","127.055319400","908","종암","종암","83","0|||","0|","","","-1","1;1;1;1;1;2;3"
"krd-9090","신창교","37.633263400","127.039522300","909","도봉","도봉","1646","0|||","0|","","","-1","1;1;1;1;1;2;3"
"krd-9091","신창교(연등)","37.633552040","127.040130600","909","도봉","도봉","1646","0|||","0|","","","-1","1;1;1;1;1;2;3"
"krd-9100","동진빌딩","37.576367890","127.025521600","910","동대문","동대문","176","0|||","0|","","","-1","1;1;1;1;1;2;3"
"krd-9110","면목동신교회","37.580974960","127.085343800","911","중랑","중랑","661","0|||","0|","","","-1","1;1;1;1;1;2;3"
"krd-9120","송곡관광고","37.606321470","127.105908800","912","중랑","중랑","1889","0|||","0|","","","-1","1;1;1;1;1;2;3"
"krd-9130","수경빌딩","37.580855770","127.086662600","913","중랑","중랑","661","0|||","0|","","","-1","1;1;1;1;1;2;3"
"krd-9160","도봉산성당","37.687393310","127.044424700","916","도봉","도봉","60","0|||","0|","","","-1","1;1;1;1;1;2;3"
"krd-9170","조계사앞","37.572011940","126.983020800","917","종로","종로","514","0|||","0|","","","-1","1;1;1;1;1;2;3"
"krd-9180","성산동대한빌딩","37.555830740","126.915057900","918","마포","마포","141","0|||","0|","","","-1","1;1;1;1;1;2;3"
"krd-9220","동곡삼거리","37.564216570","127.076461800","922","광진","광진","556","0|||","0|","","","-1","1;1;1;1;1;2;3"
"krd-9221","동곡삼거리(연등)","37.562096950","127.075262200","922","광진","광진","556","0|||","0|","","","-1","1;1;1;1;1;2;3"
"krd-9290","농협신설동지점","37.574824390","127.021378300","929","혜화","혜화","176","0|||","0|","","","-1","1;1;1;1;1;2;3"
"krd-9320","성바오로병원","37.579308590","127.042430700","932","동대문","동대문","1764","0|||","0|","","","-1","1;1;1;1;1;2;3"
"krd-9330","휘경여중","37.582928520","127.068423100","933","동대문","동대문","266","0|||","0|","","","-1","1;1;1;1;1;2;3"
"krd-9340","신한은행신설지점","37.574511570","127.023283400","934","동대문","동대문","176","0|||","0|","","","-1","1;1;1;1;1;2;3"
"krd-9360","광장사거리","37.545082400","127.104294200","936","광진","광진","1744","0|||","0|","","","-1","1;1;1;1;1;2;3"
"krd-9361","광장사거리(연등)","37.545698500","127.102440000","936","광진","광진","1744","0|||","0|","","","-1","1;1;1;1;1;2;3"
"krd-9370","불광삼익아파트","37.620294790","126.932040100","937","은평","은평","588","0|||","0|","","","-1","1;1;1;1;1;2;3"
"krd-9380","오장동사거리","37.564631390","127.002445700","938","중부","중부","188","0|||","0|","","","-1","1;1;1;1;1;2;3"
"krd-9381","오장동사거리(연등)","37.565619650","127.002356200","938","중부","중부","188","0|||","0|","","","-1","1;1;1;1;1;2;3"
"krd-9420","명성학원","37.601205560","126.931788400","942","서부","서부","573","0|||","0|","","","-1","1;1;1;1;1;2;3"
"krd-9430","충암고교","37.585678540","126.922764900","943","서부","서부","1957","0|||","0|","","","-1","1;1;1;1;1;2;3"
"krd-9431","충암고교(연등)1","37.586328470","126.921985300","943","서부","서부","1957","0|||","0|","","","-1","1;1;1;1;1;2;3"
"krd-9432","충암고교(연등)2","37.586390000","126.922840400","943","서부","서부","1957","0|||","0|","","","-1","1;1;1;1;1;2;3"
"krd-9440","신진학원","37.597708980","126.920338600","944","서부","서부","614","0|||","0|","","","-1","1;1;1;1;1;2;3"
"krd-9441","신진학원(연등)","37.598488500","126.920909200","944","서부","서부","614","0|||","0|","","","-1","1;1;1;1;1;2;3"
"krd-9450","응암시장","37.593870890","126.918056200","945","서부","서부","614","0|||","0|","","","-1","1;1;1;1;1;2;3"
"krd-9710","국민은행장위","37.613599870","127.048978400","971","종암","종암","1044","0|||","0|","","","-1","1;1;1;1;1;2;3"
"krd-9800","롯데마트서울역","37.555081880","126.969006300","980","남대문","남대문","1826","0|||","0|","","","-1","1;1;1;1;1;2;3"
"krd-9801","롯데마트서울역(연등)","37.554886960","126.967766000","980","남대문","남대문","1826","0|||","0|","","","-1","1;1;1;1;1;2;3"
"krd-9810","한양701동","37.656280560","127.033094700","981","도봉","도봉","1665","0|||","0|","","","-1","1;1;1;1;1;2;3"
"krd-9840","흥국사","37.657001070","126.942108400","984","은평","은평","181","0|||","0|","","","-1","1;1;1;1;1;2;3"
"krd-9850","한성대입구역","37.588493640","127.006213000","985","성북","성북","362","0|||","0|","","","-1","1;1;1;1;1;2;3"
"krd-9851","한성대입구역(연등)1","37.588166620","127.006652400","985","성북","성북","362","0|||","0|","","","-1","1;1;1;1;1;2;3"
"krd-9852","한성대입구역(연등)2","37.587724600","127.004137900","985","성북","성북","362","0|||","0|","","","-1","1;1;1;1;1;2;3"
"krd-10390","만복기사식당","37.555465410","126.899899100","1039","마포","마포","107","0|||","0|","","","-1","1;1;1;1;1;2;3"
"krd-10430","청계9가","37.570085230","127.030350800","1043","동대문","동대문","636","0|||","0|","","","-1","1;1;1;1;1;2;3"
"krd-10431","청계9가(연등)1","37.569560950","127.030294900","1043","동대문","동대문","636","0|||","0|","","","-1","1;1;1;1;1;2;3"
"krd-10432","청계9가(연등)2","37.571212870","127.030445800","1043","동대문","동대문","636","0|||","0|","","","-1","1;1;1;1;1;2;3"
"krd-10530","성북경찰서","37.589948050","127.015395200","1053","성북","성북","213","0|||","0|","","","-1","1;1;1;1;1;2;3"
"krd-10531","성북경찰서(연등)","37.589323270","127.016191700","1053","성북","성북","213","0|||","0|","","","-1","1;1;1;1;1;2;3"
"krd-10540","신성미소지음아파트","37.569610610","127.044752800","1054","성동","성동","241","0|||","0|","","","-1","1;1;1;1;1;2;3"
"krd-10570","삼성아파트삼거리","37.543313730","127.102298000","1057","광진","광진","175","0|||","0|","","","-1","1;1;1;1;1;2;3"
"krd-10571","삼성아파트삼거리(연등)1","37.542951120","127.101283700","1057","광진","광진","175","0|||","0|","","","-1","1;1;1;1;1;2;3"
"krd-10572","삼성아파트삼거리(연등)2","37.543870360","127.103162500","1057","광진","광진","175","0|||","0|","","","-1","1;1;1;1;1;2;3"
"krd-10580","올림픽대교북단","37.541158280","127.095843000","1058","광진","광진","620","0|||","0|","","","-1","1;1;1;1;1;2;3"
"krd-10590","구의사거리","37.545081550","127.085301000","1059","광진","광진","253","0|||","0|","","","-1","1;1;1;1;1;2;3"
"krd-10600","숭미파출소","37.647244590","127.025679500","1060","도봉","도봉","124","0|||","0|","","","-1","1;1;1;1;1;2;3"
"krd-10610","이광언내과","37.645778870","127.024472200","1061","강북","강북","124","0|||","0|","","","-1","1;1;1;1;1;2;3"
"krd-10611","이광언내과(연등)1","37.644679430","127.023560700","1061","강북","강북","124","0|||","0|","","","-1","1;1;1;1;1;2;3"
"krd-10612","이광언내과(연등)2","37.646352490","127.024940300","1061","강북","강북","124","0|||","0|","","","-1","1;1;1;1;1;2;3"
"krd-10620","광산사거리","37.643182010","127.022334800","1062","강북","강북","124","0|||","0|","","","-1","1;1;1;1;1;2;3"
"krd-10621","광산사거리(연등)","37.643990730","127.021248000","1062","강북","강북","124","0|||","0|","","","-1","1;1;1;1;1;2;3"
"krd-10630","번동사거리","37.635476270","127.033831700","1063","강북","강북","324","0|||","0|","","","-1","1;1;1;1;1;2;3"
"krd-10640","하계3단지","37.627616650","127.069254300","1064","노원","노원","1691","0|||","0|","","","-1","1;1;1;1;1;2;3"
"krd-10650","상봉시장","37.592706300","127.086479900","1065","중랑","중랑","243","0|||","0|","","","-1","1;1;1;1;1;2;3"
"krd-10651","상봉시장(연등)","37.591900040","127.086179700","1065","중랑","중랑","243","0|||","0|","","","-1","1;1;1;1;1;2;3"
"krd-10660","우리은행중화","37.605372130","127.078730900","1066","중랑","중랑","325","0|||","0|","","","-1","1;1;1;1;1;2;3"
"krd-10670","대주아파트앞","37.621676740","127.071749600","1067","노원","노원","1693","0|||","0|","","","-1","1;1;1;1;1;2;3"
"krd-10680","신내차량기지","37.612960900","127.101328600","1068","중랑","중랑","212","0|||","0|","","","-1","1;1;1;1;1;2;3"
"krd-10681","신내차량기지(연등)","37.613846970","127.101415300","1068","중랑","중랑","212","0|||","0|","","","-1","1;1;1;1;1;2;3"
"krd-10690","동일로지하차도","37.595006960","127.080273700","1069","중랑","중랑","1726","0|||","0|","","","-1","1;1;1;1;1;2;3"
"krd-10700","석관지구대앞","37.611004170","127.062616700","1070","종암","종암","320","0|||","0|","","","-1","1;1;1;1;1;2;3"
"krd-10710","광운대입구","37.616946170","127.056414100","1071","종암","종암","320","0|||","0|","","","-1","1;1;1;1;1;2;3"
"krd-10711","광운대입구(연등)","37.617290660","127.056581100","1071","종암","종암","320","0|||","0|","","","-1","1;1;1;1;1;2;3"
"krd-10730","서울과학기술대입구","37.628911910","127.071341900","1073","노원","노원","53","0|||","0|","","","-1","1;1;1;1;1;2;3"
"krd-10740","노원자동차검사소","37.637922870","127.072407500","1074","노원","노원","319","0|||","0|","","","-1","1;1;1;1;1;2;3"
"krd-10741","노원자동차검사소(연등)","37.638065230","127.073800300","1074","노원","노원","319","0|||","0|","","","-1","1;1;1;1;1;2;3"
"krd-10750","중계경남아파트","37.643585020","127.064780800","1075","노원","노원","310","0|||","0|","","","-1","1;1;1;1;1;2;3"
"krd-10760","경남아파트101동","37.561201900","126.955933900","1076","서대문","서대문","713","0|||","0|","","","-1","1;1;1;1;1;2;3"
"krd-10770","중계역","37.645561600","127.063893200","1077","노원","노원","310","0|||","0|","","","-1","1;1;1;1;1;2;3"
"krd-10771","중계역(연등)","37.647086410","127.063107300","1077","노원","노원","310","0|||","0|","","","-1","1;1;1;1;1;2;3"
"krd-10780","북성초교앞","37.559085460","126.953569600","1078","서대문","서대문","1931","0|||","0|","","","-1","1;1;1;1;1;2;3"
"krd-10781","북성초교앞(연등)1","37.558778210","126.952964200","1078","서대문","서대문","1931","0|||","0|","","","-1","1;1;1;1;1;2;3"
"krd-10782","북성초교앞(연등)2","37.558594020","126.954645400","1078","서대문","서대문","1931","0|||","0|","","","-1","1;1;1;1;1;2;3"
"krd-10790","아현중앙교회","37.557713000","126.951923400","1079","서대문","서대문","1931","0|||","0|","","","-1","1;1;1;1;1;2;3"
"krd-10791","아현중앙교회(연등)","37.558182150","126.951909500","1079","서대문","서대문","1931","0|||","0|","","","-1","1;1;1;1;1;2;3"
"krd-10810","창동역","37.653923110","127.050598100","1081","도봉","도봉","577","0|||","0|","","","-1","1;1;1;1;1;2;3"
"krd-10820","리치다이아몬드호텔","37.647864000","127.015796200","1082","강북","강북","124","0|||","0|","","","-1","1;1;1;1;1;2;3"
"krd-10840","응암수협은행","37.587277410","126.920722100","1084","서부","서부","273","0|||","0|","","","-1","1;1;1;1;1;2;3"
"krd-10850","삼양중앙감리교회앞","37.618674230","127.015448200","1085","강북","강북","278","0|||","0|","","","-1","1;1;1;1;1;2;3"
"krd-10860","수유시장앞","37.630664850","127.024436300","1086","강북","강북","58","0|||","0|","","","-1","1;1;1;1;1;2;3"
"krd-10890","노해근린공원","37.649192230","127.069566400","1089","노원","노원","309","0|||","0|","","","-1","1;1;1;1;1;2;3"
"krd-10891","노해근린공원(연등)","37.647724250","127.070034000","1089","노원","노원","309","0|||","0|","","","-1","1;1;1;1;1;2;3"
"krd-10900","하계중","37.640247520","127.073152800","1090","노원","노원","309","0|||","0|","","","-1","1;1;1;1;1;2;3"
"krd-10930","서울의숲입구","37.545464250","127.043483500","1093","성동","성동","18","0|||","0|","","","-1","1;1;1;1;1;2;3"
"krd-10931","서울의숲입구(연등)1","37.545029200","127.043318900","1093","성동","성동","18","0|||","0|","","","-1","1;1;1;1;1;2;3"
"krd-10932","서울의숲입구(연등)2","37.543887830","127.042816000","1093","성동","성동","18","0|||","0|","","","-1","1;1;1;1;1;2;3"
"krd-10940","응암오거리","37.590103580","126.917207100","1094","서부","서부","614","0|||","0|","","","-1","1;1;1;1;1;2;3"
"krd-10941","응암오거리(연등)","37.589139420","126.918465800","1094","서부","서부","614","0|||","0|","","","-1","1;1;1;1;1;2;3"
"krd-10950","신사동고개삼거리","37.597830530","126.910146900","1095","서부","서부","1442","0|||","0|","","","-1","1;1;1;1;1;2;3"
"krd-10951","신사동고개삼거리(연등)","37.599041810","126.910177000","1095","서부","서부","1442","0|||","0|","","","-1","1;1;1;1;1;2;3"
"krd-10960","신사동고개사거리","37.596327910","126.909240800","1096","서부","서부","616","0|||","0|","","","-1","1;1;1;1;1;2;3"
"krd-10961","신사동고개사거리(연등)","37.596790910","126.908277000","1096","서부","서부","616","0|||","0|","","","-1","1;1;1;1;1;2;3"
"krd-11060","효문고","37.652611120","127.017351800","1106","도봉","도봉","559","0|||","0|","","","-1","1;1;1;1;1;2;3"
"krd-11070","유승약국","37.611028270","126.921757200","1107","은평","은평","260","0|||","0|","","","-1","1;1;1;1;1;2;3"
"krd-11071","유승약국(연등)","37.610261220","126.921632300","1107","은평","은평","260","0|||","0|","","","-1","1;1;1;1;1;2;3"
"krd-11080","역말사거리","37.605860490","126.915386700","1108","서부","서부","260","0|||","0|","","","-1","1;1;1;1;1;2;3"
"krd-11081","역말사거리(연등)","37.605795990","126.914492600","1108","서부","서부","260","0|||","0|","","","-1","1;1;1;1;1;2;3"
"krd-11090","서울혁신파크","37.608821070","126.931366400","1109","서부","서부","573","0|||","0|","","","-1","1;1;1;1;1;2;3"
"krd-11100","금호고교","37.553277090","127.022675200","1110","성동","성동","267","0|||","0|","","","-1","1;1;1;1;1;2;3"
"krd-11240","중계그린아파트","37.640446040","127.063546800","1124","노원","노원","1692","0|||","0|","","","-1","1;1;1;1;1;2;3"
"krd-11241","중계그린아파트(연등)","37.641284910","127.063142500","1124","노원","노원","1692","0|||","0|","","","-1","1;1;1;1;1;2;3"
"krd-11270","삼각산아이원120동","37.616746840","127.018142000","1127","강북","강북","278","0|||","0|","","","-1","1;1;1;1;1;2;3"
"krd-11271","삼각산아이원120동(연등)","37.616212140","127.019002800","1127","강북","강북","278","0|||","0|","","","-1","1;1;1;1;1;2;3"
"krd-11280","삼각산아이원108동","37.616189730","127.017092900","1128","강북","강북","278","0|||","0|","","","-1","1;1;1;1;1;2;3"
"krd-11290","광진교북단삼거리","37.546676250","127.105742100","1129","광진","광진","204","0|||","0|","","","-1","1;1;1;1;1;2;3"
"krd-11300","광진교북단사거리","37.546501220","127.107563000","1130","광진","광진","204","0|||","0|","","","-1","1;1;1;1;1;2;3"
"krd-11310","중곡사거리","37.559409830","127.087630700","1131","광진","광진","1771","0|||","0|","","","-1","1;1;1;1;1;2;3"
"krd-11311","중곡사거리(연등)1","37.558646920","127.087773400","1131","광진","광진","1771","0|||","0|","","","-1","1;1;1;1;1;2;3"
"krd-11312","중곡사거리(연등)2","37.557732510","127.087914200","1131","광진","광진","1771","0|||","0|","","","-1","1;1;1;1;1;2;3"
"krd-11360","성동자활센터","37.545439920","127.015481900","1136","성동","성동","381","0|||","0|","","","-1","1;1;1;1;1;2;3"
"krd-11370","서울시설공단남단","37.571789570","127.037946600","1137","성동","성동","67","0|||","0|","","","-1","1;1;1;1;1;2;3"
"krd-11430","솔샘시장","37.619991470","127.018384200","1143","강북","강북","117","0|||","0|","","","-1","1;1;1;1;1;2;3"
"krd-11431","솔샘시장(연등)","37.619867010","127.019330700","1143","강북","강북","117","0|||","0|","","","-1","1;1;1;1;1;2;3"
"krd-11440","SK씨티아파트","37.620143240","127.015336200","1144","강북","강북","278","0|||","0|","","","-1","1;1;1;1;1;2;3"
"krd-11441","SK씨티아파트(연등)","37.620082580","127.016731600","1144","강북","강북","278","0|||","0|","","","-1","1;1;1;1;1;2;3"
"krd-11450","번동제일교회","37.635039340","127.028337000","1145","강북","강북","324","0|||","0|","","","-1","1;1;1;1;1;2;3"
"krd-11460","수락터미널","37.678503130","127.053611200","1146","노원","노원","729","0|||","0|","","","-1","1;1;1;1;1;2;3"
"krd-11510","해성교회","37.615051090","127.078553100","1151","중랑","중랑","294","0|||","0|","","","-1","1;1;1;1;1;2;3"
"krd-11511","해성교회(연등)1","37.614426490","127.078130500","1151","중랑","중랑","294","0|||","0|","","","-1","1;1;1;1;1;2;3"
"krd-11512","해성교회(연등)2","37.614183480","127.078037800","1151","중랑","중랑","294","0|||","0|","","","-1","1;1;1;1;1;2;3"
"krd-11530","다운교회앞","37.545706420","126.912535300","1153","마포","마포","1698","0|||","0|","","","-1","1;1;1;1;1;2;3"
"krd-11540","안암오거리","37.582694940","127.029520100","1154","성북","성북","731","0|||","0|","","","-1","1;1;1;1;1;2;3"
"krd-11541","안암오거리(연등)1","37.583092010","127.029536600","1154","성북","성북","731","0|||","0|","","","-1","1;1;1;1;1;2;3"
"krd-11542","안암오거리(연등)2","37.582412040","127.029608300","1154","성북","성북","731","0|||","0|","","","-1","1;1;1;1;1;2;3"
"krd-11543","안암오거리(연등)3","37.582667060","127.030010500","1154","성북","성북","731","0|||","0|","","","-1","1;1;1;1;1;2;3"
"krd-11544","안암오거리(연등)4","37.582039530","127.028592800","1154","성북","성북","731","0|||","0|","","","-1","1;1;1;1;1;2;3"
"krd-11550","성북1치안센터","37.590432700","127.004088700","1155","성북","성북","93","0|||","0|","","","-1","1;1;1;1;1;2;3"
"krd-11551","성북1치안센터(연등)","37.591555860","127.003289500","1155","성북","성북","93","0|||","0|","","","-1","1;1;1;1;1;2;3"
"krd-11580","삼양동사거리","37.619476090","127.021049400","1158","강북","강북","117","0|||","0|","","","-1","1;1;1;1;1;2;3"
"krd-11590","광남중고교입구","37.539267880","127.098367600","1159","광진","광진","268","0|||","0|","","","-1","1;1;1;1;1;2;3"
"krd-11591","광남중고교입구(연등)","37.538136500","127.097063500","1159","광진","광진","268","0|||","0|","","","-1","1;1;1;1;1;2;3"
"krd-11600","선화예고","37.547556380","127.088066900","1160","광진","광진","695","0|||","0|","","","-1","1;1;1;1;1;2;3"
"krd-11610","선덕고교입구","37.657699140","127.027804900","1161","도봉","도봉","1868","0|||","0|","","","-1","1;1;1;1;1;2;3"
"krd-11611","선덕고교입구(연등)","37.656721290","127.027860800","1161","도봉","도봉","1868","0|||","0|","","","-1","1;1;1;1;1;2;3"
"krd-11620","삼익세라믹아파트","37.658152490","127.035096600","1162","도봉","도봉","1868","0|||","0|","","","-1","1;1;1;1;1;2;3"
"krd-11621","삼익세라믹아파트(연등)","37.658109960","127.034256000","1162","도봉","도봉","1868","0|||","0|","","","-1","1;1;1;1;1;2;3"
"krd-11630","한양상가","37.657906460","127.031090200","1163","도봉","도봉","1868","0|||","0|","","","-1","1;1;1;1;1;2;3"
"krd-11631","한양상가(연등)1","37.657827870","127.029691200","1163","도봉","도봉","1868","0|||","0|","","","-1","1;1;1;1;1;2;3"
"krd-11632","한양상가(연등)2","37.658013520","127.032887900","1163","도봉","도봉","1868","0|||","0|","","","-1","1;1;1;1;1;2;3"
"krd-11640","한진그랑빌아파트","37.626602690","127.036851400","1164","강북","강북","330","0|||","0|","","","-1","1;1;1;1;1;2;3"
"krd-11641","한진그랑빌아파트(연등)1","37.627131930","127.037499100","1164","강북","강북","330","0|||","0|","","","-1","1;1;1;1;1;2;3"
"krd-11642","한진그랑빌아파트(연등)2","37.627564820","127.037953900","1164","강북","강북","330","0|||","0|","","","-1","1;1;1;1;1;2;3"
"krd-11650","먹골역","37.612244030","127.077431100","1165","중랑","중랑","325","0|||","0|","","","-1","1;1;1;1;1;2;3"
"krd-11651","먹골역(연등)1","37.613264150","127.077952000","1165","중랑","중랑","325","0|||","0|","","","-1","1;1;1;1;1;2;3"
"krd-11652","먹골역(연등)2","37.612066090","127.077804900","1165","중랑","중랑","325","0|||","0|","","","-1","1;1;1;1;1;2;3"
"krd-11653","먹골역(연등)3","37.611490440","127.077625300","1165","중랑","중랑","325","0|||","0|","","","-1","1;1;1;1;1;2;3"
"krd-11660","우림시장","37.595502440","127.100109400","1166","중랑","중랑","252","0|||","0|","","","-1","1;1;1;1;1;2;3"
"krd-11670","우리은행태릉역지점","37.615545460","127.076359900","1167","중랑","중랑","325","0|||","0|","","","-1","1;1;1;1;1;2;3"
"krd-11680","길음역","37.604259280","127.025181600","1168","종암","종암","547","0|||","0|","","","-1","1;1;1;1;1;2;3"
"krd-11681","길음역(연등)1","37.604638560","127.024885100","1168","종암","종암","547","0|||","0|","","","-1","1;1;1;1;1;2;3"
"krd-11682","길음역(연등)2","37.603954340","127.024644300","1168","종암","종암","547","0|||","0|","","","-1","1;1;1;1;1;2;3"
"krd-11690","송중동주민센터","37.616534150","127.033411000","1169","강북","강북","350","0|||","0|","","","-1","1;1;1;1;1;2;3"
"krd-11720","공릉역","37.625608850","127.073006900","1172","노원","노원","53","0|||","0|","","","-1","1;1;1;1;1;2;3"
"krd-11721","공릉역(연등)1","37.626067690","127.072774800","1172","노원","노원","53","0|||","0|","","","-1","1;1;1;1;1;2;3"
"krd-11722","공릉역(연등)2","37.626081830","127.074109800","1172","노원","노원","53","0|||","0|","","","-1","1;1;1;1;1;2;3"
"krd-11730","노원구청","37.653653280","127.057601800","1173","노원","노원","1921","0|||","0|","","","-1","1;1;1;1;1;2;3"
"krd-11740","창원초교","37.651757070","127.041585600","1174","도봉","도봉","587","0|||","0|","","","-1","1;1;1;1;1;2;3"
"krd-11741","창원초교(연등)1","37.652274940","127.041379900","1174","도봉","도봉","587","0|||","0|","","","-1","1;1;1;1;1;2;3"
"krd-11742","창원초교(연등)2","37.651381610","127.043885800","1174","도봉","도봉","587","0|||","0|","","","-1","1;1;1;1;1;2;3"
"krd-11800","당고개입구오거리","37.662507810","127.075859800","1180","노원","노원","1686","0|||","0|","","","-1","1;1;1;1;1;2;3"
"krd-11801","당고개입구오거리(연등)","37.662754310","127.075442500","1180","노원","노원","1686","0|||","0|","","","-1","1;1;1;1;1;2;3"
"krd-11810","불암지구대","37.652220420","127.077584900","1181","노원","노원","304","0|||","0|","","","-1","1;1;1;1;1;2;3"
"krd-11811","불암지구대(연등)","37.653391090","127.078171700","1181","노원","노원","304","0|||","0|","","","-1","1;1;1;1;1;2;3"
"krd-11820","상계3치안센터","37.663532320","127.075538600","1182","노원","노원","1686","0|||","0|","","","-1","1;1;1;1;1;2;3"
"krd-11840","신계초교","37.629959810","127.054057500","1184","노원","노원","211","0|||","0|","","","-1","1;1;1;1;1;2;3"
"krd-11850","월계초교","37.627722350","127.049943600","1185","노원","노원","687","0|||","0|","","","-1","1;1;1;1;1;2;3"
"krd-11860","트리마제앞","37.539219610","127.046523800","1186","성동","성동","1639","0|||","0|","","","-1","1;1;1;1;1;2;3"
"krd-11861","트리마제앞(연등)","37.539436060","127.045891300","1186","성동","성동","1639","0|||","0|","","","-1","1;1;1;1;1;2;3"
"krd-11870","본서부병원","37.600452950","126.922284400","1187","서부","서부","423","0|||","0|","","","-1","1;1;1;1;1;2;3"
"krd-11871","본서부병원(연등)1","37.600216900","126.921065400","1187","서부","서부","423","0|||","0|","","","-1","1;1;1;1;1;2;3"
"krd-11872","본서부병원(연등)2","37.601575580","126.922433200","1187","서부","서부","423","0|||","0|","","","-1","1;1;1;1;1;2;3"
"krd-11880","녹번초교","37.603528990","126.925401900","1188","서부","서부","169","0|||","0|","","","-1","1;1;1;1;1;2;3"
"krd-11881","녹번초교(연등)","37.604801780","126.924231700","1188","서부","서부","169","0|||","0|","","","-1","1;1;1;1;1;2;3"
"krd-11890","쌍한교","37.644818710","127.028460000","1189","도봉","도봉","469","0|||","0|","","","-1","1;1;1;1;1;2;3"
"krd-11891","쌍한교(연등)1","37.645302430","127.027902300","1189","도봉","도봉","469","0|||","0|","","","-1","1;1;1;1;1;2;3"
"krd-11892","쌍한교(연등)2","37.644484710","127.028992700","1189","도봉","도봉","469","0|||","0|","","","-1","1;1;1;1;1;2;3"
"krd-11893","쌍한교(연등)3","37.644074030","127.029642500","1189","도봉","도봉","469","0|||","0|","","","-1","1;1;1;1;1;2;3"
"krd-11910","우이동길마을마당","37.639792300","127.017046900","1191","강북","강북","659","0|||","0|","","","-1","1;1;1;1;1;2;3"
"krd-11960","성북어린이집","37.589565650","127.006232100","1196","성북","성북","505","0|||","0|","","","-1","1;1;1;1;1;2;3"
"krd-11970","신도고교","37.630478480","126.919254600","1197","은평","은평","428","0|||","0|","","","-1","1;1;1;1;1;2;3"
"krd-11980","한국환경산업기술원","37.609527410","126.932997500","1198","은평","은평","573","0|||","0|","","","-1","1;1;1;1;1;2;3"
"krd-11981","한국환경산업기술원(연등)","37.609673210","126.935341700","1198","은평","은평","573","0|||","0|","","","-1","1;1;1;1;1;2;3"
"krd-11990","영보빌딩은평","37.616420740","126.918836500","1199","은평","은평","260","0|||","0|","","","-1","1;1;1;1;1;2;3"
"krd-12000","월계어린이집","37.620677180","127.062857500","1200","노원","노원","736","0|||","0|","","","-1","1;1;1;1;1;2;3"
"krd-12001","월계어린이집(연등)","37.619613390","127.063344600","1200","노원","노원","736","0|||","0|","","","-1","1;1;1;1;1;2;3"
"krd-12060","삼각산고입구","37.614429790","127.022211900","1206","강북","강북","292","0|||","0|","","","-1","1;1;1;1;1;2;3"
"krd-12140","길음지구대앞","37.610828050","127.018589300","1214","성북","성북","564","0|||","0|","","","-1","1;1;1;1;1;2;3"
"krd-12141","길음지구대앞(연등)","37.610924010","127.019783300","1214","성북","성북","564","0|||","0|","","","-1","1;1;1;1;1;2;3"
"krd-12150","길음뉴타운2단지","37.612309300","127.017638800","1215","성북","성북","548","0|||","0|","","","-1","1;1;1;1;1;2;3"
"krd-12160","공릉도서관","37.621816380","127.072632800","1216","노원","노원","280","0|||","0|","","","-1","1;1;1;1;1;2;3"
"krd-12170","역촌시장","37.612417250","126.915330400","1217","은평","은평","674","0|||","0|","","","-1","1;1;1;1;1;2;3"
"krd-12180","양원역","37.606266340","127.107985800","1218","중랑","중랑","1704","0|||","0|","","","-1","1;1;1;1;1;2;3"
"krd-12190","홍대역2번출구","37.556795350","126.923670900","1219","마포","마포","540","0|||","0|","","","-1","1;1;1;1;1;2;3"
"krd-12191","홍대역2번출구(연등)","37.557128080","126.924162700","1219","마포","마포","540","0|||","0|","","","-1","1;1;1;1;1;2;3"
"krd-12200","금란조경","37.662688930","127.021613200","1220","도봉","도봉","1710","0|||","0|","","","-1","1;1;1;1;1;2;3"
"krd-12220","망우금호아파트","37.600396940","127.109585300","1222","중랑","중랑","316","0|||","0|","","","-1","1;1;1;1;1;2;3"
"krd-12230","삼부그린체육센터","37.606879310","127.100959200","1223","중랑","중랑","212","0|||","0|","","","-1","1;1;1;1;1;2;3"
"krd-12240","망우역","37.598175110","127.092766400","1224","중랑","중랑","1726","0|||","0|","","","-1","1;1;1;1;1;2;3"
"krd-12250","코스트코상봉","37.597684840","127.090622500","1225","중랑","중랑","1726","0|||","0|","","","-1","1;1;1;1;1;2;3"
"krd-12260","상봉지하차도","37.597078740","127.088096300","1226","중랑","중랑","1726","0|||","0|","","","-1","1;1;1;1;1;2;3"
"krd-12270","소망약국","37.594588260","127.085998100","1227","중랑","중랑","1726","0|||","0|","","","-1","1;1;1;1;1;2;3"
"krd-12280","상봉역","37.596328420","127.085498900","1228","중랑","중랑","1726","0|||","0|","","","-1","1;1;1;1;1;2;3"
"krd-12281","상봉역(연등)","37.596514860","127.086201100","1228","중랑","중랑","1726","0|||","0|","","","-1","1;1;1;1;1;2;3"
"krd-12290","서울중랑우체국","37.595782350","127.083474900","1229","중랑","중랑","1726","0|||","0|","","","-1","1;1;1;1;1;2;3"
"krd-12300","우리은행중랑교지점","37.593680490","127.075025100","1230","중랑","중랑","1726","0|||","0|","","","-1","1;1;1;1;1;2;3"
"krd-12310","유수지주차장","37.581136480","127.083366400","1231","중랑","중랑","661","0|||","0|","","","-1","1;1;1;1;1;2;3"
"krd-12311","유수지주차장(연등)","37.582350660","127.083826100","1231","중랑","중랑","661","0|||","0|","","","-1","1;1;1;1;1;2;3"
"krd-12320","남가좌아이파크102동","37.575150900","126.921582400","1232","서대문","서대문","1723","0|||","0|","","","-1","1;1;1;1;1;2;3"
"krd-12321","남가좌아이파크102동(연등)","37.576275500","126.920729200","1232","서대문","서대문","1723","0|||","0|","","","-1","1;1;1;1;1;2;3"
"krd-12330","대림한숲아파트","37.586232690","126.900515500","1233","서부","서부","323","0|||","0|","","","-1","1;1;1;1;1;2;3"
"krd-12331","대림한숲아파트(연등)","37.586027580","126.900217700","1233","서부","서부","323","0|||","0|","","","-1","1;1;1;1;1;2;3"
"krd-12340","금호초교","37.552938460","127.019425500","1234","성동","성동","727","0|||","0|","","","-1","1;1;1;1;1;2;3"
"krd-12350","옥수역","37.541398420","127.017458600","1235","성동","성동","733","0|||","0|","","","-1","1;1;1;1;1;2;3"
"krd-12360","미아초교입구","37.611308790","127.022226400","1236","강북","강북","336","0|||","0|","","","-1","1;1;1;1;1;2;3"
"krd-12361","미아초교입구(연등)","37.611174520","127.021421900","1236","강북","강북","336","0|||","0|","","","-1","1;1;1;1;1;2;3"
"krd-12370","서울숲입구","37.541814840","127.044276200","1237","성동","성동","551","0|||","0|","","","-1","1;1;1;1;1;2;3"
"krd-12460","중계주공3단지","37.656724410","127.074785700","1246","노원","노원","583","0|||","0|","","","-1","1;1;1;1;1;2;3"
"krd-12480","대조불광시장","37.608970630","126.927227200","1248","은평","은평","658","0|||","0|","","","-1","1;1;1;1;1;2;3"
"krd-12610","마포구청입구","37.565944630","126.902575000","1261","마포","마포","574","0|||","0|","","","-1","1;1;1;1;1;2;3"
"krd-12650","명덕유치원","37.609863430","127.022700900","1265","종암","종암","336","0|||","0|","","","-1","1;1;1;1;1;2;3"
"krd-12670","장석시장","37.615140300","127.058407800","1267","종암","종암","320","0|||","0|","","","-1","1;1;1;1;1;2;3"
"krd-12680","국민은행중화동지점","37.598112250","127.080126400","1268","중랑","중랑","325","0|||","0|","","","-1","1;1;1;1;1;2;3"
"krd-12690","면목한신아파트","37.585879190","127.076517700","1269","중랑","중랑","1623","0|||","0|","","","-1","1;1;1;1;1;2;3"
"krd-12691","면목한신아파트(연등)1","37.585636000","127.075331300","1269","중랑","중랑","1623","0|||","0|","","","-1","1;1;1;1;1;2;3"
"krd-12692","면목한신아파트(연등)2","37.586293470","127.078338200","1269","중랑","중랑","1623","0|||","0|","","","-1","1;1;1;1;1;2;3"
"krd-12710","일신건영102동","37.601273850","127.012057200","1271","성북","성북","1720","0|||","0|","","","-1","1;1;1;1;1;2;3"
"krd-12880","광진교북단","37.546103240","127.108995500","1288","광진","광진","204","0|||","0|","","","-1","1;1;1;1;1;2;3"
"krd-12881","광진교북단(연등)1","37.546171900","127.109075000","1288","광진","광진","204","0|||","0|","","","-1","1;1;1;1;1;2;3"
"krd-12882","광진교북단(연등)2","37.546224760","127.108083400","1288","광진","광진","204","0|||","0|","","","-1","1;1;1;1;1;2;3"
"krd-12890","성수SKV1센터","37.546892710","127.066656800","1289","광진","광진","424","0|||","0|","","","-1","1;1;1;1;1;2;3"
"krd-12900","용마사거리","37.562316720","127.082309500","1290","광진","광진","242","0|||","0|","","","-1","1;1;1;1;1;2;3"
"krd-12950","이경시장","37.594614000","127.064595900","1295","동대문","동대문","711","0|||","0|","","","-1","1;1;1;1;1;2;3"
"krd-12990","신양초교","37.535306210","127.068400500","1299","광진","광진","1717","0|||","0|","","","-1","1;1;1;1;1;2;3"
"krd-12991","신양초교(연등)","37.535559930","127.067478400","1299","광진","광진","1717","0|||","0|","","","-1","1;1;1;1;1;2;3"
"krd-13040","현대자동차면목","37.584816070","127.079815300","1304","중랑","중랑","661","0|||","0|","","","-1","1;1;1;1;1;2;3"
"krd-13041","현대자동차면목(연등)","37.583377310","127.079744500","1304","중랑","중랑","661","0|||","0|","","","-1","1;1;1;1;1;2;3"
"krd-13050","종월2교","37.597218670","127.041171200","1305","종암","종암","1721","0|||","0|","","","-1","1;1;1;1;1;2;3"
"krd-13060","중계브라운스톤","37.640678350","127.064420400","1306","노원","노원","1692","0|||","0|","","","-1","1;1;1;1;1;2;3"
"krd-13080","녹천초교","37.628150410","127.064312700","1308","노원","노원","98","0|||","0|","","","-1","1;1;1;1;1;2;3"
"krd-13081","녹천초교(연등)","37.627824970","127.063328300","1308","노원","노원","98","0|||","0|","","","-1","1;1;1;1;1;2;3"
"krd-13150","화랑대사거리","37.621520220","127.087195400","1315","노원","노원","71","0|||","0|","","","-1","1;1;1;1;1;2;3"
"krd-13200","미양중","37.623649560","127.012953700","1320","강북","강북","629","0|||","0|","","","-1","1;1;1;1;1;2;3"
"krd-13210","대광빌딩","37.642276100","127.023650900","1321","강북","강북","124","0|||","0|","","","-1","1;1;1;1;1;2;3"
"krd-13250","봉화삼거리","37.602933260","127.087098700","1325","중랑","중랑","1827","0|||","0|","","","-1","1;1;1;1;1;2;3"
"krd-13251","봉화삼거리(연등)1","37.603209950","127.087820000","1325","중랑","중랑","1827","0|||","0|","","","-1","1;1;1;1;1;2;3"
"krd-13252","봉화삼거리(연등)2","37.603364090","127.088491200","1325","중랑","중랑","1827","0|||","0|","","","-1","1;1;1;1;1;2;3"
"krd-13260","대승빌딩","37.571362860","127.083396400","1326","중랑","중랑","556","0|||","0|","","","-1","1;1;1;1;1;2;3"
"krd-13261","대승빌딩(연등)","37.571582500","127.081447100","1326","중랑","중랑","556","0|||","0|","","","-1","1;1;1;1;1;2;3"
"krd-13270","태릉시장","37.599561490","127.079904400","1327","중랑","중랑","325","0|||","0|","","","-1","1;1;1;1;1;2;3"
"krd-13280","인덕대학입구","37.628620210","127.056650300","1328","노원","노원","211","0|||","0|","","","-1","1;1;1;1;1;2;3"
"krd-13290","체육과학연구원","37.635383520","127.105807200","1329","노원","노원","657","0|||","0|","","","-1","1;1;1;1;1;2;3"
"krd-13320","월곡1동축협","37.605928250","127.036948400","1332","종암","종암","705","0|||","0|","","","-1","1;1;1;1;1;2;3"
"krd-13321","월곡1동축협(연등)","37.606513540","127.036792600","1332","종암","종암","705","0|||","0|","","","-1","1;1;1;1;1;2;3"
"krd-13330","안암초교입구","37.586497170","127.023687200","1333","성북","성북","170","0|||","0|","","","-1","1;1;1;1;1;2;3"
"krd-13331","안암초교입구(연등)","37.586958150","127.023481400","1333","성북","성북","170","0|||","0|","","","-1","1;1;1;1;1;2;3"
"krd-13340","풍천장어","37.591145170","126.915906600","1334","서부","서부","614","0|||","0|","","","-1","1;1;1;1;1;2;3"
"krd-13370","보험연수원앞","37.586420840","127.018789200","1337","성북","성북","213","0|||","0|","","","-1","1;1;1;1;1;2;3"
"krd-13430","농협창동유통센터","37.654431460","127.053209700","1343","도봉","도봉","1921","0|||","0|","","","-1","1;1;1;1;1;2;3"
"krd-13440","방학신동아아파트","37.661774430","127.027570400","1344","도봉","도봉","1687","0|||","0|","","","-1","1;1;1;1;1;2;3"
"krd-13450","초당초교","37.657463120","127.022822000","1345","도봉","도봉","1868","0|||","0|","","","-1","1;1;1;1;1;2;3"
"krd-13460","신도봉시장","37.671242900","127.040950800","1346","도봉","도봉","209","0|||","0|","","","-1","1;1;1;1;1;2;3"
"krd-13461","신도봉시장(연등)","37.671291110","127.042466600","1346","도봉","도봉","209","0|||","0|","","","-1","1;1;1;1;1;2;3"
"krd-13470","번3동주민센터","37.626550320","127.047488900","1347","강북","강북","320","0|||","0|","","","-1","1;1;1;1;1;2;3"
"krd-13480","강북문화예술회관","37.640342790","127.013794600","1348","강북","강북","689","0|||","0|","","","-1","1;1;1;1;1;2;3"
"krd-13481","강북문화예술회관(연등)","37.640448510","127.014282600","1348","강북","강북","689","0|||","0|","","","-1","1;1;1;1;1;2;3"
"krd-13500","소년의집입구","37.599865290","126.926731200","1350","서부","서부","621","0|||","0|","","","-1","1;1;1;1;1;2;3"
"krd-13501","소년의집입구(연등)","37.600638560","126.926973400","1350","서부","서부","621","0|||","0|","","","-1","1;1;1;1;1;2;3"
"krd-13510","증산시장","37.581326480","126.904528500","1351","서부","서부","1938","0|||","0|","","","-1","1;1;1;1;1;2;3"
"krd-13520","신성아파트101동","37.592171970","126.906500100","1352","서부","서부","1945","0|||","0|","","","-1","1;1;1;1;1;2;3"
"krd-13530","은평터널","37.590818830","126.905199000","1353","서부","서부","1945","0|||","0|","","","-1","1;1;1;1;1;2;3"
"krd-13531","은평터널(연등)","37.590238400","126.904604700","1353","서부","서부","1945","0|||","0|","","","-1","1;1;1;1;1;2;3"
"krd-13540","백련산힐스테이트310동","37.588959510","126.922719300","1354","서부","서부","395","0|||","0|","","","-1","1;1;1;1;1;2;3"
"krd-13541","백련산힐스테이트310동(연등)","37.587730290","126.922668200","1354","서부","서부","395","0|||","0|","","","-1","1;1;1;1;1;2;3"
"krd-13550","은평문화예술회관","37.603403920","126.927183000","1355","서부","서부","676","0|||","0|","","","-1","1;1;1;1;1;2;3"
"krd-13570","응암푸르지오","37.598231050","126.925299200","1357","서부","서부","621","0|||","0|","","","-1","1;1;1;1;1;2;3"
"krd-13571","응암푸르지오(연등)1","37.597124960","126.924237800","1357","서부","서부","621","0|||","0|","","","-1","1;1;1;1;1;2;3"
"krd-13572","응암푸르지오(연등)2","37.598837910","126.925814000","1357","서부","서부","621","0|||","0|","","","-1","1;1;1;1;1;2;3"
"krd-13770","동북초교","37.655395910","127.027951700","1377","도봉","도봉","1868","0|||","0|","","","-1","1;1;1;1;1;2;3"
"krd-13810","꿈나라유치원","37.659803180","127.075395400","1381","노원","노원","1686","0|||","0|","","","-1","1;1;1;1;1;2;3"
"krd-13811","꿈나라유치원(연등)","37.660619870","127.075522400","1381","노원","노원","1686","0|||","0|","","","-1","1;1;1;1;1;2;3"
"krd-13830","안암교","37.577080300","127.028057900","1383","동대문","동대문","606","0|||","0|","","","-1","1;1;1;1;1;2;3"
"krd-13840","청계8가","37.571998390","127.023382700","1384","동대문","동대문","522","0|||","0|","","","-1","1;1;1;1;1;2;3"
"krd-13841","청계8가(연등)1","37.571461130","127.023397400","1384","동대문","동대문","522","0|||","0|","","","-1","1;1;1;1;1;2;3"
"krd-13842","청계8가(연등)2","37.572754070","127.023349700","1384","동대문","동대문","522","0|||","0|","","","-1","1;1;1;1;1;2;3"
"krd-13850","화랑대역","37.620441610","127.084465900","1385","노원","노원","71","0|||","0|","","","-1","1;1;1;1;1;2;3"
"krd-13870","우성맨션","37.637722840","127.013347700","1387","강북","강북","629","0|||","0|","","","-1","1;1;1;1;1;2;3"
"krd-13871","우성맨션(연등)1","37.636848200","127.012930100","1387","강북","강북","629","0|||","0|","","","-1","1;1;1;1;1;2;3"
"krd-13872","우성맨션(연등)2","37.638647310","127.013663500","1387","강북","강북","629","0|||","0|","","","-1","1;1;1;1;1;2;3"
"krd-13880","라이브파크후문","37.621546570","127.012623600","1388","강북","강북","291","0|||","0|","","","-1","1;1;1;1;1;2;3"
"krd-13881","라이브파크후문(연등)","37.622141350","127.012924900","1388","강북","강북","291","0|||","0|","","","-1","1;1;1;1;1;2;3"
"krd-13890","혜화여고","37.631681090","127.013744400","1389","강북","강북","629","0|||","0|","","","-1","1;1;1;1;1;2;3"
"krd-13891","혜화여고(연등)","37.632388340","127.013622700","1389","강북","강북","629","0|||","0|","","","-1","1;1;1;1;1;2;3"
"krd-13900","꿈의숲롯데캐슬정문","37.618429590","127.035992800","1390","강북","강북","1645","0|||","0|","","","-1","1;1;1;1;1;2;3"
"krd-13910","국립재활원","37.639973310","127.012209600","1391","강북","강북","612","0|||","0|","","","-1","1;1;1;1;1;2;3"
"krd-13920","806전투경찰대","37.619092210","126.905654000","1392","은평","은평","674","0|||","0|","","","-1","1;1;1;1;1;2;3"
"krd-13930","수유시장","37.641148110","127.020235800","1393","강북","강북","690","0|||","0|","","","-1","1;1;1;1;1;2;3"
"krd-13931","수유시장(연등)","37.641921880","127.021454100","1393","강북","강북","690","0|||","0|","","","-1","1;1;1;1;1;2;3"
"krd-13940","여흥빌라","37.629455010","127.013125000","1394","강북","강북","629","0|||","0|","","","-1","1;1;1;1;1;2;3"
"krd-13941","여흥빌라(연등)","37.630192980","127.013429600","1394","강북","강북","629","0|||","0|","","","-1","1;1;1;1;1;2;3"
"krd-13950","은혜산부인과","37.607864040","126.924780700","1395","은평","은평","658","0|||","0|","","","-1","1;1;1;1;1;2;3"
"krd-13960","양광교회","37.608492520","126.928696600","1396","은평","은평","658","0|||","0|","","","-1","1;1;1;1;1;2;3"
"krd-13990","혜원사거리","37.594163790","127.093203600","1399","중랑","중랑","1750","0|||","0|","","","-1","1;1;1;1;1;2;3"
"krd-14000","중화역","37.601590170","127.079458200","1400","중랑","중랑","325","0|||","0|","","","-1","1;1;1;1;1;2;3"
"krd-14010","한성대입구사거리","37.586149750","127.011157400","1401","성북","성북","1709","0|||","0|","","","-1","1;1;1;1;1;2;3"
"krd-14011","한성대입구사거리(연등)1","37.585621110","127.011935000","1401","성북","성북","1709","0|||","0|","","","-1","1;1;1;1;1;2;3"
"krd-14012","한성대입구사거리(연등)2","37.586758920","127.010840300","1401","성북","성북","1709","0|||","0|","","","-1","1;1;1;1;1;2;3"
"krd-14020","성북세무서","37.588361770","127.010424800","1402","성북","성북","654","0|||","0|","","","-1","1;1;1;1;1;2;3"
"krd-14030","장곡초교","37.616766270","127.049387700","1403","종암","종암","1848","0|||","0|","","","-1","1;1;1;1;1;2;3"
"krd-14031","장곡초교(연등)","37.616014780","127.048537400","1403","종암","종암","1848","0|||","0|","","","-1","1;1;1;1;1;2;3"
"krd-14070","서울역자이","37.554107320","126.965687800","1407","남대문","남대문","560","0|||","0|","","","-1","1;1;1;1;1;2;3"
"krd-14090","능동로분수광장","37.543228490","127.072182700","1409","광진","광진","224","0|||","0|","","","-1","1;1;1;1;1;2;3"
"krd-14091","능동로분수광장(연등)","37.541968030","127.071602000","1409","광진","광진","224","0|||","0|","","","-1","1;1;1;1;1;2;3"
"krd-14140","동대문소방서","37.563838600","127.066181500","1414","동대문","동대문","317","0|||","0|","","","-1","1;1;1;1;1;2;3"
"krd-14141","동대문소방서(연등)","37.564164940","127.066395200","1414","동대문","동대문","317","0|||","0|","","","-1","1;1;1;1;1;2;3"
"krd-14150","동선약국","37.594785800","127.020281700","1415","성북","성북","700","0|||","0|","","","-1","1;1;1;1;1;2;3"
"krd-14151","동선약국(연등)","37.593878180","127.020217500","1415","성북","성북","700","0|||","0|","","","-1","1;1;1;1;1;2;3"
"krd-14160","와산교입구","37.588739130","126.913920700","1416","서부","서부","260","0|||","0|","","","-1","1;1;1;1;1;2;3"
"krd-14250","군자교밑","37.561230830","127.071117800","1425","동대문","동대문","354","0|||","0|","","","-1","1;1;1;1;1;2;3"
"krd-14260","산골고개","37.597595180","126.938609300","1426","서부","서부","613","0|||","0|","","","-1","1;1;1;1;1;2;3"
"krd-14270","대성운수","37.612080350","127.005449100","1427","성북","성북","339","0|||","0|","","","-1","1;1;1;1;1;2;3"
"krd-14300","금호두산위브아파트","37.555631980","127.022892000","1430","성동","성동","267","0|||","0|","","","-1","1;1;1;1;1;2;3"
"krd-14340","우신향병원","37.584299780","127.030960800","1434","성북","성북","623","0|||","0|","","","-1","1;1;1;1;1;2;3"
"krd-14380","번동오현초교","37.622353300","127.046410200","1438","강북","강북","151","0|||","0|","2:-0.000017061708078358606:-0.00013895646122819016:45;5:0.000017061708078358606:-0.00013895646122819016:90;6:0.000017061708078358606:0.00013895646122819016:45;18:0:-0.00018000000000029104:0;102:-0.00008241345054926796:-0.00020398044800629123:0;118:0:0.00021999999999877673:0","","-1","1;1;1;1;1;2;3"
"krd-14381","번동오현초교(연등)","37.623307550","127.046026300","1438","강북","강북","151","0|||","0|","","","-1","1;1;1;1;1;2;3"
"krd-14400","중랑공영차고지","37.613182880","127.104290700","1440","중랑","중랑","212","0|||","0|","","","-1","1;1;1;1;1;2;3"
"krd-14420","월곡3동삼성래미안","37.609885170","127.035693800","1442","종암","종암","705","0|||","0|","","","-1","1;1;1;1;1;2;3"
"krd-14421","월곡3동삼성래미안(연등)1","37.610503530","127.035492600","1442","종암","종암","705","0|||","0|","","","-1","1;1;1;1;1;2;3"
"krd-14422","월곡3동삼성래미안(연등)2","37.609276900","127.035880700","1442","종암","종암","705","0|||","0|","","","-1","1;1;1;1;1;2;3"
"krd-14430","월곡두산위브아파트","37.608303720","127.036233800","1443","종암","종암","705","0|||","0|","","","-1","1;1;1;1;1;2;3"
"krd-14431","월곡두산위브아파트(연등)1","37.608561620","127.037147600","1443","종암","종암","705","0|||","0|","","","-1","1;1;1;1;1;2;3"
"krd-14432","월곡두산위브아파트(연등)2","37.608636520","127.038195400","1443","종암","종암","705","0|||","0|","","","-1","1;1;1;1;1;2;3"
"krd-14433","월곡두산위브아파트(연등)3","37.607322600","127.036515000","1443","종암","종암","705","0|||","0|","","","-1","1;1;1;1;1;2;3"
"krd-14440","안평초교","37.564093170","127.072761300","1444","동대문","동대문","354","0|||","0|","","","-1","1;1;1;1;1;2;3"
"krd-14480","용문교동측","37.587071350","127.020724600","1448","성북","성북","579","0|||","0|","","","-1","1;1;1;1;1;2;3"
"krd-14490","월드빌아파트","37.586705990","126.912364700","1449","서부","서부","82","0|||","0|","","","-1","1;1;1;1;1;2;3"
"krd-14510","신당현대아파트","37.560671880","127.023816700","1451","중부","중부","267","0|||","0|","","","-1","1;1;1;1;1;2;3"
"krd-14540","파인힐모텔","37.570832240","127.086152200","1454","광진","광진","1771","0|||","0|","","","-1","1;1;1;1;1;2;3"
"krd-14541","파인힐모텔(연등)","37.570011700","127.086140900","1454","광진","광진","1771","0|||","0|","","","-1","1;1;1;1;1;2;3"
"krd-14550","강변역하차장","37.535524150","127.094061100","1455","광진","광진","701","0|||","0|","","","-1","1;1;1;1;1;2;3"
"krd-14551","강변역하차장(연등)","37.535066600","127.094427700","1455","광진","광진","701","0|||","0|","","","-1","1;1;1;1;1;2;3"
"krd-14560","중랑천로굴다리","37.594257050","127.072488500","1456","중랑","중랑","685","0|||","0|","","","-1","1;1;1;1;1;2;3"
"krd-14570","정릉대림아파트","37.615447250","127.008827800","1457","성북","성북","603","0|||","0|","","","-1","1;1;1;1;1;2;3"
"krd-14610","삼양제일교회","37.618861350","127.019139500","1461","강북","강북","566","0|||","0|","","","-1","1;1;1;1;1;2;3"
"krd-14620","코오롱글로벌빌딩앞","37.558173020","127.077026900","1462","광진","광진","544","0|||","0|","","","-1","1;1;1;1;1;2;3"
"krd-14630","종로노인복지관앞","37.575651320","127.004989200","1463","혜화","혜화","523","0|||","0|","","","-1","1;1;1;1;1;2;3"
"krd-14640","정릉풍림아파트","37.616736140","127.008728100","1464","성북","성북","603","0|||","0|","","","-1","1;1;1;1;1;2;3"
"krd-14680","장평중","37.564948760","127.070486100","1468","동대문","동대문","125","0|||","0|","","","-1","1;1;1;1;1;2;3"
"krd-14690","수암초교앞","37.648005070","127.080616600","1469","노원","노원","216","0|||","0|","","","-1","1;1;1;1;1;2;3"
"krd-14691","수암초교앞(연등)","37.648856010","127.080840400","1469","노원","노원","216","0|||","0|","","","-1","1;1;1;1;1;2;3"
"krd-14700","상계역","37.659999190","127.072380100","1470","노원","노원","585","0|||","0|","","","-1","1;1;1;1;1;2;3"
"krd-14701","상계역(연등)","37.660415060","127.071940800","1470","노원","노원","585","0|||","0|","","","-1","1;1;1;1;1;2;3"
"krd-14710","망우소방서","37.597498430","127.100310800","1471","중랑","중랑","1959","0|||","0|","","","-1","1;1;1;1;1;2;3"
"krd-14720","면목펌프장","37.578734600","127.081376700","1472","중랑","중랑","661","0|||","0|","","","-1","1;1;1;1;1;2;3"
"krd-14730","흰돌교회","37.588310570","127.079968700","1473","중랑","중랑","661","0|||","0|","","","-1","1;1;1;1;1;2;3"
"krd-14740","봉화환승주차장","37.616397810","127.093414100","1474","중랑","중랑","567","0|||","0|","","","-1","1;1;1;1;1;2;3"
"krd-14750","신내진로아파트","37.615762880","127.092922600","1475","중랑","중랑","567","0|||","0|","","","-1","1;1;1;1;1;2;3"
"krd-14751","신내진로아파트(연등)1","37.616210500","127.092007800","1475","중랑","중랑","567","0|||","0|","","","-1","1;1;1;1;1;2;3"
"krd-14752","신내진로아파트(연등)2","37.615419470","127.093772600","1475","중랑","중랑","567","0|||","0|","","","-1","1;1;1;1;1;2;3"
"krd-14760","중랑소방서","37.615653280","127.095098500","1476","중랑","중랑","567","0|||","0|","","","-1","1;1;1;1;1;2;3"
"krd-14770","더푸른빌2앞","37.586479850","127.034525500","1477","동대문","동대문","227","0|||","0|","","","-1","1;1;1;1;1;2;3"
"krd-14780","갈현중앙교회","37.616438130","126.914280600","1478","은평","은평","664","0|||","0|","","","-1","1;1;1;1;1;2;3"
"krd-14781","갈현중앙교회(연등)1","37.615908880","126.913672000","1478","은평","은평","664","0|||","0|","","","-1","1;1;1;1;1;2;3"
"krd-14782","갈현중앙교회(연등)2","37.615032530","126.912820100","1478","은평","은평","664","0|||","0|","","","-1","1;1;1;1;1;2;3"
"krd-14790","정릉천주교회","37.607818470","127.004043300","1479","성북","성북","641","0|||","0|","","","-1","1;1;1;1;1;2;3"
"krd-14820","교육복지통합센터","37.562037090","127.057440200","1482","성동","성동","116","0|||","0|","","","-1","1;1;1;1;1;2;3"
"krd-14821","교육복지통합센터(연등)","37.561244910","127.057029400","1482","성동","성동","116","0|||","0|","","","-1","1;1;1;1;1;2;3"
"krd-14850","청덕초교입구","37.611223890","126.999968900","1485","성북","성북","1604","0|||","0|","","","-1","1;1;1;1;1;2;3"
"krd-14900","서부새생명약국","37.606200700","126.918120200","1490","서부","서부","260","0|||","0|","","","-1","1;1;1;1;1;2;3"
"krd-14901","서부새생명약국(연등)1","37.605991540","126.916986900","1490","서부","서부","260","0|||","0|","","","-1","1;1;1;1;1;2;3"
"krd-14902","서부새생명약국(연등)2","37.606972640","126.919184000","1490","서부","서부","260","0|||","0|","","","-1","1;1;1;1;1;2;3"
"krd-14910","종암사거리","37.603419720","127.032173800","1491","종암","종암","558","0|||","0|","","","-1","1;1;1;1;1;2;3"
"krd-14911","종암사거리(연등)","37.602557230","127.032551900","1491","종암","종암","558","0|||","0|","","","-1","1;1;1;1;1;2;3"
"krd-14970","사근초교앞","37.563939750","127.048236000","1497","성동","성동","1615","0|||","0|","","","-1","1;1;1;1;1;2;3"
"krd-15030","한양여자대학교","37.559232890","127.050520400","1503","성동","성동","261","0|||","0|","","","-1","1;1;1;1;1;2;3"
"krd-15050","성심사약국","37.597294080","127.039186100","1505","종암","종암","363","0|||","0|","","","-1","1;1;1;1;1;2;3"
"krd-15060","종묘입구","37.572564660","126.991550700","1506","혜화","혜화","534","0|||","0|","","","-1","1;1;1;1;1;2;3"
"krd-15080","장곡시장","37.618090560","127.047205400","1508","종암","종암","284","0|||","0|","4:0.00013895646122819016:-0.000017061708078358606:315;8:-0.00013895646122819016:0.000017061708078358606:45;18:0:-0.00018000000000029104:0","","-1","1;1;1;1;1;2;3"
"krd-15081","장곡시장(연등)","37.617519740","127.048128600","1508","종암","종암","284","0|||","0|","","","-1","1;1;1;1;1;2;3"
"krd-15090","세종사이버대학교","37.553564760","127.073625700","1509","광진","광진","235","0|||","0|","","","-1","1;1;1;1;1;2;3"
"krd-15130","중평초교","37.638055670","127.064584400","1513","노원","노원","1692","0|||","0|","","","-1","1;1;1;1;1;2;3"
"krd-15131","중평초교(연등)1","37.639106010","127.064114400","1513","노원","노원","1692","0|||","0|","","","-1","1;1;1;1;1;2;3"
"krd-15132","중평초교(연등)2","37.636665530","127.065256800","1513","노원","노원","1692","0|||","0|","","","-1","1;1;1;1;1;2;3"
"krd-15160","전농1동","37.576023470","127.047566200","1516","동대문","동대문","220","0|||","0|","","","-1","1;1;1;1;1;2;3"
"krd-15161","전농1동(연등)1","37.577488110","127.048742200","1516","동대문","동대문","220","0|||","0|","","","-1","1;1;1;1;1;2;3"
"krd-15162","전농1동(연등)2","37.574986160","127.046755700","1516","동대문","동대문","220","0|||","0|","","","-1","1;1;1;1;1;2;3"
"krd-15270","용마초교","37.556149540","127.082058500","1527","광진","광진","544","0|||","0|","","","-1","1;1;1;1;1;2;3"
"krd-15300","신당중앙시장","37.565695780","127.019683700","1530","중부","중부","1747","0|||","0|","","","-1","1;1;1;1;1;2;3"
"krd-15301","신당중앙시장(연등)","37.565605200","127.018257800","1530","중부","중부","1747","0|||","0|","","","-1","1;1;1;1;1;2;3"
"krd-15310","서빙고역","37.520410770","126.990716800","1531","용산","용산","1029","0|||","0|","","","-1","1;1;1;1;1;2;3"
"krd-15320","갈월사회복지관","37.545513640","126.975098700","1532","용산","용산","682","0|||","0|","","","-1","1;1;1;1;1;2;3"
"krd-15340","최규식동상","37.592248680","126.967345500","1534","종로","종로","520","0|||","0|","","","-1","1;1;1;1;1;2;3"
"krd-15341","최규식동상(연등)","37.592548280","126.965816700","1534","종로","종로","520","0|||","0|","","","-1","1;1;1;1;1;2;3"
"krd-15350","청운실버센터","37.586386730","126.972833400","1535","종로","종로","1051","0|||","0|","","","-1","1;1;1;1;1;2;3"
"krd-15351","청운실버센터(연등)","37.586273500","126.972540100","1535","종로","종로","1051","0|||","0|","","","-1","1;1;1;1;1;2;3"
"krd-15360","부암동주민센터","37.593012970","126.963995200","1536","종로","종로","520","0|||","0|","","","-1","1;1;1;1;1;2;3"
"krd-15361","부암동주민센터(연등)","37.592808810","126.964497200","1536","종로","종로","520","0|||","0|","","","-1","1;1;1;1;1;2;3"
"krd-15370","정동","37.568315920","126.969182700","1537","종로","종로","528","0|||","0|","","","-1","1;1;1;1;1;2;3"
"krd-15490","중랑구립도서관","37.616106910","127.085902100","1549","중랑","중랑","1961","0|||","0|","","","-1","1;1;1;1;1;2;3"
"krd-15491","중랑구립도서관(연등)1","37.616875430","127.086391800","1549","중랑","중랑","1961","0|||","0|","","","-1","1;1;1;1;1;2;3"
"krd-15492","중랑구립도서관(연등)2","37.615607550","127.085304100","1549","중랑","중랑","1961","0|||","0|","","","-1","1;1;1;1;1;2;3"
"krd-15530","원묵초교","37.617827620","127.087043100","1553","중랑","중랑","1961","0|||","0|","","","-1","1;1;1;1;1;2;3"
"krd-15540","대조초교","37.613253840","126.917613000","1554","은평","은평","260","0|||","0|","","","-1","1;1;1;1;1;2;3"
"krd-15541","대조초교(연등)","37.614252050","126.917754100","1554","은평","은평","260","0|||","0|","","","-1","1;1;1;1;1;2;3"
"krd-15550","응암대림시장","37.588285210","126.916782200","1555","서부","서부","614","0|||","0|","","","-1","1;1;1;1;1;2;3"
"krd-15551","응암대림시장(연등)1","37.588970560","126.916974600","1555","서부","서부","614","0|||","0|","","","-1","1;1;1;1;1;2;3"
"krd-15552","응암대림시장(연등)2","37.587410610","126.916567200","1555","서부","서부","614","0|||","0|","","","-1","1;1;1;1;1;2;3"
"krd-15560","면목성원아파트","37.577377800","127.090101700","1556","중랑","중랑","1771","0|||","0|","","","-1","1;1;1;1;1;2;3"
"krd-15561","면목성원아파트(연등)","37.578662200","127.091318400","1556","중랑","중랑","1771","0|||","0|","","","-1","1;1;1;1;1;2;3"
"krd-15570","면목사거리","37.587591000","127.084070000","1557","중랑","중랑","353","0|||","0|","","","-1","1;1;1;1;1;2;3"
"krd-15580","국민망우삼거리","37.599197500","127.097341200","1558","중랑","중랑","316","0|||","0|","","","-1","1;1;1;1;1;2;3"
"krd-15590","망우지구대","37.598715390","127.095082300","1559","중랑","중랑","316","0|||","0|","","","-1","1;1;1;1;1;2;3"
"krd-15600","면목아이파크102동","37.581315760","127.081332700","1560","중랑","중랑","661","0|||","0|","","","-1","1;1;1;1;1;2;3"
"krd-15610","보문2교","37.588824760","127.018952600","1561","성북","성북","579","0|||","0|","","","-1","1;1;1;1;1;2;3"
"krd-15630","신사노인복지센터","37.590427040","126.908412500","1563","서부","서부","627","0|||","0|","","","-1","1;1;1;1;1;2;3"
"krd-15640","신내초교","37.605023890","127.097734200","1564","중랑","중랑","701","0|||","0|","","","-1","1;1;1;1;1;2;3"
"krd-15650","상경초교","37.670869610","127.052701000","1565","노원","노원","1663","0|||","0|","","","-1","1;1;1;1;1;2;3"
"krd-15651","상경초교(연등)","37.670698970","127.054249700","1565","노원","노원","1663","0|||","0|","","","-1","1;1;1;1;1;2;3"
"krd-15660","KT&G","37.602975910","126.922545000","1566","서부","서부","638","0|||","0|","","","-1","1;1;1;1;1;2;3"
"krd-15661","KT&G(연등)","37.604380540","126.922711700","1566","서부","서부","638","0|||","0|","","","-1","1;1;1;1;1;2;3"
"krd-15670","응암1동경향렉스빌","37.601064430","126.925125500","1567","서부","서부","621","0|||","0|","","","-1","1;1;1;1;1;2;3"
"krd-15720","길음뉴타운6단지","37.606818250","127.021712700","1572","성북","성북","653","0|||","0|","","","-1","1;1;1;1;1;2;3"
"krd-15730","길음뉴타운1단지","37.605753390","127.022099800","1573","성북","성북","653","0|||","0|","","","-1","1;1;1;1;1;2;3"
"krd-15731","길음뉴타운1단지(연등)","37.604863110","127.022500500","1573","성북","성북","653","0|||","0|","","","-1","1;1;1;1;1;2;3"
"krd-15740","동대문역","37.572010170","127.012221900","1574","혜화","혜화","532","0|||","0|","","","-1","1;1;1;1;1;2;3"
"krd-15750","능산사거리","37.608389020","127.100994100","1575","중랑","중랑","212","0|||","0|","","","-1","1;1;1;1;1;2;3"
"krd-15751","능산사거리(연등)","37.608272820","127.100164600","1575","중랑","중랑","212","0|||","0|","","","-1","1;1;1;1;1;2;3"
"krd-15760","우성아파트102동","37.657560360","127.024725000","1576","도봉","도봉","1868","0|||","0|","","","-1","1;1;1;1;1;2;3"
"krd-15761","우성아파트102동(연등)","37.657649100","127.026490600","1576","도봉","도봉","1868","0|||","0|","","","-1","1;1;1;1;1;2;3"
"krd-15770","삼호골드타운","37.669626620","127.036859500","1577","도봉","도봉","209","0|||","0|","","","-1","1;1;1;1;1;2;3"
"krd-15780","중랑구청","37.605834230","127.092737500","1578","중랑","중랑","341","0|||","0|","","","-1","1;1;1;1;1;2;3"
"krd-15790","한천초교","37.620060420","127.069740200","1579","노원","노원","98","0|||","0|","","","-1","1;1;1;1;1;2;3"
"krd-15800","월계삼호30동","37.625524440","127.067106900","1580","노원","노원","98","0|||","0|","","","-1","1;1;1;1;1;2;3"
"krd-15810","중계8단지","37.647578560","127.074260500","1581","노원","노원","304","0|||","0|","","","-1","1;1;1;1;1;2;3"
"krd-15820","대호프라자","37.659183940","127.073327800","1582","노원","노원","585","0|||","0|","","","-1","1;1;1;1;1;2;3"
"krd-15830","신안동진아파트","37.650644850","127.078016700","1583","노원","노원","304","0|||","0|","","","-1","1;1;1;1;1;2;3"
"krd-15840","월계역입구","37.634566710","127.059631000","1584","노원","노원","584","0|||","0|","","","-1","1;1;1;1;1;2;3"
"krd-15850","석계역동측","37.614827940","127.066320500","1585","노원","노원","569","0|||","0|","","","-1","1;1;1;1;1;2;3"
"krd-15860","신금호역","37.554566140","127.020009400","1586","성동","성동","1814","0|||","0|","","","-1","1;1;1;1;1;2;3"
"krd-15861","신금호역(연등)1","37.555023040","127.020005000","1586","성동","성동","1814","0|||","0|","","","-1","1;1;1;1;1;2;3"
"krd-15862","신금호역(연등)2","37.554300350","127.020396200","1586","성동","성동","1814","0|||","0|","","","-1","1;1;1;1;1;2;3"
"krd-15940","봉래초교","37.555664410","126.963500900","1594","남대문","남대문","718","0|||","0|","","","-1","1;1;1;1;1;2;3"
"krd-15950","상곡초교","37.662991640","127.061648600","1595","노원","노원","207","0|||","0|","","","-1","1;1;1;1;1;2;3"
"krd-15951","상곡초교(연등)","37.662525010","127.061780100","1595","노원","노원","207","0|||","0|","","","-1","1;1;1;1;1;2;3"
"krd-15960","월계건강관리센터","37.631492460","127.061048800","1596","노원","노원","211","0|||","0|","","","-1","1;1;1;1;1;2;3"
"krd-15970","상계9동주민센터","37.664815500","127.063432400","1597","노원","노원","207","0|||","0|","","","-1","1;1;1;1;1;2;3"
"krd-15980","은행사거리","37.650665510","127.076734800","1598","노원","노원","304","0|||","0|","","","-1","1;1;1;1;1;2;3"
"krd-16000","정릉태영아파트","37.606576260","127.015171400","1600","성북","성북","548","0|||","0|","","","-1","1;1;1;1;1;2;3"
"krd-16001","정릉태영아파트(연등)1","37.606233540","127.014937400","1600","성북","성북","548","0|||","0|","","","-1","1;1;1;1;1;2;3"
"krd-16002","정릉태영아파트(연등)2","37.607395570","127.015806100","1600","성북","성북","548","0|||","0|","","","-1","1;1;1;1;1;2;3"
"krd-16010","정릉하모니마트","37.608190700","127.015426500","1601","성북","성북","548","0|||","0|","","","-1","1;1;1;1;1;2;3"
"krd-16100","역촌동성당","37.605620350","126.912092500","1610","서부","서부","260","0|||","0|","","","-1","1;1;1;1;1;2;3"
"krd-16101","역촌동성당(연등)","37.605670320","126.912725200","1610","서부","서부","260","0|||","0|","","","-1","1;1;1;1;1;2;3"
"krd-16110","탑골공원","37.571602240","126.987660100","1611","종로","종로","1790","0|||","0|","","","-1","1;1;1;1;1;2;3"
"krd-16111","탑골공원(연등)","37.572614860","126.987852700","1611","종로","종로","1790","0|||","0|","","","-1","1;1;1;1;1;2;3"
"krd-16150","테라팰리스건대4차","37.544974110","127.073001100","1615","광진","광진","224","0|||","0|","","","-1","1;1;1;1;1;2;3"
"krd-16170","도원교통","37.608048540","127.001461100","1617","성북","성북","641","0|||","0|","","","-1","1;1;1;1;1;2;3"
"krd-16190","서울역사박물관","37.569801430","126.971348800","1619","종로","종로","528","0|||","0|","","","-1","1;1;1;1;1;2;3"
"krd-16191","서울역사박물관(연등)","37.569193670","126.970408600","1619","종로","종로","528","0|||","0|","","","-1","1;1;1;1;1;2;3"
"krd-16200","국일관","37.570310200","126.989734500","1620","종로","종로","295","0|||","0|","","","-1","1;1;1;1;1;2;3"
"krd-16210","구산중","37.609127140","126.910962800","1621","은평","은평","1870","0|||","0|","","","-1","1;1;1;1;1;2;3"
"krd-16211","구산중(연등)","37.607563530","126.910757500","1621","은평","은평","1870","0|||","0|","","","-1","1;1;1;1;1;2;3"
"krd-16220","갈현교회","37.622102850","126.916808200","1622","은평","은평","664","0|||","0|","","","-1","1;1;1;1;1;2;3"
"krd-16230","센스빌오피스텔","37.549480560","127.056104700","1623","성동","성동","223","0|||","0|","","","-1","1;1;1;1;1;2;3"
"krd-16240","불광중","37.622320490","126.931320300","1624","은평","은평","588","0|||","0|","","","-1","1;1;1;1;1;2;3"
"krd-16241","불광중(연등)","37.621399660","126.931631700","1624","은평","은평","588","0|||","0|","","","-1","1;1;1;1;1;2;3"
"krd-16260","기독신학교","37.601902250","126.910330300","1626","서부","서부","1870","0|||","0|","","","-1","1;1;1;1;1;2;3"
"krd-16261","기독신학교(연등)1","37.600471680","126.910250500","1626","서부","서부","1870","0|||","0|","","","-1","1;1;1;1;1;2;3"
"krd-16262","기독신학교(연등)2","37.603258290","126.910369900","1626","서부","서부","1870","0|||","0|","","","-1","1;1;1;1;1;2;3"
"krd-16320","블루빌하우스","37.589246640","127.013139900","1632","성북","성북","654","0|||","0|","","","-1","1;1;1;1;1;2;3"
"krd-16330","용인상사","37.560679550","127.078408500","1633","광진","광진","1626","0|||","0|","","","-1","1;1;1;1;1;2;3"
"krd-16340","터미널하차장","37.534374100","127.092630700","1634","광진","광진","701","0|||","0|","","","-1","1;1;1;1;1;2;3"
"krd-16350","성북초교후문","37.594192710","126.999203400","1635","성북","성북","93","0|||","0|","","","-1","1;1;1;1;1;2;3"
"krd-16360","성북풍림아이원101동","37.594573210","127.024143100","1636","성북","성북","671","0|||","0|","","","-1","1;1;1;1;1;2;3"
"krd-16361","성북풍림아이원101동(연등)","37.594182260","127.024804000","1636","성북","성북","671","0|||","0|","","","-1","1;1;1;1;1;2;3"
"krd-16370","일영유리","37.608671490","126.999595400","1637","성북","성북","641","0|||","0|","","","-1","1;1;1;1;1;2;3"
"krd-16380","동은교회","37.645714170","127.010627100","1638","강북","강북","167","0|||","0|","","","-1","1;1;1;1;1;2;3"
"krd-16390","삼선시장","37.587968110","127.008762400","1639","성북","성북","1605","0|||","0|","","","-1","1;1;1;1;1;2;3"
"krd-16400","삼선초교정문","37.585644010","127.012901200","1640","성북","성북","1722","0|||","0|","","","-1","1;1;1;1;1;2;3"
"krd-16420","국립정신건강센터후문","37.564266640","127.083400700","1642","광진","광진","411","0|||","0|","","","-1","1;1;1;1;1;2;3"
"krd-16421","국립정신건강센터후문(연등)","37.564635730","127.083618800","1642","광진","광진","411","0|||","0|","","","-1","1;1;1;1;1;2;3"
"krd-16460","길원초교입구","37.610049400","127.014929600","1646","성북","성북","548","0|||","0|","","","-1","1;1;1;1;1;2;3"
"krd-16461","길원초교입구(연등)","37.610274580","127.015420000","1646","성북","성북","548","0|||","0|","","","-1","1;1;1;1;1;2;3"
"krd-16470","신사1동주민센터","37.598302750","126.911963600","1647","서부","서부","1442","0|||","0|","","","-1","1;1;1;1;1;2;3"
"krd-16480","한전성서지점","37.605860240","126.933974500","1648","서부","서부","573","0|||","0|","","","-1","1;1;1;1;1;2;3"
"krd-16490","대성주유소","37.603943540","126.934861300","1649","서부","서부","573","0|||","0|","","","-1","1;1;1;1;1;2;3"
"krd-16510","월계삼호37동","37.626743100","127.065718000","1651","노원","노원","98","0|||","0|","","","-1","1;1;1;1;1;2;3"
"krd-16520","중계7단지","37.648061820","127.077802100","1652","노원","노원","304","0|||","0|","","","-1","1;1;1;1;1;2;3"
"krd-16521","중계7단지(연등)","37.648087560","127.079079000","1652","노원","노원","304","0|||","0|","","","-1","1;1;1;1;1;2;3"
"krd-16530","동신초교","37.583294440","127.017772900","1653","성북","성북","1924","0|||","0|","","","-1","1;1;1;1;1;2;3"
"krd-16540","동부제일병원","37.600472270","127.108269800","1654","중랑","중랑","316","0|||","0|","","","-1","1;1;1;1;1;2;3"
"krd-16550","남북교회","37.584447810","127.083542900","1655","중랑","중랑","39","0|||","0|","","","-1","1;1;1;1;1;2;3"
"krd-16560","수락산역남측","37.676055640","127.055283300","1656","노원","노원","298","0|||","0|","","","-1","1;1;1;1;1;2;3"
"krd-16570","응봉교","37.547364790","127.036524900","1657","성동","성동","545","0|||","0|","","","-1","1;1;1;1;1;2;3"
"krd-16580","상원삼거리","37.550862670","127.052126500","1658","성동","성동","223","0|||","0|","","","-1","1;1;1;1;1;2;3"
"krd-16600","정릉4동주민센터","37.612831740","127.007401600","1660","성북","성북","603","0|||","0|","","","-1","1;1;1;1;1;2;3"
"krd-16610","노일초교","37.673970960","127.055403900","1661","노원","노원","298","0|||","0|","","","-1","1;1;1;1;1;2;3"
"krd-16620","가좌역","37.569117380","126.915228600","1662","서대문","서대문","62","0|||","0|","","","-1","1;1;1;1;1;2;3"
"krd-16630","용산브라운스톤","37.536979980","126.958960200","1663","용산","용산","314","0|||","0|","","","-1","1;1;1;1;1;2;3"
"krd-16631","용산브라운스톤(연등)","37.537249530","126.959653400","1663","용산","용산","314","0|||","0|","","","-1","1;1;1;1;1;2;3"
"krd-16640","말레이지아대사관","37.537916680","127.012435300","1664","용산","용산","490","0|||","0|","","","-1","1;1;1;1;1;2;3"
"krd-16660","우이성원아파트","37.660715280","127.013580000","1666","강북","강북","258","0|||","0|","","","-1","1;1;1;1;1;2;3"
"krd-16661","우이성원아파트(연등)1","37.661217960","127.013404000","1666","강북","강북","258","0|||","0|","","","-1","1;1;1;1;1;2;3"
"krd-16662","우이성원아파트(연등)2","37.660319620","127.013705100","1666","강북","강북","258","0|||","0|","","","-1","1;1;1;1;1;2;3"
"krd-16670","북한산우이역","37.663161840","127.012493700","1667","강북","강북","1634","0|||","0|","","","-1","1;1;1;1;1;2;3"
"krd-16680","한신대","37.633819830","127.013477900","1668","강북","강북","629","0|||","0|","","","-1","1;1;1;1;1;2;3"
"krd-16681","한신대(연등)","37.633989300","127.015288400","1668","강북","강북","629","0|||","0|","","","-1","1;1;1;1;1;2;3"
"krd-16700","화양사거리","37.548327610","127.067470700","1670","광진","광진","424","0|||","0|","","","-1","1;1;1;1;1;2;3"
"krd-16701","화양사거리(연등)","37.548186930","127.065695800","1670","광진","광진","424","0|||","0|","","","-1","1;1;1;1;1;2;3"
"krd-16710","화양시장","37.548019000","127.070490600","1671","광진","광진","424","0|||","0|","","","-1","1;1;1;1;1;2;3"
"krd-16720","어린이대공원역","37.547269060","127.074177900","1672","광진","광진","424","0|||","0|","","","-1","1;1;1;1;1;2;3"
"krd-16721","어린이대공원역(연등)1","37.547686720","127.072576900","1672","광진","광진","424","0|||","0|","","","-1","1;1;1;1;1;2;3"
"krd-16722","어린이대공원역(연등)2","37.546913120","127.073949000","1672","광진","광진","424","0|||","0|","","","-1","1;1;1;1;1;2;3"
"krd-16730","건대입구삼거리","37.546384580","127.076288500","1673","광진","광진","448","0|||","0|","","","-1","1;1;1;1;1;2;3"
"krd-16740","구의시장","37.544665780","127.090641200","1674","광진","광진","253","0|||","0|","","","-1","1;1;1;1;1;2;3"
"krd-16750","구의수원지","37.543996000","127.092843700","1675","광진","광진","620","0|||","0|","","","-1","1;1;1;1;1;2;3"
"krd-16760","광장자이아파트","37.542676370","127.094298500","1676","광진","광진","620","0|||","0|","","","-1","1;1;1;1;1;2;3"
"krd-16770","해동카도크","37.543672760","127.059023400","1677","성동","성동","1077","0|||","0|","","","-1","1;1;1;1;1;2;3"
"krd-16780","건대입구역","37.539936480","127.070598000","1678","광진","광진","215","0|||","0|","","","-1","1;1;1;1;1;2;3"
"krd-16790","건대후문","37.538792360","127.074377900","1679","광진","광진","248","0|||","0|","","","-1","1;1;1;1;1;2;3"
"krd-16791","건대후문(연등)","37.537854910","127.074109200","1679","광진","광진","248","0|||","0|","","","-1","1;1;1;1;1;2;3"
"krd-16800","자양삼거리","37.538054560","127.077099000","1680","광진","광진","248","0|||","0|","","","-1","1;1;1;1;1;2;3"
"krd-16810","자양초교","37.537659050","127.078958700","1681","광진","광진","248","0|||","0|","","","-1","1;1;1;1;1;2;3"
"krd-16811","자양초교(연등)","37.537212780","127.080677500","1681","광진","광진","248","0|||","0|","","","-1","1;1;1;1;1;2;3"
"krd-16820","자양사거리","37.536564450","127.083563400","1682","광진","광진","219","0|||","0|","","","-1","1;1;1;1;1;2;3"
"krd-16830","리버비스타","37.537882540","127.089062300","1683","광진","광진","1876","0|||","0|","","","-1","1;1;1;1;1;2;3"
"krd-16840","구의삼성쉐르빌","37.540087930","127.094055700","1684","광진","광진","1422","0|||","0|","","","-1","1;1;1;1;1;2;3"
"krd-16841","구의삼성쉐르빌(연등)","37.539568640","127.093146800","1684","광진","광진","1422","0|||","0|","","","-1","1;1;1;1;1;2;3"
"krd-16850","광장현대8단지","37.542020970","127.098501700","1685","광진","광진","175","0|||","0|","","","-1","1;1;1;1;1;2;3"
"krd-16860","뚝섬쇼핑","37.538869880","127.054885000","1686","성동","성동","387","0|||","0|","","","-1","1;1;1;1;1;2;3"
"krd-16861","뚝섬쇼핑(연등)1","37.538578700","127.055989000","1686","성동","성동","387","0|||","0|","","","-1","1;1;1;1;1;2;3"
"krd-16862","뚝섬쇼핑(연등)2","37.539164390","127.053761000","1686","성동","성동","387","0|||","0|","","","-1","1;1;1;1;1;2;3"
"krd-16870","경수초교","37.538150020","127.057610700","1687","성동","성동","387","0|||","0|","","","-1","1;1;1;1;1;2;3"
"krd-16880","영동대교북단","37.537195200","127.061193000","1688","광진","광진","225","0|||","0|","","","-1","1;1;1;1;1;2;3"
"krd-16881","영동대교북단(연등)","37.537647590","127.059696500","1688","광진","광진","225","0|||","0|","","","-1","1;1;1;1;1;2;3"
"krd-16890","신양중","37.536486890","127.063875600","1689","광진","광진","81","0|||","0|","","","-1","1;1;1;1;1;2;3"
"krd-16900","금당약국","37.532006870","127.079616900","1690","광진","광진","1383","0|||","0|","","","-1","1;1;1;1;1;2;3"
"krd-16901","금당약국(연등)","37.532387350","127.078431100","1690","광진","광진","1383","0|||","0|","","","-1","1;1;1;1;1;2;3"
"krd-16910","잠실대교북단사거리","37.532468450","127.085388800","1691","광진","광진","1813","0|||","0|","","","-1","1;1;1;1;1;2;3"
"krd-16911","잠실대교북단사거리(연등)","37.531214370","127.086343400","1691","광진","광진","1813","0|||","0|","","","-1","1;1;1;1;1;2;3"
"krd-16920","치과의사회관앞","37.548747630","127.058301600","1692","성동","성동","223","0|||","0|","","","-1","1;1;1;1;1;2;3"
"krd-16930","현대서비스앞","37.546399280","127.057697300","1693","성동","성동","668","0|||","0|","","","-1","1;1;1;1;1;2;3"
"krd-16940","성수1차대우아파트","37.545440490","127.065848600","1694","광진","광진","424","0|||","0|","","","-1","1;1;1;1;1;2;3"
"krd-16941","성수1차대우아파트(연등)","37.544291290","127.065203900","1694","광진","광진","424","0|||","0|","","","-1","1;1;1;1;1;2;3"
"krd-16950","세종대","37.549002240","127.075287700","1695","광진","광진","637","0|||","0|","","","-1","1;1;1;1;1;2;3"
"krd-16970","광진구청","37.538336830","127.083356400","1697","광진","광진","265","0|||","0|","","","-1","1;1;1;1;1;2;3"
"krd-16980","자양아파트","37.533460990","127.084776800","1698","광진","광진","1813","0|||","0|","","","-1","1;1;1;1;1;2;3"
"krd-17010","월산식당","37.625106740","127.012419400","1701","강북","강북","629","0|||","0|","","","-1","1;1;1;1;1;2;3"
"krd-17020","국립419민주묘지","37.647331880","127.010456200","1702","강북","강북","167","0|||","0|","","","-1","1;1;1;1;1;2;3"
"krd-17030","행복한교회","37.557504800","127.024597100","1703","중부","중부","267","0|||","0|","","","-1","1;1;1;1;1;2;3"
"krd-17050","정릉우체국","37.605741220","127.011287000","1705","성북","성북","642","0|||","0|","","","-1","1;1;1;1;1;2;3"
"krd-17060","웨이브모텔","37.607132110","127.010596500","1706","성북","성북","642","0|||","0|","","","-1","1;1;1;1;1;2;3"
"krd-17061","웨이브모텔(연등)","37.606499700","127.010930000","1706","성북","성북","642","0|||","0|","","","-1","1;1;1;1;1;2;3"
"krd-17070","국민은행정릉","37.608422900","127.009987700","1707","성북","성북","543","0|||","0|","","","-1","1;1;1;1;1;2;3"
"krd-17080","외환은행정릉","37.611289540","127.008743800","1708","성북","성북","603","0|||","0|","","","-1","1;1;1;1;1;2;3"
"krd-17081","외환은행정릉(연등)","37.612158710","127.008182000","1708","성북","성북","603","0|||","0|","","","-1","1;1;1;1;1;2;3"
"krd-17090","상계교","37.661710750","127.052447500","1709","노원","노원","617","0|||","0|","","","-1","1;1;1;1;1;2;3"
"krd-17091","상계교(연등)","37.661571490","127.053883500","1709","노원","노원","617","0|||","0|","","","-1","1;1;1;1;1;2;3"
"krd-17120","장안2동주민센터","37.578767950","127.070235600","1712","동대문","동대문","1784","0|||","0|","","","-1","1;1;1;1;1;2;3"
"krd-17150","중앙시장후문","37.568349490","127.019624400","1715","중부","중부","1661","0|||","0|","","","-1","1;1;1;1;1;2;3"
"krd-17160","성수사거리","37.542136840","127.063978900","1716","광진","광진","424","0|||","0|","","","-1","1;1;1;1;1;2;3"
"krd-17220","성수2가","37.540269260","127.062908900","1722","광진","광진","424","0|||","0|","","","-1","1;1;1;1;1;2;3"
"krd-17221","성수2가(연등)","37.539390510","127.062366800","1722","광진","광진","424","0|||","0|","","","-1","1;1;1;1;1;2;3"
"krd-17230","광남초교","37.540663200","127.099991800","1723","광진","광진","234","0|||","0|","","","-1","1;1;1;1;1;2;3"
"krd-17240","테크노마트","37.536008850","127.094472400","1724","광진","광진","1627","0|||","0|","","","-1","1;1;1;1;1;2;3"
"krd-17290","DMC센트럴자이103동","37.580130490","126.902944400","1729","서부","서부","1938","0|||","0|","","","-1","1;1;1;1;1;2;3"
"krd-17360","수락초교","37.683681800","127.055430000","1736","노원","노원","298","0|||","0|","","","-1","1;1;1;1;1;2;3"
"krd-17370","용산역앞","37.526443090","126.965271900","1737","용산","용산","563","0|||","0|","","","-1","1;1;1;1;1;2;3"
"krd-17371","용산역앞(연등)","37.527031980","126.964358100","1737","용산","용산","563","0|||","0|","","","-1","1;1;1;1;1;2;3"
"krd-17380","홍파복지원","37.680688150","127.055443600","1738","노원","노원","298","0|||","0|","","","-1","1;1;1;1;1;2;3"
"krd-17381","홍파복지원(연등)","37.679738540","127.055367400","1738","노원","노원","298","0|||","0|","","","-1","1;1;1;1;1;2;3"
"krd-17390","도봉구청","37.668186340","127.046141700","1739","도봉","도봉","628","0|||","0|","","","-1","1;1;1;1;1;2;3"
"krd-17391","도봉구청(연등)","37.669340680","127.046257900","1739","도봉","도봉","628","0|||","0|","","","-1","1;1;1;1;1;2;3"
"krd-17400","노원역10번출구","37.656589190","127.064391500","1740","노원","노원","309","0|||","0|","","","-1","1;1;1;1;1;2;3"
"krd-17410","온수골사거리","37.661227380","127.058731200","1741","노원","노원","298","0|||","0|","","","-1","1;1;1;1;1;2;3"
"krd-17420","도봉면허시험장","37.657953870","127.059561900","1742","노원","노원","298","0|||","0|","","","-1","1;1;1;1;1;2;3"
"krd-17430","상계2;6단지","37.651439010","127.061358400","1743","노원","노원","310","0|||","0|","","","-1","1;1;1;1;1;2;3"
"krd-17440","중계근린공원","37.641122560","127.065929600","1744","노원","노원","310","0|||","0|","","","-1","1;1;1;1;1;2;3"
"krd-17450","노원구민의전당","37.638741190","127.066964800","1745","노원","노원","310","0|||","0|","","","-1","1;1;1;1;1;2;3"
"krd-17460","하계역","37.635961050","127.068213100","1746","노원","노원","319","0|||","0|","","","-1","1;1;1;1;1;2;3"
"krd-17461","하계역(연등)","37.636810060","127.067857700","1746","노원","노원","319","0|||","0|","","","-1","1;1;1;1;1;2;3"
"krd-17470","농협공릉지점","37.622166960","127.074159500","1747","노원","노원","53","0|||","0|","","","-1","1;1;1;1;1;2;3"
"krd-17471","농협공릉지점(연등)","37.623494690","127.073700400","1747","노원","노원","53","0|||","0|","","","-1","1;1;1;1;1;2;3"
"krd-17480","화랑삼거리","37.623799980","127.090775400","1748","노원","노원","71","0|||","0|","","","-1","1;1;1;1;1;2;3"
"krd-17481","화랑삼거리(연등)","37.622995110","127.090267500","1748","노원","노원","71","0|||","0|","","","-1","1;1;1;1;1;2;3"
"krd-17490","태릉사격장","37.627905880","127.096190300","1749","노원","노원","71","0|||","0|","","","-1","1;1;1;1;1;2;3"
"krd-17500","태릉골프장","37.630130190","127.098071900","1750","노원","노원","71","0|||","0|","","","-1","1;1;1;1;1;2;3"
"krd-17510","태릉선수촌","37.633596560","127.103331300","1751","노원","노원","657","0|||","0|","","","-1","1;1;1;1;1;2;3"
"krd-17520","하나은행장위","37.615314030","127.051704100","1752","종암","종암","83","0|||","0|","","","-1","1;1;1;1;1;2;3"
"krd-17521","하나은행장위(연등)","37.615878070","127.050771400","1752","종암","종암","83","0|||","0|","","","-1","1;1;1;1;1;2;3"
"krd-17540","삼육대","37.637912900","127.107567900","1754","노원","노원","657","0|||","0|","","","-1","1;1;1;1;1;2;3"
"krd-17541","삼육대(연등)","37.638778700","127.108628700","1754","노원","노원","657","0|||","0|","","","-1","1;1;1;1;1;2;3"
"krd-17550","하계2치안센터","37.631726060","127.067454400","1755","노원","노원","1719","0|||","0|","","","-1","1;1;1;1;1;2;3"
"krd-17551","하계2치안센터(연등)","37.632351310","127.067155000","1755","노원","노원","1719","0|||","0|","","","-1","1;1;1;1;1;2;3"
"krd-17580","서일대학","37.587977880","127.096040700","1758","중랑","중랑","554","0|||","0|","","","-1","1;1;1;1;1;2;3"
"krd-17610","신사미성아파트","37.590257660","126.909487800","1761","서부","서부","627","0|||","0|","","","-1","1;1;1;1;1;2;3"
"krd-17620","증산초교","37.582329340","126.905398200","1762","서부","서부","1786","0|||","0|","","","-1","1;1;1;1;1;2;3"
"krd-17621","증산초교(연등)","37.583270620","126.906346100","1762","서부","서부","1786","0|||","0|","","","-1","1;1;1;1;1;2;3"
"krd-17630","연신종로약국","37.620656470","126.924857700","1763","은평","은평","113","0|||","0|","","","-1","1;1;1;1;1;2;3"
"krd-17631","연신종로약국(연등)","37.619778400","126.922951700","1763","은평","은평","113","0|||","0|","","","-1","1;1;1;1;1;2;3"
"krd-17640","시립서북병원","37.605484880","126.910525800","1764","서부","서부","1870","0|||","0|","","","-1","1;1;1;1;1;2;3"
"krd-17641","시립서북병원(연등)","37.605055550","126.910479400","1764","서부","서부","1870","0|||","0|","","","-1","1;1;1;1;1;2;3"
"krd-17650","연천초교","37.621211840","126.928614300","1765","은평","은평","1703","0|||","0|","","","-1","1;1;1;1;1;2;3"
"krd-17660","금성초교","37.614966180","127.088786800","1766","중랑","중랑","1385","0|||","0|","","","-1","1;1;1;1;1;2;3"
"krd-17661","금성초교(연등)","37.615840750","127.089354700","1766","중랑","중랑","1385","0|||","0|","","","-1","1;1;1;1;1;2;3"
"krd-17670","신내우체국","37.617007240","127.090178300","1767","중랑","중랑","1385","0|||","0|","","","-1","1;1;1;1;1;2;3"
"krd-17680","청풍마트","37.627704230","127.044161000","1768","강북","강북","133","0|||","0|","","","-1","1;1;1;1;1;2;3"
"krd-17690","청원학당","37.667051750","127.061965900","1769","노원","노원","1603","0|||","0|","","","-1","1;1;1;1;1;2;3"
"krd-17691","청원학당(연등)1","37.666799480","127.063758500","1769","노원","노원","1603","0|||","0|","","","-1","1;1;1;1;1;2;3"
"krd-17692","청원학당(연등)2","37.667850890","127.060679100","1769","노원","노원","1603","0|||","0|","","","-1","1;1;1;1;1;2;3"
"krd-17710","석관중뒤삼거리","37.607286070","127.067265800","1771","종암","종암","1695","0|||","0|","","","-1","1;1;1;1;1;2;3"
"krd-17720","우리은행장위","37.613962110","127.042886800","1772","종암","종암","1607","0|||","0|","","","-1","1;1;1;1;1;2;3"
"krd-17721","우리은행장위(연등)","37.613917940","127.043322100","1772","종암","종암","1607","0|||","0|","","","-1","1;1;1;1;1;2;3"
"krd-17730","현대쇼핑센터","37.538996030","127.047276100","1773","성동","성동","1639","0|||","0|","","","-1","1;1;1;1;1;2;3"
"krd-17740","래미안옥수리버젠아파트104동앞","37.546248910","127.014294300","1774","성동","성동","381","0|||","0|","","","-1","1;1;1;1;1;2;3"
"krd-17750","논골사거리","37.555654750","127.024816600","1775","성동","성동","267","0|||","0|","","","-1","1;1;1;1;1;2;3"
"krd-17751","논골사거리(연등)","37.555599900","127.023835000","1775","성동","성동","267","0|||","0|","","","-1","1;1;1;1;1;2;3"
"krd-17760","사근삼거리","37.561441700","127.049315000","1776","성동","성동","261","0|||","0|","","","-1","1;1;1;1;1;2;3"
"krd-17770","성수리버하우스","37.549579390","127.051624700","1777","성동","성동","197","0|||","0|","","","-1","1;1;1;1;1;2;3"
"krd-17780","당현2교","37.650792640","127.068471800","1778","노원","노원","309","0|||","0|","","","-1","1;1;1;1;1;2;3"
"krd-17790","연서중","37.586192050","126.910300400","1779","서부","서부","1786","0|||","0|","","","-1","1;1;1;1;1;2;3"
"krd-17800","방패교육대","37.647852840","126.937571500","1780","은평","은평","1765","0|||","0|","","","-1","1;1;1;1;1;2;3"
"krd-17801","방패교육대(연등)","37.647153450","126.938220700","1780","은평","은평","1765","0|||","0|","","","-1","1;1;1;1;1;2;3"
"krd-17810","돈암힐스테이트아파트","37.598865390","127.014256500","1781","성북","성북","348","0|||","0|","","","-1","1;1;1;1;1;2;3"
"krd-17820","한일목욕탕","37.625876100","126.918239200","1782","은평","은평","664","0|||","0|","","","-1","1;1;1;1;1;2;3"
"krd-17830","새우개고개","37.619404750","127.104678300","1783","중랑","중랑","212","0|||","0|","","","-1","1;1;1;1;1;2;3"
"krd-17840","태릉시장사거리","37.599354140","127.078165900","1784","중랑","중랑","232","0|||","0|","","","-1","1;1;1;1;1;2;3"
"krd-17850","번2동우체국","37.632015230","127.037857300","1785","강북","강북","48","0|||","0|","","","-1","1;1;1;1;1;2;3"
"krd-17860","월계지구대","37.622678850","127.061717700","1786","노원","노원","736","0|||","0|","","","-1","1;1;1;1;1;2;3"
"krd-17870","창1동주민센터","37.648089770","127.043793300","1787","도봉","도봉","587","0|||","0|","","","-1","1;1;1;1;1;2;3"
"krd-17871","창1동주민센터(연등)","37.648798900","127.044868400","1787","도봉","도봉","587","0|||","0|","","","-1","1;1;1;1;1;2;3"
"krd-17880","창일중교","37.649449090","127.047373200","1788","도봉","도봉","509","0|||","0|","","","-1","1;1;1;1;1;2;3"
"krd-17881","창일중교(연등)","37.649183110","127.046178700","1788","도봉","도봉","509","0|||","0|","","","-1","1;1;1;1;1;2;3"
"krd-17890","석관초교","37.610239940","127.059042400","1789","종암","종암","1608","0|||","0|","","","-1","1;1;1;1;1;2;3"
"krd-17900","금호1가동주민센터","37.554648750","127.021420100","1790","성동","성동","262","0|||","0|","","","-1","1;1;1;1;1;2;3"
"krd-17910","우이2교","37.641538150","127.033188600","1791","도봉","도봉","724","0|||","0|","","","-1","1;1;1;1;1;2;3"
"krd-17911","우이2교(연등)","37.640726880","127.033635300","1791","도봉","도봉","724","0|||","0|","","","-1","1;1;1;1;1;2;3"
"krd-17920","방학역앞","37.669720920","127.043637600","1792","도봉","도봉","625","0|||","0|","","","-1","1;1;1;1;1;2;3"
"krd-17960","하계5;6단지","37.634655110","127.066112500","1796","노원","노원","319","0|||","0|","","","-1","1;1;1;1;1;2;3"
"krd-17970","마들역","37.664542990","127.057826400","1797","노원","노원","298","0|||","0|","","","-1","1;1;1;1;1;2;3"
"krd-17980","대진여고","37.646197750","127.066297500","1798","노원","노원","310","0|||","0|","","","-1","1;1;1;1;1;2;3"
"krd-17990","수락고가","37.678809700","127.051629400","1799","노원","노원","729","0|||","0|","","","-1","1;1;1;1;1;2;3"
"krd-18000","동명베스트아파트","37.613655330","126.924670600","1800","은평","은평","573","0|||","0|","","","-1","1;1;1;1;1;2;3"
"krd-18010","창주공1단지","37.653591540","127.041053500","1801","도봉","도봉","1681","0|||","0|","","","-1","1;1;1;1;1;2;3"
"krd-18011","창주공1단지(연등)","37.654005600","127.040955800","1801","도봉","도봉","1681","0|||","0|","","","-1","1;1;1;1;1;2;3"
"krd-18020","쌍문초교","37.648745400","127.023381200","1802","도봉","도봉","124","0|||","0|","","","-1","1;1;1;1;1;2;3"
"krd-18050","신내동새마을금고","37.606080200","127.098199800","1805","중랑","중랑","701","0|||","0|","","","-1","1;1;1;1;1;2;3"
"krd-18051","신내동새마을금고(연등)","37.605776610","127.097986100","1805","중랑","중랑","701","0|||","0|","","","-1","1;1;1;1;1;2;3"
"krd-18060","중랑으뜸새마을금고","37.596126640","127.072132000","1806","중랑","중랑","1671","0|||","0|","","","-1","1;1;1;1;1;2;3"
"krd-18090","성심여고후문","37.535301300","126.953032800","1809","용산","용산","1787","0|||","0|","","","-1","1;1;1;1;1;2;3"
"krd-18100","이촌동","37.521796590","126.965049400","1810","용산","용산","563","0|||","0|","","","-1","1;1;1;1;1;2;3"
"krd-18101","이촌동(연등)","37.521426340","126.965056400","1810","용산","용산","563","0|||","0|","","","-1","1;1;1;1;1;2;3"
"krd-18110","가나아트홀","37.610054670","126.975824200","1811","종로","종로","287","0|||","0|","","","-1","1;1;1;1;1;2;3"
"krd-18111","가나아트홀(연등)","37.610511950","126.976905100","1811","종로","종로","287","0|||","0|","","","-1","1;1;1;1;1;2;3"
"krd-18120","신설동역","37.575617590","127.023217600","1812","동대문","동대문","176","0|||","0|","","","-1","1;1;1;1;1;2;3"
"krd-18121","신설동역(연등)","37.575174200","127.024101000","1812","동대문","동대문","176","0|||","0|","","","-1","1;1;1;1;1;2;3"
"krd-18130","광화문","37.575119270","126.977065200","1813","종로","종로","529","0|||","0|","","","-1","1;1;1;1;1;2;3"
"krd-18140","종로6가","37.571112310","127.006486600","1814","혜화","혜화","521","0|||","0|","","","-1","1;1;1;1;1;2;3"
"krd-18150","경복궁","37.575848310","126.979388000","1815","종로","종로","529","0|||","0|","","","-1","1;1;1;1;1;2;3"
"krd-18151","경복궁(연등)1","37.576662330","126.979503900","1815","종로","종로","529","0|||","0|","","","-1","1;1;1;1;1;2;3"
"krd-18152","경복궁(연등)2","37.575337890","126.979156700","1815","종로","종로","529","0|||","0|","","","-1","1;1;1;1;1;2;3"
"krd-18160","종로4가","37.570726000","126.997785900","1816","혜화","혜화","521","0|||","0|","","","-1","1;1;1;1;1;2;3"
"krd-18161","종로4가(연등)1","37.570121730","126.997859900","1816","혜화","혜화","521","0|||","0|","","","-1","1;1;1;1;1;2;3"
"krd-18162","종로4가(연등)2","37.572344820","126.997703600","1816","혜화","혜화","521","0|||","0|","","","-1","1;1;1;1;1;2;3"
"krd-18163","종로4가(연등)3","37.570687080","126.997068100","1816","혜화","혜화","521","0|||","0|","","","-1","1;1;1;1;1;2;3"
"krd-18164","종로4가(연등)4","37.571341550","126.997747300","1816","혜화","혜화","521","0|||","0|","","","-1","1;1;1;1;1;2;3"
"krd-18170","종로구청입구","37.570221790","126.979298900","1817","종로","종로","528","0|||","0|","","","-1","1;1;1;1;1;2;3"
"krd-18180","종로백화점약국","37.571037560","127.003756600","1818","혜화","혜화","521","0|||","0|","","","-1","1;1;1;1;1;2;3"
"krd-18190","종로1가","37.570193730","126.983006200","1819","종로","종로","295","0|||","0|","","","-1","1;1;1;1;1;2;3"
"krd-18200","종로2가","37.570205630","126.987671100","1820","종로","종로","295","0|||","0|","","","-1","1;1;1;1;1;2;3"
"krd-18210","세종대로사거리","37.570250890","126.977147100","1821","종로","종로","528","0|||","0|","","","-1","1;1;1;1;1;2;3"
"krd-18211","세종대로사거리(연등)1","37.570115030","126.975663100","1821","종로","종로","528","0|||","0|","","","-1","1;1;1;1;1;2;3"
"krd-18212","세종대로사거리(연등)2","37.570156980","126.973600600","1821","종로","종로","528","0|||","0|","","","-1","1;1;1;1;1;2;3"
"krd-18220","통인교차로","37.579453860","126.971349800","1822","종로","종로","1920","0|||","0|","","","-1","1;1;1;1;1;2;3"
"krd-18230","신교동","37.583844740","126.970395800","1823","종로","종로","1078","0|||","0|","","","-1","1;1;1;1;1;2;3"
"krd-18240","경기상고","37.588809420","126.968654000","1824","종로","종로","1078","0|||","0|","","","-1","1;1;1;1;1;2;3"
"krd-18241","경기상고(연등)","37.587961540","126.969286700","1824","종로","종로","1078","0|||","0|","","","-1","1;1;1;1;1;2;3"
"krd-18250","청운초등학교앞","37.585034580","126.970191900","1825","종로","종로","1078","0|||","0|","","","-1","1;1;1;1;1;2;3"
"krd-18260","안국역","37.576854710","126.986214700","1826","종로","종로","530","0|||","0|","1:-0.000017061708078358606:0.00013895646122819016:270;2:-0.000017061708078358606:-0.00013895646122819016:45;3:-0.00013895646122819016:-0.000017061708078358606:0;4:0.00013895646122819016:-0.000017061708078358606:315;5:0.000017061708078358606:-0.00013895646122819016:90;6:0.000017061708078358606:0.00013895646122819016:45;8:-0.00013895646122819016:0.000017061708078358606:45","","-1","1;1;1;1;1;2;3"
"krd-18270","통인시장","37.581460990","126.970864200","1827","종로","종로","1920","0|||","0|","","","-1","1;1;1;1;1;2;3"
"krd-18280","하림각","37.597819370","126.962612800","1828","종로","종로","337","0|||","0|","","","-1","1;1;1;1;1;2;3"
"krd-18281","하림각(연등)","37.599111680","126.960364600","1828","종로","종로","337","0|||","0|","","","-1","1;1;1;1;1;2;3"
"krd-18290","자하문터널북단","37.595206880","126.963679300","1829","종로","종로","337","0|||","0|","","","-1","1;1;1;1;1;2;3"
"krd-18300","재향군인회","37.573350170","126.997585000","1830","혜화","혜화","521","0|||","0|","","","-1","1;1;1;1;1;2;3"
"krd-18301","재향군인회(연등)","37.574239360","126.997516700","1830","혜화","혜화","521","0|||","0|","","","-1","1;1;1;1;1;2;3"
"krd-18310","혜화역","37.582961990","127.001775400","1831","혜화","혜화","630","0|||","0|","","","-1","1;1;1;1;1;2;3"
"krd-18311","혜화역(연등)1","37.583851520","127.001616600","1831","혜화","혜화","630","0|||","0|","","","-1","1;1;1;1;1;2;3"
"krd-18312","혜화역(연등)2","37.581872500","127.001986100","1831","혜화","혜화","630","0|||","0|","","","-1","1;1;1;1;1;2;3"
"krd-18320","무악재역","37.581979780","126.950535800","1832","서대문","서대문","679","0|||","0|","","","-1","1;1;1;1;1;2;3"
"krd-18321","무악재역(연등)","37.581308630","126.950899600","1832","서대문","서대문","679","0|||","0|","","","-1","1;1;1;1;1;2;3"
"krd-18330","청운벽산빌리지","37.590940750","126.969727500","1833","종로","종로","520","0|||","0|","","","-1","1;1;1;1;1;2;3"
"krd-18350","광교","37.569051910","126.982751000","1835","종로","종로","295","0|||","0|","","","-1","1;1;1;1;1;2;3"
"krd-18351","광교(연등)","37.568675710","126.982727300","1835","종로","종로","295","0|||","0|","","","-1","1;1;1;1;1;2;3"
"krd-18360","합청","37.579380570","126.973823700","1836","종로","종로","697","0|||","0|","","","-1","1;1;1;1;1;2;3"
"krd-18370","재동초교사거리","37.579148870","126.985095100","1837","종로","종로","541","0|||","0|","","","-1","1;1;1;1;1;2;3"
"krd-18371","재동초교사거리(연등)1","37.580113450","126.985044600","1837","종로","종로","541","0|||","0|","","","-1","1;1;1;1;1;2;3"
"krd-18372","재동초교사거리(연등)2","37.579324640","126.985004100","1837","종로","종로","541","0|||","0|","","","-1","1;1;1;1;1;2;3"
"krd-18380","구기동정류장","37.607037040","126.958841000","1838","종로","종로","271","0|||","0|","","","-1","1;1;1;1;1;2;3"
"krd-18390","종로5가","37.570997140","127.001921500","1839","혜화","혜화","521","0|||","0|","","","-1","1;1;1;1;1;2;3"
"krd-18400","평창힐스","37.607442460","126.972019400","1840","종로","종로","287","0|||","0|","","","-1","1;1;1;1;1;2;3"
"krd-18410","서울예고앞","37.606462540","126.969324500","1841","종로","종로","287","0|||","0|","","","-1","1;1;1;1;1;2;3"
"krd-18420","효제초교","37.573470460","127.004201900","1842","혜화","혜화","236","0|||","0|","","","-1","1;1;1;1;1;2;3"
"krd-18430","낙원상가","37.573541110","126.987629200","1843","종로","종로","1790","0|||","0|","","","-1","1;1;1;1;1;2;3"
"krd-18440","동망봉터널위","37.580641170","127.015048000","1844","혜화","혜화","1658","0|||","0|","","","-1","1;1;1;1;1;2;3"
"krd-18460","구기터널","37.608468070","126.956714400","1846","종로","종로","129","0|||","0|","","","-1","1;1;1;1;1;2;3"
"krd-18461","구기터널(연등)","37.608257410","126.957098400","1846","종로","종로","129","0|||","0|","","","-1","1;1;1;1;1;2;3"
"krd-18470","신영소방서","37.605831420","126.960618000","1847","종로","종로","271","0|||","0|","","","-1","1;1;1;1;1;2;3"
"krd-18471","신영소방서(연등)","37.604771230","126.961089200","1847","종로","종로","271","0|||","0|","","","-1","1;1;1;1;1;2;3"
"krd-18480","창신초교","37.576345090","127.015536400","1848","혜화","혜화","516","0|||","0|","","","-1","1;1;1;1;1;2;3"
"krd-18481","창신초교(연등)","37.577043920","127.015445200","1848","혜화","혜화","516","0|||","0|","","","-1","1;1;1;1;1;2;3"
"krd-18490","서울경찰청","37.574067030","126.972713900","1849","종로","종로","536","0|||","0|","","","-1","1;1;1;1;1;2;3"
"krd-18491","서울경찰청(연등)","37.574214310","126.972143600","1849","종로","종로","536","0|||","0|","","","-1","1;1;1;1;1;2;3"
"krd-18500","청계2가","37.568298840","126.987635200","1850","종로","종로","295","0|||","0|","","","-1","1;1;1;1;1;2;3"
"krd-18501","청계2가(연등)","37.567975610","126.987606700","1850","종로","종로","295","0|||","0|","","","-1","1;1;1;1;1;2;3"
"krd-18510","창경궁","37.579019140","126.996682300","1851","혜화","혜화","196","0|||","0|","","","-1","1;1;1;1;1;2;3"
"krd-18520","면목우체국","37.582650090","127.088545800","1852","중랑","중랑","709","0|||","0|","","","-1","1;1;1;1;1;2;3"
"krd-18530","명신초교","37.582141900","127.014977100","1853","혜화","혜화","538","0|||","0|","","","-1","1;1;1;1;1;2;3"
"krd-18531","명신초교(연등)1","37.582289260","127.014711600","1853","혜화","혜화","538","0|||","0|","","","-1","1;1;1;1;1;2;3"
"krd-18532","명신초교(연등)2","37.581851830","127.015472300","1853","혜화","혜화","538","0|||","0|","","","-1","1;1;1;1;1;2;3"
"krd-18540","조계사","37.573945380","126.982929400","1854","종로","종로","514","0|||","0|","","","-1","1;1;1;1;1;2;3"
"krd-18550","팔판동","37.581069320","126.980239700","1855","종로","종로","46","0|||","0|","","","-1","1;1;1;1;1;2;3"
"krd-18551","팔판동(연등)","37.579992650","126.979953600","1855","종로","종로","46","0|||","0|","","","-1","1;1;1;1;1;2;3"
"krd-18570","정부서울청사","37.575746070","126.974347500","1857","종로","종로","529","0|||","0|","","","-1","1;1;1;1;1;2;3"
"krd-18571","정부서울청사(연등)","37.575793020","126.973526600","1857","종로","종로","529","0|||","0|","","","-1","1;1;1;1;1;2;3"
"krd-18580","세검정","37.599786420","126.957969400","1858","종로","종로","332","0|||","0|","","","-1","1;1;1;1;1;2;3"
"krd-18581","세검정(연등)","37.599656570","126.957607400","1858","종로","종로","332","0|||","0|","","","-1","1;1;1;1;1;2;3"
"krd-18590","신영동삼거리","37.603560360","126.961799800","1859","종로","종로","338","0|||","0|","","","-1","1;1;1;1;1;2;3"
"krd-18600","삼성아파트앞","37.611134020","126.978376700","1860","종로","종로","287","0|||","0|","","","-1","1;1;1;1;1;2;3"
"krd-18601","삼성아파트앞(연등)","37.610816790","126.977588700","1860","종로","종로","287","0|||","0|","","","-1","1;1;1;1;1;2;3"
"krd-18610","우리은행효자","37.578118320","126.971862300","1861","종로","종로","1920","0|||","0|","","","-1","1;1;1;1;1;2;3"
"krd-18620","귀빈빌딩","37.609257960","126.973992100","1862","종로","종로","287","0|||","0|","","","-1","1;1;1;1;1;2;3"
"krd-18621","귀빈빌딩(연등)","37.609640740","126.974846300","1862","종로","종로","287","0|||","0|","","","-1","1;1;1;1;1;2;3"
"krd-18630","종로3가","37.570461810","126.992140500","1863","혜화","혜화","521","0|||","0|","","","-1","1;1;1;1;1;2;3"
"krd-18640","청계4가","37.569040770","126.997938000","1864","혜화","혜화","1817","0|||","0|","","","-1","1;1;1;1;1;2;3"
"krd-18641","청계4가(연등)","37.568720790","126.997959700","1864","혜화","혜화","1817","0|||","0|","","","-1","1;1;1;1;1;2;3"
"krd-18650","동묘앞역","37.573025550","127.015676800","1865","혜화","혜화","532","0|||","0|","","","-1","1;1;1;1;1;2;3"
"krd-18651","동묘앞역(연등)1","37.573448190","127.017338700","1865","혜화","혜화","532","0|||","0|","","","-1","1;1;1;1;1;2;3"
"krd-18652","동묘앞역(연등)2","37.573932260","127.018784600","1865","혜화","혜화","532","0|||","0|","","","-1","1;1;1;1;1;2;3"
"krd-18653","동묘앞역(연등)3","37.574099190","127.019300100","1865","혜화","혜화","532","0|||","0|","","","-1","1;1;1;1;1;2;3"
"krd-18660","성균관대입구","37.583040420","126.998786800","1866","혜화","혜화","196","0|||","0|","","","-1","1;1;1;1;1;2;3"
"krd-18670","국립과학관","37.581580670","126.997106800","1867","혜화","혜화","196","0|||","0|","","","-1","1;1;1;1;1;2;3"
"krd-18720","포방터시장","37.599649810","126.948592200","1872","서대문","서대문","618","0|||","0|","","","-1","1;1;1;1;1;2;3"
"krd-18760","중계종합사회복지관","37.657233540","127.076847300","1876","노원","노원","304","0|||","0|","","","-1","1;1;1;1;1;2;3"
"krd-18761","중계종합사회복지관(연등)","37.656520390","127.078060900","1876","노원","노원","304","0|||","0|","","","-1","1;1;1;1;1;2;3"
"krd-18770","중계주공4;5단지","37.654555880","127.078111000","1877","노원","노원","304","0|||","0|","","","-1","1;1;1;1;1;2;3"
"krd-18771","중계주공4;5단지(연등)","37.655415450","127.078192000","1877","노원","노원","304","0|||","0|","","","-1","1;1;1;1;1;2;3"
"krd-18790","신창초교입구","37.640093210","127.039430500","1879","도봉","도봉","342","0|||","0|","","","-1","1;1;1;1;1;2;3"
"krd-18791","신창초교입구(연등)","37.638997510","127.038416700","1879","도봉","도봉","342","0|||","0|","","","-1","1;1;1;1;1;2;3"
"krd-18800","노원역","37.655625920","127.060258500","1880","노원","노원","298","0|||","0|","","","-1","1;1;1;1;1;2;3"
"krd-18830","대경상고","37.556882350","127.019683000","1883","성동","성동","1814","0|||","0|","","","-1","1;1;1;1;1;2;3"
"krd-18831","대경상고(연등)","37.556126600","127.019928200","1883","성동","성동","1814","0|||","0|","","","-1","1;1;1;1;1;2;3"
"krd-18840","마장현대아파트","37.570509640","127.042805400","1884","성동","성동","241","0|||","0|","","","-1","1;1;1;1;1;2;3"
"krd-18841","마장현대아파트(연등)","37.570838970","127.042218600","1884","성동","성동","241","0|||","0|","","","-1","1;1;1;1;1;2;3"
"krd-18880","은평중","37.610491930","126.911171800","1888","은평","은평","1870","0|||","0|","","","-1","1;1;1;1;1;2;3"
"krd-18890","갈현노인복지관입구","37.624941860","126.917201800","1889","은평","은평","664","0|||","0|","","","-1","1;1;1;1;1;2;3"
"krd-18900","신도초교앞","37.634127830","126.929937200","1890","은평","은평","688","0|||","0|","","","-1","1;1;1;1;1;2;3"
"krd-18910","청계문화회관","37.571572780","127.035129700","1891","성동","성동","636","0|||","0|","","","-1","1;1;1;1;1;2;3"
"krd-18911","청계문화회관(연등)","37.571802670","127.035824500","1891","성동","성동","636","0|||","0|","","","-1","1;1;1;1;1;2;3"
"krd-18920","두리마트","37.613733850","127.075425000","1892","중랑","중랑","130","0|||","0|","","","-1","1;1;1;1;1;2;3"
"krd-18940","무궁화약국","37.579502070","127.087386600","1894","중랑","중랑","709","0|||","0|","","","-1","1;1;1;1;1;2;3"
"krd-18990","한강대교북단","37.522419860","126.961776600","1899","용산","용산","563","0|||","0|","","","-1","1;1;1;1;1;2;3"
"krd-19000","중계9단지","37.641193840","127.076334300","1900","노원","노원","304","0|||","0|","","","-1","1;1;1;1;1;2;3"
"krd-19010","거성학마을","37.667132660","127.039387200","1901","도봉","도봉","269","0|||","0|","","","-1","1;1;1;1;1;2;3"
"krd-19011","거성학마을(연등)1","37.666496770","127.038371200","1901","도봉","도봉","269","0|||","0|","","","-1","1;1;1;1;1;2;3"
"krd-19012","거성학마을(연등)2","37.667285020","127.040889000","1901","도봉","도봉","269","0|||","0|","","","-1","1;1;1;1;1;2;3"
"krd-19030","스페이스본입구","37.574838250","126.970315000","1903","종로","종로","536","0|||","0|","","","-1","1;1;1;1;1;2;3"
"krd-19090","성가복지병원","37.606381250","127.031178100","1909","종암","종암","558","0|||","0|","","","-1","1;1;1;1;1;2;3"
"krd-19100","삼양동주민센터","37.627679820","127.018126500","1910","강북","강북","312","0|||","0|","","","-1","1;1;1;1;1;2;3"
"krd-19101","삼양동주민센터(연등)","37.628571370","127.018009600","1910","강북","강북","312","0|||","0|","","","-1","1;1;1;1;1;2;3"
"krd-19110","동일로주유소","37.568028730","127.078645100","1911","광진","광진","556","0|||","0|","","","-1","1;1;1;1;1;2;3"
"krd-19120","신내데시앙정문","37.610824380","127.101167100","1912","중랑","중랑","212","0|||","0|","","","-1","1;1;1;1;1;2;3"
"krd-19140","워커힐아파트","37.547993850","127.107004600","1914","광진","광진","204","0|||","0|","","","-1","1;1;1;1;1;2;3"
"krd-19141","워커힐아파트(연등)","37.549327000","127.108012000","1914","광진","광진","204","0|||","0|","","","-1","1;1;1;1;1;2;3"
"krd-19210","삼일빌딩앞","37.562666900","127.000280800","1921","중부","중부","188","0|||","0|","","","-1","1;1;1;1;1;2;3"
"krd-19220","홍은풍림아파트","37.595213030","126.940222200","1922","서대문","서대문","613","0|||","0|","","","-1","1;1;1;1;1;2;3"
"krd-19230","홍제역","37.588035130","126.945095300","1923","서대문","서대문","87","0|||","0|","","","-1","1;1;1;1;1;2;3"
"krd-19231","홍제역(연등)","37.588400300","126.944644100","1923","서대문","서대문","87","0|||","0|","","","-1","1;1;1;1;1;2;3"
"krd-19240","무악재한화아파트","37.582747130","126.950138600","1924","서대문","서대문","679","0|||","0|","","","-1","1;1;1;1;1;2;3"
"krd-19260","안산초교","37.580407680","126.951982300","1926","서대문","서대문","679","0|||","0|","","","-1","1;1;1;1;1;2;3"
"krd-19270","모과나무집","37.574743190","126.924696000","1927","서대문","서대문","97","0|||","0|","","","-1","1;1;1;1;1;2;3"
"krd-19280","서울역광장","37.554057580","126.972984400","1928","남대문","남대문","351","0|||","0|","","","-1","1;1;1;1;1;2;3"
"krd-19281","서울역광장(연등)","37.554415110","126.972838800","1928","남대문","남대문","351","0|||","0|","","","-1","1;1;1;1;1;2;3"
"krd-19290","서울역","37.557145550","126.972491800","1929","남대문","남대문","351","0|||","0|","","","-1","1;1;1;1;1;2;3"
"krd-19310","남산맨션","37.543620850","127.001665800","1931","용산","용산","624","0|||","0|","","","-1","1;1;1;1;1;2;3"
"krd-19320","한양공원","37.554648460","126.983366600","1932","남대문","남대문","1446","0|||","0|","","","-1","1;1;1;1;1;2;3"
"krd-19330","남산체육관","37.542645760","126.992264900","1933","용산","용산","1766","0|||","0|","","","-1","1;1;1;1;1;2;3"
"krd-19340","남산공원","37.542068440","126.995234500","1934","용산","용산","1766","0|||","0|","","","-1","1;1;1;1;1;2;3"
"krd-19350","고엽제전우회","37.548372870","126.984320200","1935","용산","용산","1766","0|||","0|","","","-1","1;1;1;1;1;2;3"
"krd-19360","독일문화원","37.551123300","126.983027100","1936","용산","용산","1766","0|||","0|","","","-1","1;1;1;1;1;2;3"
"krd-19370","남산도서관","37.552240500","126.981549200","1937","용산","용산","1766","0|||","0|","","","-1","1;1;1;1;1;2;3"
"krd-19371","남산도서관(연등)","37.552213550","126.982053100","1937","용산","용산","1766","0|||","0|","","","-1","1;1;1;1;1;2;3"
"krd-19430","시민교회","37.554506230","127.086283400","1943","광진","광진","1744","0|||","0|","","","-1","1;1;1;1;1;2;3"
"krd-19431","시민교회(연등)","37.554820700","127.085550600","1943","광진","광진","1744","0|||","0|","","","-1","1;1;1;1;1;2;3"
"krd-19450","신사씨티아파트","37.600610710","126.904434500","1945","서부","서부","616","0|||","0|","","","-1","1;1;1;1;1;2;3"
"krd-19460","청계광장","37.569285440","126.977247600","1946","종로","종로","528","0|||","0|","","","-1","1;1;1;1;1;2;3"
"krd-19461","청계광장(연등)1","37.569384500","126.977607200","1946","종로","종로","528","0|||","0|","","","-1","1;1;1;1;1;2;3"
"krd-19462","청계광장(연등)2","37.569073160","126.977565100","1946","종로","종로","528","0|||","0|","","","-1","1;1;1;1;1;2;3"
"krd-19470","천주교묵동성당","37.610742520","127.076018100","1947","중랑","중랑","130","0|||","0|","","","-1","1;1;1;1;1;2;3"
"krd-19471","천주교묵둥성당(연등)","37.611869560","127.075800400","1947","중랑","중랑","130","0|||","0|","","","-1","1;1;1;1;1;2;3"
"krd-19480","별장슈퍼","37.602138310","127.111094100","1948","중랑","중랑","1650","0|||","0|","","","-1","1;1;1;1;1;2;3"
"krd-19490","동원중동측","37.603563110","127.109989900","1949","중랑","중랑","1650","0|||","0|","","","-1","1;1;1;1;1;2;3"
"krd-19540","군자역","37.557179310","127.079492700","1954","광진","광진","544","0|||","0|","","","-1","1;1;1;1;1;2;3"
"krd-19550","대원고정문","37.563525380","127.086915200","1955","광진","광진","1771","0|||","0|","","","-1","1;1;1;1;1;2;3"
"krd-19560","교육연구정보원","37.554772780","126.981815400","1956","남대문","남대문","1446","0|||","0|","","","-1","1;1;1;1;1;2;3"
"krd-19561","교육연구정보원(연등)1","37.555244860","126.980861600","1956","남대문","남대문","1446","0|||","0|","","","-1","1;1;1;1;1;2;3"
"krd-19562","교육연구정보원(연등)2","37.554782670","126.981002600","1956","남대문","남대문","1446","0|||","0|","","","-1","1;1;1;1;1;2;3"
"krd-19563","교육연구정보원(연등)3","37.553957270","126.979628500","1956","남대문","남대문","1446","0|||","0|","","","-1","1;1;1;1;1;2;3"
"krd-19570","어린이회관앞","37.545614170","127.078587400","1957","광진","광진","448","0|||","0|","","","-1","1;1;1;1;1;2;3"
"krd-19590","럭키면목쇼핑센터","37.586987360","127.074203000","1959","중랑","중랑","1623","0|||","0|","","","-1","1;1;1;1;1;2;3"
"krd-19591","럭키면목쇼핑센터(연등)","37.587813300","127.073743100","1959","중랑","중랑","1623","0|||","0|","","","-1","1;1;1;1;1;2;3"
"krd-19600","신내데시앙후문","37.613084980","127.099916800","1960","중랑","중랑","212","0|||","0|","","","-1","1;1;1;1;1;2;3"
"krd-19610","신내서울의료원","37.613788850","127.097871300","1961","중랑","중랑","212","0|||","0|","","","-1","1;1;1;1;1;2;3"
"krd-19620","북부도로교통사업소앞","37.634061640","127.037623200","1962","강북","강북","320","0|||","0|","","","-1","1;1;1;1;1;2;3"
"krd-19630","대명신협","37.578685250","127.040341000","1963","동대문","동대문","1764","0|||","0|","","","-1","1;1;1;1;1;2;3"
"krd-19640","포레스트스퀘어","37.567981510","127.056993100","1964","동대문","동대문","1844","0|||","0|","","","-1","1;1;1;1;1;2;3"
"krd-19650","휘봉초교","37.587642930","127.069913000","1965","동대문","동대문","354","0|||","0|","","","-1","1;1;1;1;1;2;3"
"krd-19660","인덕대학","37.628951810","127.054989200","1966","노원","노원","211","0|||","0|","","","-1","1;1;1;1;1;2;3"
"krd-19680","삼양우체국앞","37.623875080","127.018636300","1968","강북","강북","312","0|||","0|","","","-1","1;1;1;1;1;2;3"
"krd-19690","한일택시","37.636140250","127.017302500","1969","강북","강북","312","0|||","0|","","","-1","1;1;1;1;1;2;3"
"krd-19700","동부교육지원청","37.579601850","127.056402100","1970","동대문","동대문","437","0|||","0|","","","-1","1;1;1;1;1;2;3"
"krd-19701","동부교육지원청(연등)","37.578386370","127.057252000","1970","동대문","동대문","437","0|||","0|","","","-1","1;1;1;1;1;2;3"
"krd-19710","휘경동청년주택","37.589165380","127.058935300","1971","동대문","동대문","511","0|||","0|","","","-1","1;1;1;1;1;2;3"
"krd-19720","배봉초교","37.578663890","127.068422400","1972","동대문","동대문","706","0|||","0|","","","-1","1;1;1;1;1;2;3"
"krd-19721","배봉초교(연등)","37.577618520","127.068075900","1972","동대문","동대문","706","0|||","0|","","","-1","1;1;1;1;1;2;3"
"krd-19730","청계한신휴플러스정문","37.572992930","127.045146800","1973","동대문","동대문","1767","0|||","0|","","","-1","1;1;1;1;1;2;3"
"krd-19740","송중장안빌라","37.615389820","127.033597700","1974","강북","강북","350","0|||","0|","","","-1","1;1;1;1;1;2;3"
"krd-19770","동서울케이블TV앞","37.542828480","127.061860700","1977","성동","성동","1077","0|||","0|","","","-1","1;1;1;1;1;2;3"
"krd-19780","해성자동차공업사앞","37.543253850","127.060421300","1978","성동","성동","1077","0|||","0|","","","-1","1;1;1;1;1;2;3"
"krd-19830","묵현초교","37.609361380","127.072966300","1983","중랑","중랑","50","0|||","0|","","","-1","1;1;1;1;1;2;3"
"krd-19840","한남대교남단진입램프","37.524747450","127.015591900","1984","용산","용산","1417","0|||","0|","","","-1","1;1;1;1;1;2;3"
"krd-19860","포레나노원1단지","37.664123200","127.061357900","1986","노원","노원","207","0|||","0|","","","-1","1;1;1;1;1;2;3"
"krd-19980","쌍용아파트","37.581523260","127.012278900","1998","혜화","혜화","538","0|||","0|","","","-1","1;1;1;1;1;2;3"
"krd-19990","원남동사거리","37.575887550","126.997353600","1999","혜화","혜화","531","0|||","0|","","","-1","1;1;1;1;1;2;3"
"krd-20000","백범광장","37.553919840","126.978892500","2000","남대문","남대문","230","0|||","0|","","","-1","1;1;1;1;1;2;3"
"krd-20010","청량리전화국","37.584816760","127.043732900","2001","동대문","동대문","114","0|||","0|","","","-1","1;1;1;1;1;2;3"
"krd-20040","삼각산동주민센터","37.614814420","127.020811200","2004","강북","강북","278","0|||","0|","","","-1","1;1;1;1;1;2;3"
"krd-20041","삼각산동주민센터(연등)","37.615358820","127.020143400","2004","강북","강북","278","0|||","0|","","","-1","1;1;1;1;1;2;3"
"krd-20050","대현교회","37.555275960","127.022095700","2005","성동","성동","262","0|||","0|","","","-1","1;1;1;1;1;2;3"
"krd-20060","금강병원","37.517868570","126.981283500","2006","용산","용산","306","0|||","0|","","","-1","1;1;1;1;1;2;3"
"krd-20061","금강병원(연등)","37.518003080","126.980382000","2006","용산","용산","306","0|||","0|","","","-1","1;1;1;1;1;2;3"
"krd-20070","한강맨션","37.520406520","126.972322200","2007","용산","용산","306","0|||","0|","","","-1","1;1;1;1;1;2;3"
"krd-20080","종암대교","37.591268250","127.039359700","2008","동대문","동대문","1963","0|||","0|","","","-1","1;1;1;1;1;2;3"
"krd-20081","종암대교(연등)1","37.591296110","127.038465200","2008","동대문","동대문","1963","0|||","0|","","","-1","1;1;1;1;1;2;3"
"krd-20082","종암대교(연등)2","37.591293620","127.040608300","2008","동대문","동대문","1963","0|||","0|","","","-1","1;1;1;1;1;2;3"
"krd-20110","석관고입구","37.608983800","127.064510900","2011","종암","종암","320","0|||","0|","","","-1","1;1;1;1;1;2;3"
"krd-20111","석관고입구(연등)","37.610075060","127.063489800","2011","종암","종암","320","0|||","0|","","","-1","1;1;1;1;1;2;3"
"krd-20180","용마맨션","37.566354480","127.086465400","2018","광진","광진","1771","0|||","0|","","","-1","1;1;1;1;1;2;3"
"krd-20190","동서울호텔","37.534530930","127.091729000","2019","광진","광진","701","0|||","0|","","","-1","1;1;1;1;1;2;3"
"krd-20200","현대6단지","37.538635190","127.093884900","2020","광진","광진","343","0|||","0|","","","-1","1;1;1;1;1;2;3"
"krd-20210","영화사입구","37.554490240","127.094292700","2021","광진","광진","1882","0|||","0|","","","-1","1;1;1;1;1;2;3"
"krd-20220","경원탕","37.561117600","127.084489800","2022","광진","광진","1771","0|||","0|","","","-1","1;1;1;1;1;2;3"
"krd-20221","경원탕(연등)","37.560493060","127.085635400","2022","광진","광진","1771","0|||","0|","","","-1","1;1;1;1;1;2;3"
"krd-20230","중곡역","37.566275100","127.084503600","2023","광진","광진","411","0|||","0|","","","-1","1;1;1;1;1;2;3"
"krd-20231","중곡역(연등)","37.567600980","127.085221500","2023","광진","광진","411","0|||","0|","","","-1","1;1;1;1;1;2;3"
"krd-20240","정릉힐스테이트","37.614042500","127.006206500","2024","성북","성북","603","0|||","0|","","","-1","1;1;1;1;1;2;3"
"krd-20250","봉화초교삼거리","37.613405500","127.091259200","2025","중랑","중랑","1851","0|||","0|","","","-1","1;1;1;1;1;2;3"
"krd-20251","봉화초교삼거리(연등)","37.614254930","127.091880000","2025","중랑","중랑","1851","0|||","0|","","","-1","1;1;1;1;1;2;3"
"krd-20270","예일약국","37.540122160","127.089561400","2027","광진","광진","1609","0|||","0|","","","-1","1;1;1;1;1;2;3"
"krd-20280","이태원소방파출소","37.534570640","126.995550400","2028","용산","용산","69","0|||","0|","","","-1","1;1;1;1;1;2;3"
"krd-20310","청계한신휴플러스","37.571929750","127.044175900","2031","동대문","동대문","340","0|||","0|","","","-1","1;1;1;1;1;2;3"
"krd-20320","신답역","37.569844510","127.048701100","2032","동대문","동대문","245","0|||","0|","","","-1","1;1;1;1;1;2;3"
"krd-20350","양록농협","37.613185640","127.034269000","2035","강북","강북","704","0|||","0|","","","-1","1;1;1;1;1;2;3"
"krd-20351","양록농협(연등)","37.613793110","127.033967100","2035","강북","강북","704","0|||","0|","","","-1","1;1;1;1;1;2;3"
"krd-20360","신현중교","37.604636670","127.090877500","2036","중랑","중랑","1827","0|||","0|","","","-1","1;1;1;1;1;2;3"
"krd-20361","신현중교(연등)","37.605025740","127.091506100","2036","중랑","중랑","1827","0|||","0|","","","-1","1;1;1;1;1;2;3"
"krd-20370","포레나노원2단지","37.661477270","127.061860200","2037","노원","노원","1109","0|||","0|","","","-1","1;1;1;1;1;2;3"
"krd-20380","동대문중","37.573357480","127.052225000","2038","동대문","동대문","1879","0|||","0|","","","-1","1;1;1;1;1;2;3"
"krd-20400","청량리119안전센터","37.587165410","127.052706700","2040","동대문","동대문","122","0|||","0|","","","-1","1;1;1;1;1;2;3"
"krd-20470","74반점","37.647913870","127.012799100","2047","강북","강북","167","0|||","0|","","","-1","1;1;1;1;1;2;3"
"krd-20490","3;4번정문","37.534921830","126.984651500","2049","용산","용산","682","0|||","0|","","","-1","1;1;1;1;1;2;3"
"krd-20500","청파동삼거리","37.548211540","126.970055900","2050","용산","용산","708","0|||","0|","","","-1","1;1;1;1;1;2;3"
"krd-20501","청파동삼거리(연등)","37.549189360","126.969950200","2050","용산","용산","708","0|||","0|","","","-1","1;1;1;1;1;2;3"
"krd-20510","청파동입구","37.549558100","126.971812800","2051","용산","용산","682","0|||","0|","","","-1","1;1;1;1;1;2;3"
"krd-20520","강변맨션","37.523963270","126.959114800","2052","용산","용산","282","0|||","0|","","","-1","1;1;1;1;1;2;3"
"krd-20521","강변맨션(연등)","37.523510520","126.959948200","2052","용산","용산","282","0|||","0|","","","-1","1;1;1;1;1;2;3"
"krd-20530","진주문순복음교회","37.640644240","127.015409700","2053","강북","강북","689","0|||","0|","","","-1","1;1;1;1;1;2;3"
"krd-20540","국립중앙박물관","37.521521410","126.977124300","2054","용산","용산","640","0|||","0|","","","-1","1;1;1;1;1;2;3"
"krd-20541","국립중앙박물관(연등)","37.520990410","126.978808000","2054","용산","용산","640","0|||","0|","","","-1","1;1;1;1;1;2;3"
"krd-20550","국민은행효창","37.541379270","126.962094300","2055","용산","용산","1675","0|||","0|","","","-1","1;1;1;1;1;2;3"
"krd-20551","국민은행효창(연등)","37.542179750","126.962097300","2055","용산","용산","1675","0|||","0|","","","-1","1;1;1;1;1;2;3"
"krd-20560","국방부","37.534615950","126.975899600","2056","용산","용산","682","0|||","0|","","","-1","1;1;1;1;1;2;3"
"krd-20590","남영삼거리","37.542048410","126.972779400","2059","용산","용산","682","0|||","0|","","","-1","1;1;1;1;1;2;3"
"krd-20600","남영역","37.541682700","126.970787300","2060","용산","용산","682","0|||","0|","","","-1","1;1;1;1;1;2;3"
"krd-20610","다래원","37.534717850","126.997281000","2061","용산","용산","69","0|||","0|","","","-1","1;1;1;1;1;2;3"
"krd-20620","데이콤빌딩","37.524151540","126.963149800","2062","용산","용산","563","0|||","0|","","","-1","1;1;1;1;1;2;3"
"krd-20630","동빙고동","37.529453730","126.991351800","2063","용산","용산","179","0|||","0|","","","-1","1;1;1;1;1;2;3"
"krd-20640","동자동","37.551128640","126.972214700","2064","용산","용산","682","0|||","0|","","","-1","1;1;1;1;1;2;3"
"krd-20660","미주고시원","37.548219510","126.977858800","2066","용산","용산","1700","0|||","0|","","","-1","1;1;1;1;1;2;3"
"krd-20661","미주고시원(연등)","37.548767050","126.977724000","2066","용산","용산","1700","0|||","0|","","","-1","1;1;1;1;1;2;3"
"krd-20670","버들약국","37.536766250","127.000409700","2067","용산","용산","69","0|||","0|","","","-1","1;1;1;1;1;2;3"
"krd-20680","KT한강로빌딩","37.531586710","126.970180800","2068","용산","용산","563","0|||","0|","","","-1","1;1;1;1;1;2;3"
"krd-20681","KT한강로빌딩(연등)","37.532039770","126.970625900","2068","용산","용산","563","0|||","0|","","","-1","1;1;1;1;1;2;3"
"krd-20690","STX빌딩","37.553652690","126.974191700","2069","남대문","남대문","279","0|||","0|","","","-1","1;1;1;1;1;2;3"
"krd-20691","STX빌딩(연등)","37.553455110","126.975318700","2069","남대문","남대문","279","0|||","0|","","","-1","1;1;1;1;1;2;3"
"krd-20700","1;2번정문","37.534758120","126.980757200","2070","용산","용산","682","0|||","0|","","","-1","1;1;1;1;1;2;3"
"krd-20710","보광동","37.524990880","127.002210800","2071","용산","용산","596","0|||","0|","","","-1","1;1;1;1;1;2;3"
"krd-20720","보광초교","37.531455770","126.996617900","2072","용산","용산","1635","0|||","0|","","","-1","1;1;1;1;1;2;3"
"krd-20730","부영주유소","37.530952340","126.954628300","2073","용산","용산","282","0|||","0|","","","-1","1;1;1;1;1;2;3"
"krd-20740","북한남삼거리","37.541975560","127.002285400","2074","용산","용산","69","0|||","0|","","","-1","1;1;1;1;1;2;3"
"krd-20750","삼각지역","37.535675310","126.974013800","2075","용산","용산","682","0|||","0|","","","-1","1;1;1;1;1;2;3"
"krd-20760","새남터성당","37.525848300","126.956551500","2076","용산","용산","282","0|||","0|","","","-1","1;1;1;1;1;2;3"
"krd-20770","서빙고초교","37.522225640","126.990801600","2077","용산","용산","1029","0|||","0|","","","-1","1;1;1;1;1;2;3"
"krd-20780","소화아동병원","37.553892100","126.969033000","2078","용산","용산","708","0|||","0|","","","-1","1;1;1;1;1;2;3"
"krd-20781","소화아동병원(연등)","37.552673150","126.969144700","2078","용산","용산","708","0|||","0|","","","-1","1;1;1;1;1;2;3"
"krd-20790","효창공원","37.545137210","126.965259000","2079","용산","용산","1675","0|||","0|","","","-1","1;1;1;1;1;2;3"
"krd-20791","효창공원(연등)","37.544875630","126.966851800","2079","용산","용산","1675","0|||","0|","","","-1","1;1;1;1;1;2;3"
"krd-20800","숙명여대입구","37.544914710","126.970608100","2080","용산","용산","682","0|||","0|","","","-1","1;1;1;1;1;2;3"
"krd-20810","숙대입구역7번출구","37.543334360","126.972465800","2081","용산","용산","682","0|||","0|","","","-1","1;1;1;1;1;2;3"
"krd-20811","숙대입구역7번출구(연등)","37.543751610","126.972381400","2081","용산","용산","682","0|||","0|","","","-1","1;1;1;1;1;2;3"
"krd-20820","신용산초교","37.519499720","126.975233000","2082","용산","용산","306","0|||","0|","","","-1","1;1;1;1;1;2;3"
"krd-20821","신용산초교(연등)1","37.519727220","126.974524500","2082","용산","용산","306","0|||","0|","","","-1","1;1;1;1;1;2;3"
"krd-20822","신용산초교(연등)2","37.519939940","126.973913700","2082","용산","용산","306","0|||","0|","","","-1","1;1;1;1;1;2;3"
"krd-20830","신용산아파트","37.521198240","126.969628800","2083","용산","용산","306","0|||","0|","","","-1","1;1;1;1;1;2;3"
"krd-20831","신용산아파트(연등)1","37.521436990","126.967743600","2083","용산","용산","306","0|||","0|","","","-1","1;1;1;1;1;2;3"
"krd-20832","신용산아파트(연등)2","37.521321570","126.968707600","2083","용산","용산","306","0|||","0|","","","-1","1;1;1;1;1;2;3"
"krd-20833","신용산아파트(연등)3","37.520960830","126.970665800","2083","용산","용산","306","0|||","0|","","","-1","1;1;1;1;1;2;3"
"krd-20840","신한은행원효","37.535909840","126.962663800","2084","용산","용산","314","0|||","0|","","","-1","1;1;1;1;1;2;3"
"krd-20850","용마슈퍼","37.540624960","126.958269400","2085","용산","용산","270","0|||","0|","","","-1","1;1;1;1;1;2;3"
"krd-20860","효창공원앞역","37.539298980","126.961377000","2086","용산","용산","314","0|||","0|","","","-1","1;1;1;1;1;2;3"
"krd-20861","효창공원앞역(연등)","37.540217820","126.961751900","2086","용산","용산","314","0|||","0|","","","-1","1;1;1;1;1;2;3"
"krd-20870","용문시장","37.537465740","126.960353600","2087","용산","용산","314","0|||","0|","","","-1","1;1;1;1;1;2;3"
"krd-20880","용산1호정문","37.537652810","126.973950600","2088","용산","용산","682","0|||","0|","","","-1","1;1;1;1;1;2;3"
"krd-20890","용산고교","37.545930420","126.978481600","2089","용산","용산","594","0|||","0|","","","-1","1;1;1;1;1;2;3"
"krd-20891","용산고교(연등)","37.546522740","126.978329700","2089","용산","용산","594","0|||","0|","","","-1","1;1;1;1;1;2;3"
"krd-20900","용산보건소","37.537997520","126.966340000","2090","용산","용산","682","0|||","0|","","","-1","1;1;1;1;1;2;3"
"krd-20910","용산서","37.540218460","126.969001400","2091","용산","용산","622","0|||","0|","","","-1","1;1;1;1;1;2;3"
"krd-20920","용산역","37.527596880","126.966356900","2092","용산","용산","563","0|||","0|","","","-1","1;1;1;1;1;2;3"
"krd-20921","용산역(연등)","37.527911520","126.966558300","2092","용산","용산","563","0|||","0|","","","-1","1;1;1;1;1;2;3"
"krd-20930","용산우체국","37.530261950","126.968970000","2093","용산","용산","563","0|||","0|","","","-1","1;1;1;1;1;2;3"
"krd-20940","숙대입구역","37.545110170","126.972005200","2094","용산","용산","682","0|||","0|","","","-1","1;1;1;1;1;2;3"
"krd-20950","원효로2가","37.535362020","126.961637800","2095","용산","용산","314","0|||","0|","","","-1","1;1;1;1;1;2;3"
"krd-20951","원효로2가(연등)","37.534409560","126.962233500","2095","용산","용산","314","0|||","0|","","","-1","1;1;1;1;1;2;3"
"krd-20960","원효3가","37.534211460","126.958772000","2096","용산","용산","314","0|||","0|","","","-1","1;1;1;1;1;2;3"
"krd-20970","원효산호아파트","37.533382070","126.950175200","2097","용산","용산","582","0|||","0|","","","-1","1;1;1;1;1;2;3"
"krd-20980","신용산지하차도","37.530136340","126.967325500","2098","용산","용산","563","0|||","0|","","","-1","1;1;1;1;1;2;3"
"krd-20990","이촌119안전센터","37.530146310","126.953238100","2099","용산","용산","282","0|||","0|","","","-1","1;1;1;1;1;2;3"
"krd-21000","이촌역","37.522401480","126.974385100","2100","용산","용산","231","0|||","0|","","","-1","1;1;1;1;1;2;3"
"krd-21010","이태원입구","37.534086450","126.988126500","2101","용산","용산","682","0|||","0|","","","-1","1;1;1;1;1;2;3"
"krd-21011","이태원입구(연등)","37.534172460","126.988888000","2101","용산","용산","682","0|||","0|","","","-1","1;1;1;1;1;2;3"
"krd-21020","이태원","37.534274590","126.990391700","2102","용산","용산","69","0|||","0|","","","-1","1;1;1;1;1;2;3"
"krd-21021","이태원(연등)","37.534362480","126.991959000","2102","용산","용산","69","0|||","0|","","","-1","1;1;1;1;1;2;3"
"krd-21030","일심외과","37.545280890","126.973408300","2103","용산","용산","682","0|||","0|","","","-1","1;1;1;1;1;2;3"
"krd-21040","전자랜드","37.533120050","126.961592400","2104","용산","용산","142","0|||","0|","","","-1","1;1;1;1;1;2;3"
"krd-21041","전자랜드(연등)","37.533263500","126.959846500","2104","용산","용산","142","0|||","0|","","","-1","1;1;1;1;1;2;3"
"krd-21050","송원초교","37.553225880","127.070246800","2105","광진","광진","424","0|||","0|","","","-1","1;1;1;1;1;2;3"
"krd-21060","전자상가입구","37.529532980","126.968240600","2106","용산","용산","563","0|||","0|","","","-1","1;1;1;1;1;2;3"
"krd-21070","한국폴리텍대학","37.530163050","126.996943600","2107","용산","용산","1398","0|||","0|","","","-1","1;1;1;1;1;2;3"
"krd-21071","한국폴리텍대학(연등)","37.530439230","126.996742100","2107","용산","용산","1398","0|||","0|","","","-1","1;1;1;1;1;2;3"
"krd-21080","제일기획앞","37.535287140","126.998834000","2108","용산","용산","69","0|||","0|","","","-1","1;1;1;1;1;2;3"
"krd-21081","제일기획앞(연등)","37.535967640","126.999596200","2108","용산","용산","69","0|||","0|","","","-1","1;1;1;1;1;2;3"
"krd-21090","제일은행이촌","37.527433640","126.955103300","2109","용산","용산","282","0|||","0|","","","-1","1;1;1;1;1;2;3"
"krd-21110","철도정비창","37.532742620","126.957575600","2111","용산","용산","142","0|||","0|","","","-1","1;1;1;1;1;2;3"
"krd-21111","철도정비창(연등)1","37.533045580","126.958752600","2111","용산","용산","142","0|||","0|","","","-1","1;1;1;1;1;2;3"
"krd-21112","철도정비창(연등)2","37.532547100","126.956907100","2111","용산","용산","142","0|||","0|","","","-1","1;1;1;1;1;2;3"
"krd-21140","한강중교앞","37.525706180","126.991839700","2114","용산","용산","179","0|||","0|","","","-1","1;1;1;1;1;2;3"
"krd-21141","한강중교앞(연등)","37.525284580","126.991635400","2114","용산","용산","179","0|||","0|","","","-1","1;1;1;1;1;2;3"
"krd-21150","한남치안센터","37.531017600","127.006106500","2115","용산","용산","1643","0|||","0|","","","-1","1;1;1;1;1;2;3"
"krd-21151","한남치안센터(연등)","37.531840690","127.005715900","2115","용산","용산","1643","0|||","0|","","","-1","1;1;1;1;1;2;3"
"krd-21160","현대원효로센터","37.532168530","126.954542500","2116","용산","용산","555","0|||","0|","","","-1","1;1;1;1;1;2;3"
"krd-21170","한남오거리","37.533423500","127.007607700","2117","용산","용산","40","0|||","0|","","","-1","1;1;1;1;1;2;3"
"krd-21180","한남역","37.528806380","127.007036000","2118","용산","용산","264","0|||","0|","","","-1","1;1;1;1;1;2;3"
"krd-21190","용산중학교","37.546273480","126.980449800","2119","용산","용산","737","0|||","0|","","","-1","1;1;1;1;1;2;3"
"krd-21200","한남지하차도","37.534236470","127.000549200","2120","용산","용산","1621","0|||","0|","","","-1","1;1;1;1;1;2;3"
"krd-21210","한남아이파크","37.532015780","127.006939600","2121","용산","용산","264","0|||","0|","","","-1","1;1;1;1;1;2;3"
"krd-21211","한남아이파크(연등)1","37.531120820","127.006816100","2121","용산","용산","264","0|||","0|","","","-1","1;1;1;1;1;2;3"
"krd-21212","한남아이파크(연등)2","37.530871310","127.007705600","2121","용산","용산","264","0|||","0|","","","-1","1;1;1;1;1;2;3"
"krd-21220","후암삼거리","37.553337520","126.976464400","2122","용산","용산","279","0|||","0|","","","-1","1;1;1;1;1;2;3"
"krd-21221","후암삼거리(연등)","37.552977570","126.976553400","2122","용산","용산","279","0|||","0|","","","-1","1;1;1;1;1;2;3"
"krd-21230","UN빌리지","37.534613180","127.010351700","2123","용산","용산","490","0|||","0|","","","-1","1;1;1;1;1;2;3"
"krd-21231","UN빌리지(연등)","37.534050900","127.008944100","2123","용산","용산","490","0|||","0|","","","-1","1;1;1;1;1;2;3"
"krd-21240","이태원역","37.534477790","126.993889300","2124","용산","용산","69","0|||","0|","","","-1","1;1;1;1;1;2;3"
"krd-21260","래미안용산","37.529492870","126.966527100","2126","용산","용산","563","0|||","0|","","","-1","1;1;1;1;1;2;3"
"krd-21280","수유3동주민센터","37.639044850","127.022720600","2128","강북","강북","1676","0|||","0|","","","-1","1;1;1;1;1;2;3"
"krd-21281","수유3동주민센터(연등)1","37.637741030","127.022873600","2128","강북","강북","1676","0|||","0|","","","-1","1;1;1;1;1;2;3"
"krd-21282","수유3동주민센터(연등)2","37.640620850","127.022540600","2128","강북","강북","1676","0|||","0|","","","-1","1;1;1;1;1;2;3"
"krd-21420","삼각산초교","37.616536440","127.015471700","2142","강북","강북","278","0|||","0|","","","-1","1;1;1;1;1;2;3"
"krd-21421","삼각산초교(연등)","37.617167750","127.015411400","2142","강북","강북","278","0|||","0|","","","-1","1;1;1;1;1;2;3"
"krd-21440","한강자이에클라트","37.531846250","126.955332500","2144","용산","용산","555","0|||","0|","","","-1","1;1;1;1;1;2;3"
"krd-21441","한강자이에클라트(연등)","37.532398790","126.955077900","2144","용산","용산","555","0|||","0|","","","-1","1;1;1;1;1;2;3"
"krd-21450","신동아쇼핑","37.517848510","126.985461000","2145","용산","용산","240","0|||","0|","","","-1","1;1;1;1;1;2;3"
"krd-21460","석계역","37.614266850","127.065001100","2146","노원","노원","569","0|||","0|","","","-1","1;1;1;1;1;2;3"
"krd-21461","석계역(연등)","37.614873920","127.064839300","2146","노원","노원","569","0|||","0|","","","-1","1;1;1;1;1;2;3"
"krd-21470","고려대이공대","37.586266900","127.025303000","2147","성북","성북","170","0|||","0|","","","-1","1;1;1;1;1;2;3"
"krd-21520","수락초교삼거리","37.684772210","127.055430900","2152","노원","노원","298","0|||","0|","","","-1","1;1;1;1;1;2;3"
"krd-21540","강북구민운동장","37.630659190","127.041552500","2154","강북","강북","320","0|||","0|","","","-1","1;1;1;1;1;2;3"
"krd-21550","용두공원","37.572836090","127.041832100","2155","동대문","동대문","340","0|||","0|","","","-1","1;1;1;1;1;2;3"
"krd-21590","선곡초교","37.618256430","127.057337800","2159","노원","노원","714","0|||","0|","","","-1","1;1;1;1;1;2;3"
"krd-21610","도봉중교","37.671234640","127.046424900","2161","도봉","도봉","628","0|||","0|","","","-1","1;1;1;1;1;2;3"
"krd-21611","도봉중교(연등)","37.672591570","127.046596700","2161","도봉","도봉","628","0|||","0|","","","-1","1;1;1;1;1;2;3"
"krd-21630","우이3교","37.637175410","127.036648800","2163","도봉","도봉","342","0|||","0|","","","-1","1;1;1;1;1;2;3"
"krd-21631","우이3교(연등)","37.637841080","127.037347100","2163","도봉","도봉","342","0|||","0|","","","-1","1;1;1;1;1;2;3"
"krd-21660","보문시장","37.583429580","127.020416200","2166","성북","성북","213","0|||","0|","","","-1","1;1;1;1;1;2;3"
"krd-21670","농협전농지점","37.575131390","127.049171000","2167","동대문","동대문","220","0|||","0|","","","-1","1;1;1;1;1;2;3"
"krd-21671","농협전농지점(연등)","37.574276470","127.050627700","2167","동대문","동대문","220","0|||","0|","","","-1","1;1;1;1;1;2;3"
"krd-21680","봉화지구대","37.614437250","127.096044000","2168","중랑","중랑","567","0|||","0|","","","-1","1;1;1;1;1;2;3"
"krd-21681","봉화지구대(연등)","37.614874150","127.094988500","2168","중랑","중랑","567","0|||","0|","","","-1","1;1;1;1;1;2;3"
"krd-21690","동성아파트앞","37.610343850","127.096066300","2169","중랑","중랑","567","0|||","0|","","","-1","1;1;1;1;1;2;3"
"krd-21710","우정에쉐르앞","37.599928830","127.009394100","2171","성북","성북","1699","0|||","0|","","","-1","1;1;1;1;1;2;3"
"krd-21720","청량리민자역사고가","37.581389390","127.049967700","2172","동대문","동대문","1758","0|||","0|","","","-1","1;1;1;1;1;2;3"
"krd-21730","용문동주민센터입구","37.538499590","126.959673900","2173","용산","용산","314","0|||","0|","","","-1","1;1;1;1;1;2;3"
"krd-21740","이문쌍용아파트","37.599128850","127.069213900","2174","동대문","동대문","200","0|||","0|","","","-1","1;1;1;1;1;2;3"
"krd-21741","이문쌍용아파트(연등)","37.600176630","127.070121500","2174","동대문","동대문","200","0|||","0|","","","-1","1;1;1;1;1;2;3"
"krd-21900","상계14;16단지","37.670525550","127.056252300","2190","노원","노원","298","0|||","0|","","","-1","1;1;1;1;1;2;3"
"krd-21910","용마한신아파트","37.580631450","127.093116900","2191","중랑","중랑","562","0|||","0|","","","-1","1;1;1;1;1;2;3"
"krd-21911","용마한신아파트(연등)","37.579754960","127.092402500","2191","중랑","중랑","562","0|||","0|","","","-1","1;1;1;1;1;2;3"
"krd-21940","용마금호타운","37.582940440","127.093545500","2194","중랑","중랑","562","0|||","0|","","","-1","1;1;1;1;1;2;3"
"krd-22000","잠수장","37.520975850","126.996677500","2200","용산","용산","1029","0|||","0|","","","-1","1;1;1;1;1;2;3"
"krd-22020","도원래미안삼성아파트","37.539840480","126.956992000","2202","마포","마포","314","0|||","0|","","","-1","1;1;1;1;1;2;3"
"krd-22021","도원래미안삼성아파트(연등)1","37.539475530","126.958186800","2202","마포","마포","314","0|||","0|","","","-1","1;1;1;1;1;2;3"
"krd-22022","도원래미안삼성아파트(연등)2","37.539405290","126.958481800","2202","마포","마포","314","0|||","0|","","","-1","1;1;1;1;1;2;3"
"krd-22040","상수동리버하임앞","37.545039420","126.924526400","2204","마포","마포","665","0|||","0|","","","-1","1;1;1;1;1;2;3"
"krd-22060","대우증권","37.561151380","127.066735400","2206","동대문","동대문","116","0|||","0|","","","-1","1;1;1;1;1;2;3"
"krd-22090","노원우체국","37.646666850","127.080926500","2209","노원","노원","216","0|||","0|","","","-1","1;1;1;1;1;2;3"
"krd-22100","구남초교","37.537156790","127.093192700","2210","광진","광진","199","0|||","0|","","","-1","1;1;1;1;1;2;3"
"krd-22101","구남초교(연등)1","37.536703990","127.092860900","2210","광진","광진","199","0|||","0|","","","-1","1;1;1;1;1;2;3"
"krd-22102","구남초교(연등)2","37.536848300","127.093700700","2210","광진","광진","199","0|||","0|","","","-1","1;1;1;1;1;2;3"
"krd-22130","상월곡동아아파트","37.607765130","127.047323400","2213","종암","종암","283","0|||","0|","","","-1","1;1;1;1;1;2;3"
"krd-22200","상계11;13단지","37.667324890","127.057102400","2220","노원","노원","298","0|||","0|","","","-1","1;1;1;1;1;2;3"
"krd-22210","고대정문","37.588075870","127.034446900","2221","성북","성북","623","0|||","0|","","","-1","1;1;1;1;1;2;3"
"krd-22240","장미아파트앞","37.543451560","127.044680200","2224","성동","성동","551","0|||","0|","","","-1","1;1;1;1;1;2;3"
"krd-22250","광운대","37.620085020","127.058452700","2225","노원","노원","735","0|||","0|","","","-1","1;1;1;1;1;2;3"
"krd-22251","광운대(연등)1","37.620627500","127.058816700","2225","노원","노원","735","0|||","0|","","","-1","1;1;1;1;1;2;3"
"krd-22252","광운대(연등)2","37.619265870","127.057941400","2225","노원","노원","735","0|||","0|","","","-1","1;1;1;1;1;2;3"
"krd-22260","고대앞사거리","37.586408630","127.032836600","2226","성북","성북","623","0|||","0|","","","-1","1;1;1;1;1;2;3"
"krd-22270","서강대정문","37.551555680","126.937603800","2227","마포","마포","277","0|||","0|","","","-1","1;1;1;1;1;2;3"
"krd-22271","서강대정문(연등)","37.551275750","126.937701100","2227","마포","마포","277","0|||","0|","","","-1","1;1;1;1;1;2;3"
"krd-22280","서강한진해모로아파트","37.545626250","126.929187700","2228","마포","마포","665","0|||","0|","","","-1","1;1;1;1;1;2;3"
"krd-22281","서강한진해모로아파트(연등)","37.545625810","126.928565900","2228","마포","마포","665","0|||","0|","","","-1","1;1;1;1;1;2;3"
"krd-22290","서교동사거리","37.552717020","126.918233900","2229","마포","마포","540","0|||","0|","","","-1","1;1;1;1;1;2;3"
"krd-22291","서교동사거리(연등)","37.552021350","126.919052300","2229","마포","마포","540","0|||","0|","","","-1","1;1;1;1;1;2;3"
"krd-22300","방학사거리","37.662835900","127.042439400","2230","도봉","도봉","617","0|||","0|","","","-1","1;1;1;1;1;2;3"
"krd-22310","월드컵파크207동","37.575987830","126.891177400","2231","마포","마포","37","0|||","0|","","","-1","1;1;1;1;1;2;3"
"krd-22340","서울신용평가정보삼거리","37.545556140","126.926314200","2234","마포","마포","665","0|||","0|","","","-1","1;1;1;1;1;2;3"
"krd-22341","서울신용평가정보삼거리(연등)1","37.545769870","126.926776200","2234","마포","마포","665","0|||","0|","","","-1","1;1;1;1;1;2;3"
"krd-22342","서울신용평가정보삼거리(연등)2","37.545704810","126.927497200","2234","마포","마포","665","0|||","0|","","","-1","1;1;1;1;1;2;3"
"krd-22460","모래내고가하부","37.566528450","126.921937200","2246","서대문","서대문","561","0|||","0|","","","-1","1;1;1;1;1;2;3"
"krd-22470","느티나무집","37.577142010","126.928738400","2247","서대문","서대문","97","0|||","0|","","","-1","1;1;1;1;1;2;3"
"krd-22510","서울문화고교","37.662713230","127.046620100","2251","도봉","도봉","617","0|||","0|","","","-1","1;1;1;1;1;2;3"
"krd-22560","신석초교","37.543431840","126.937988300","2256","마포","마포","677","0|||","0|","","","-1","1;1;1;1;1;2;3"
"krd-22561","신석초교(연등)","37.543958510","126.938408000","2256","마포","마포","677","0|||","0|","","","-1","1;1;1;1;1;2;3"
"krd-22570","상수동사거리","37.545185450","126.922912000","2257","마포","마포","665","0|||","0|","","","-1","1;1;1;1;1;2;3"
"krd-22580","신수동사거리","37.545066810","126.934245500","2258","마포","마포","677","0|||","0|","","","-1","1;1;1;1;1;2;3"
"krd-22581","신수동사거리(연등)","37.544856790","126.935355900","2258","마포","마포","677","0|||","0|","","","-1","1;1;1;1;1;2;3"
"krd-22590","신수천주교회","37.547386690","126.934313800","2259","마포","마포","162","0|||","0|","","","-1","1;1;1;1;1;2;3"
"krd-22600","창신빌앞","37.620543100","127.032595000","2260","강북","강북","263","0|||","0|","","","-1","1;1;1;1;1;2;3"
"krd-22610","신촌현대백화점","37.555997040","126.934410600","2261","마포","마포","45","0|||","0|","","","-1","1;1;1;1;1;2;3"
"krd-22620","안국동사거리","37.575505330","126.982994300","2262","종로","종로","530","0|||","0|","","","-1","1;1;1;1;1;2;3"
"krd-22621","안국동사거리(연등)","37.575993450","126.984320100","2262","종로","종로","530","0|||","0|","","","-1","1;1;1;1;1;2;3"
"krd-22630","상봉2동","37.593170080","127.088630400","2263","중랑","중랑","243","0|||","0|","","","-1","1;1;1;1;1;2;3"
"krd-22640","동부시장","37.594213870","127.077264600","2264","중랑","중랑","1726","0|||","0|","","","-1","1;1;1;1;1;2;3"
"krd-22650","면목초교앞","37.590478990","127.087062600","2265","중랑","중랑","243","0|||","0|","","","-1","1;1;1;1;1;2;3"
"krd-22660","혜원탕","37.593531980","127.090327300","2266","중랑","중랑","1750","0|||","0|","","","-1","1;1;1;1;1;2;3"
"krd-22710","유니세프앞","37.581105380","126.973689000","2271","종로","종로","697","0|||","0|","","","-1","1;1;1;1;1;2;3"
"krd-22790","아리랑고개입구","37.603477640","127.013321900","2279","성북","성북","643","0|||","0|","","","-1","1;1;1;1;1;2;3"
"krd-22791","아리랑고개입구(연등)","37.602677050","127.013480900","2279","성북","성북","643","0|||","0|","","","-1","1;1;1;1;1;2;3"
"krd-22800","길음삼성아파트","37.608905240","127.020517200","2280","성북","성북","653","0|||","0|","","","-1","1;1;1;1;1;2;3"
"krd-22820","돈암119안전센터","37.590877860","127.014289600","2282","성북","성북","213","0|||","0|","","","-1","1;1;1;1;1;2;3"
"krd-22840","성북LIG주택단지입구","37.596478140","126.985598400","2284","성북","성북","515","0|||","0|","","","-1","1;1;1;1;1;2;3"
"krd-22850","삼청각","37.596487170","126.984331500","2285","성북","성북","655","0|||","0|","","","-1","1;1;1;1;1;2;3"
"krd-22860","중암중교","37.572491280","126.905661300","2286","마포","마포","608","0|||","0|","","","-1","1;1;1;1;1;2;3"
"krd-22880","중화중학교","37.584509880","127.094149100","2288","중랑","중랑","554","0|||","0|","","","-1","1;1;1;1;1;2;3"
"krd-23010","독막길입구","37.542832680","126.948878000","2301","마포","마포","299","0|||","0|","","","-1","1;1;1;1;1;2;3"
"krd-23030","홍익대앞","37.552861940","126.924256100","2303","마포","마포","540","0|||","0|","","","-1","1;1;1;1;1;2;3"
"krd-23050","천주교정릉4동성당","37.609914990","127.009575900","2305","성북","성북","543","0|||","0|","","","-1","1;1;1;1;1;2;3"
"krd-23060","불암도서관","37.645696940","127.082080300","2306","노원","노원","216","0|||","0|","","","-1","1;1;1;1;1;2;3"
"krd-23061","불암도서관(연등)","37.646024350","127.081911000","2306","노원","노원","216","0|||","0|","","","-1","1;1;1;1;1;2;3"
"krd-23070","우암타운아파트","37.644127530","127.083228700","2307","노원","노원","216","0|||","0|","","","-1","1;1;1;1;1;2;3"
"krd-23071","우암타운아파트(연등)","37.643581950","127.083269200","2307","노원","노원","216","0|||","0|","","","-1","1;1;1;1;1;2;3"
"krd-23080","하나은행혜화","37.584240880","127.000103700","2308","혜화","혜화","196","0|||","0|","","","-1","1;1;1;1;1;2;3"
"krd-23150","용마폭포공원","37.575482870","127.088375100","2315","중랑","중랑","1771","0|||","0|","","","-1","1;1;1;1;1;2;3"
"krd-23160","신내LG아파트","37.604161900","127.090226400","2316","중랑","중랑","1827","0|||","0|","","","-1","1;1;1;1;1;2;3"
"krd-23170","용두동사거리","37.577755910","127.030459900","2317","동대문","동대문","606","0|||","0|","","","-1","1;1;1;1;1;2;3"
"krd-23171","용두동사거리(연등)","37.578704660","127.030299300","2317","동대문","동대문","606","0|||","0|","","","-1","1;1;1;1;1;2;3"
"krd-23180","군자초교입구","37.565559810","127.061126400","2318","동대문","동대문","266","0|||","0|","","","-1","1;1;1;1;1;2;3"
"krd-23190","동명교회","37.572877820","127.055898900","2319","동대문","동대문","437","0|||","0|","","","-1","1;1;1;1;1;2;3"
"krd-23210","광성상가","37.580863760","127.038494500","2321","동대문","동대문","54","0|||","0|","","","-1","1;1;1;1;1;2;3"
"krd-23211","광성상가(연등)1","37.581714110","127.038533800","2321","동대문","동대문","54","0|||","0|","","","-1","1;1;1;1;1;2;3"
"krd-23212","광성상가(연등)2","37.579859140","127.038421500","2321","동대문","동대문","54","0|||","0|","","","-1","1;1;1;1;1;2;3"
"krd-23220","경희대","37.591584080","127.052287500","2322","동대문","동대문","702","0|||","0|","","","-1","1;1;1;1;1;2;3"
"krd-23230","경희중","37.594706300","127.059053800","2323","동대문","동대문","322","0|||","0|","","","-1","1;1;1;1;1;2;3"
"krd-23231","경희중(연등)","37.595296730","127.059501300","2323","동대문","동대문","322","0|||","0|","","","-1","1;1;1;1;1;2;3"
"krd-23240","경희초교","37.591485210","127.049765700","2324","동대문","동대문","1682","0|||","0|","","","-1","1;1;1;1;1;2;3"
"krd-23241","경희초교(연등)","37.591481550","127.050807800","2324","동대문","동대문","1682","0|||","0|","","","-1","1;1;1;1;1;2;3"
"krd-23250","단골슈퍼앞","37.567017660","127.064636600","2325","동대문","동대문","1628","0|||","0|","","","-1","1;1;1;1;1;2;3"
"krd-23260","외환은행휘경점","37.589527950","127.060337800","2326","동대문","동대문","511","0|||","0|","","","-1","1;1;1;1;1;2;3"
"krd-23270","답십리두산아파트","37.569752850","127.057171800","2327","동대문","동대문","437","0|||","0|","","","-1","1;1;1;1;1;2;3"
"krd-23280","답십리성당","37.567014860","127.056652900","2328","동대문","동대문","1844","0|||","0|","","","-1","1;1;1;1;1;2;3"
"krd-23300","답십리초교","37.567497150","127.053674300","2330","동대문","동대문","233","0|||","0|","","","-1","1;1;1;1;1;2;3"
"krd-23301","답십리초교(연등)","37.568158580","127.052819400","2330","동대문","동대문","233","0|||","0|","","","-1","1;1;1;1;1;2;3"
"krd-23310","서울교통공사","37.562902860","127.057957800","2331","동대문","동대문","116","0|||","0|","","","-1","1;1;1;1;1;2;3"
"krd-23320","동대문구민센터","37.566200780","127.073976500","2332","동대문","동대문","354","0|||","0|","","","-1","1;1;1;1;1;2;3"
"krd-23330","동대문구청","37.574094420","127.038073300","2333","동대문","동대문","67","0|||","0|","","","-1","1;1;1;1;1;2;3"
"krd-23340","동대부고","37.576744940","127.076494400","2334","동대문","동대문","354","0|||","0|","","","-1","1;1;1;1;1;2;3"
"krd-23350","동부지하차도","37.604856980","127.070757900","2335","동대문","동대문","244","0|||","0|","","","-1","1;1;1;1;1;2;3"
"krd-23370","비우당교","37.570811530","127.026625100","2337","동대문","동대문","522","0|||","0|","","","-1","1;1;1;1;1;2;3"
"krd-23380","세종대왕기념관","37.591381060","127.042485200","2338","동대문","동대문","1963","0|||","0|","","","-1","1;1;1;1;1;2;3"
"krd-23381","세종대왕기념관(연등)1","37.591318360","127.041789800","2338","동대문","동대문","1963","0|||","0|","","","-1","1;1;1;1;1;2;3"
"krd-23382","세종대왕기념관(연등)2","37.591706230","127.043571200","2338","동대문","동대문","1963","0|||","0|","","","-1","1;1;1;1;1;2;3"
"krd-23390","삼일교","37.582831100","127.035931600","2339","동대문","동대문","513","0|||","0|","","","-1","1;1;1;1;1;2;3"
"krd-23400","휘경119안전센터앞","37.590996540","127.065263300","2340","동대문","동대문","511","0|||","0|","","","-1","1;1;1;1;1;2;3"
"krd-23410","장안지구대앞","37.575280300","127.071989800","2341","동대문","동대문","1784","0|||","0|","","","-1","1;1;1;1;1;2;3"
"krd-23420","서울성심병원","37.583853560","127.049891000","2342","동대문","동대문","1764","0|||","0|","","","-1","1;1;1;1;1;2;3"
"krd-23430","석계철도청앞","37.607183440","127.070643500","2343","종암","종암","1637","0|||","0|","","","-1","1;1;1;1;1;2;3"
"krd-23440","석계초교앞","37.608758850","127.070558000","2344","종암","종암","1637","0|||","0|","","","-1","1;1;1;1;1;2;3"
"krd-23450","석관대우아파트","37.602601720","127.071072600","2345","동대문","동대문","74","0|||","0|","","","-1","1;1;1;1;1;2;3"
"krd-23460","성복교회","37.572246020","127.076863400","2346","동대문","동대문","354","0|||","0|","","","-1","1;1;1;1;1;2;3"
"krd-23461","성복교회(연등)1","37.572671390","127.076882100","2346","동대문","동대문","354","0|||","0|","","","-1","1;1;1;1;1;2;3"
"krd-23462","성복교회(연등)2","37.571735280","127.076809900","2346","동대문","동대문","354","0|||","0|","","","-1","1;1;1;1;1;2;3"
"krd-23470","태양하나어린이집","37.573886860","127.045810300","2347","동대문","동대문","1767","0|||","0|","","","-1","1;1;1;1;1;2;3"
"krd-23480","홍능주유소","37.588339500","127.042809500","2348","동대문","동대문","597","0|||","0|","","","-1","1;1;1;1;1;2;3"
"krd-23481","홍능주유소(연등)","37.587948160","127.042898100","2348","동대문","동대문","597","0|||","0|","","","-1","1;1;1;1;1;2;3"
"krd-23490","떡전교사거리","37.585688490","127.051481300","2349","동대문","동대문","247","0|||","0|","","","-1","1;1;1;1;1;2;3"
"krd-23491","떡전교사거리(연등)1","37.586269840","127.052004700","2349","동대문","동대문","247","0|||","0|","","","-1","1;1;1;1;1;2;3"
"krd-23492","떡전교사거리(연등)2","37.585062430","127.052424300","2349","동대문","동대문","247","0|||","0|","","","-1","1;1;1;1;1;2;3"
"krd-23500","신관상사","37.566761900","127.054669000","2350","동대문","동대문","233","0|||","0|","","","-1","1;1;1;1;1;2;3"
"krd-23510","신답육교","37.570899970","127.049818600","2351","동대문","동대문","1767","0|||","0|","","","-1","1;1;1;1;1;2;3"
"krd-23520","휘경초교앞","37.588188810","127.055974800","2352","동대문","동대문","511","0|||","0|","","","-1","1;1;1;1;1;2;3"
"krd-23530","영화진흥공사","37.590143080","127.042468100","2353","동대문","동대문","597","0|||","0|","","","-1","1;1;1;1;1;2;3"
"krd-23540","외국어대","37.596455920","127.060280900","2354","동대문","동대문","322","0|||","0|","","","-1","1;1;1;1;1;2;3"
"krd-23541","외국어대(연등)","37.596052230","127.061189600","2354","동대문","동대문","322","0|||","0|","","","-1","1;1;1;1;1;2;3"
"krd-23550","용답동","37.567564140","127.051755700","2355","동대문","동대문","116","0|||","0|","","","-1","1;1;1;1;1;2;3"
"krd-23560","용두4교","37.574055720","127.035057600","2356","동대문","동대문","1770","0|||","0|","","","-1","1;1;1;1;1;2;3"
"krd-23561","용두4교(연등)","37.574072770","127.036135600","2356","동대문","동대문","1770","0|||","0|","","","-1","1;1;1;1;1;2;3"
"krd-23570","용진한의원","37.582880110","127.037290200","2357","동대문","동대문","513","0|||","0|","","","-1","1;1;1;1;1;2;3"
"krd-23580","우리은행장안","37.566015330","127.067654400","2358","동대문","동대문","317","0|||","0|","","","-1","1;1;1;1;1;2;3"
"krd-23590","삼육서울병원앞","37.590155810","127.062364600","2359","동대문","동대문","511","0|||","0|","","","-1","1;1;1;1;1;2;3"
"krd-23600","장안지하차도","37.580153960","127.075896800","2360","동대문","동대문","1784","0|||","0|","","","-1","1;1;1;1;1;2;3"
"krd-23601","장안지하차도(연등)","37.579804620","127.074775200","2360","동대문","동대문","1784","0|||","0|","","","-1","1;1;1;1;1;2;3"
"krd-23610","이문동삼거리","37.602982880","127.062054700","2361","동대문","동대문","174","0|||","0|","","","-1","1;1;1;1;1;2;3"
"krd-23620","이문파출소","37.597266900","127.067835200","2362","동대문","동대문","320","0|||","0|","","","-1","1;1;1;1;1;2;3"
"krd-23621","이문파출소(연등)1","37.598730210","127.067722100","2362","동대문","동대문","320","0|||","0|","","","-1","1;1;1;1;1;2;3"
"krd-23622","이문파출소(연등)2","37.595259210","127.068176500","2362","동대문","동대문","320","0|||","0|","","","-1","1;1;1;1;1;2;3"
"krd-23630","이문우체국","37.599148670","127.061788200","2363","동대문","동대문","174","0|||","0|","","","-1","1;1;1;1;1;2;3"
"krd-23631","이문우체국(연등)","37.599797180","127.061952400","2363","동대문","동대문","174","0|||","0|","","","-1","1;1;1;1;1;2;3"
"krd-23640","힐스테이트아파트","37.575053940","127.076716400","2364","동대문","동대문","354","0|||","0|","","","-1","1;1;1;1;1;2;3"
"krd-23650","장안동삼거리","37.578846400","127.072213700","2365","동대문","동대문","1784","0|||","0|","","","-1","1;1;1;1;1;2;3"
"krd-23660","장한평역","37.561485560","127.064621400","2366","동대문","동대문","116","0|||","0|","","","-1","1;1;1;1;1;2;3"
"krd-23670","장안동사거리","37.572352860","127.071686900","2367","동대문","동대문","1988","0|||","0|","","","-1","1;1;1;1;1;2;3"
"krd-23680","장안시장입구","37.566930380","127.062229100","2368","동대문","동대문","266","0|||","0|","","","-1","1;1;1;1;1;2;3"
"krd-23690","장안아파트입구","37.572154310","127.074455200","2369","동대문","동대문","1988","0|||","0|","","","-1","1;1;1;1;1;2;3"
"krd-23691","장안아파트입구(연등)","37.572221770","127.073757900","2369","동대문","동대문","1988","0|||","0|","","","-1","1;1;1;1;1;2;3"
"krd-23700","전농대원빌딩","37.577942880","127.061174600","2370","동대문","동대문","437","0|||","0|","","","-1","1;1;1;1;1;2;3"
"krd-23710","전농동사거리","37.577521190","127.057812700","2371","동대문","동대문","437","0|||","0|","","","-1","1;1;1;1;1;2;3"
"krd-23720","제기사거리","37.582939010","127.038633500","2372","동대문","동대문","54","0|||","0|","","","-1","1;1;1;1;1;2;3"
"krd-23730","제기동","37.576074920","127.038215800","2373","동대문","동대문","67","0|||","0|","","","-1","1;1;1;1;1;2;3"
"krd-23740","용두교앞","37.578152610","127.034942300","2374","동대문","동대문","606","0|||","0|","","","-1","1;1;1;1;1;2;3"
"krd-23750","제기새마을금고","37.585209480","127.038530300","2375","동대문","동대문","54","0|||","0|","","","-1","1;1;1;1;1;2;3"
"krd-23760","제기한신아파트","37.587539550","127.037704400","2376","동대문","동대문","54","0|||","0|","","","-1","1;1;1;1;1;2;3"
"krd-23770","장안동근린공원","37.577449700","127.072123900","2377","동대문","동대문","1784","0|||","0|","","","-1","1;1;1;1;1;2;3"
"krd-23771","장안동근린공원(연등)","37.576256760","127.072050600","2377","동대문","동대문","1784","0|||","0|","","","-1","1;1;1;1;1;2;3"
"krd-23780","중랑교","37.591566090","127.067218800","2378","동대문","동대문","511","0|||","0|","","","-1","1;1;1;1;1;2;3"
"krd-23790","청량리역","37.580216760","127.045205300","2379","동대문","동대문","1764","0|||","0|","","","-1","1;1;1;1;1;2;3"
"krd-23791","청량리역(연등)1","37.580555910","127.045957300","2379","동대문","동대문","1764","0|||","0|","","","-1","1;1;1;1;1;2;3"
"krd-23792","청량리역(연등)2","37.579773530","127.045250500","2379","동대문","동대문","1764","0|||","0|","","","-1","1;1;1;1;1;2;3"
"krd-23793","청량리역(연등)3","37.580777520","127.045049000","2379","동대문","동대문","1764","0|||","0|","","","-1","1;1;1;1;1;2;3"
"krd-23800","동대문경찰서","37.583134660","127.044265100","2380","동대문","동대문","114","0|||","0|","","","-1","1;1;1;1;1;2;3"
"krd-23810","청량리굴다리","37.576860450","127.045849300","2381","동대문","동대문","220","0|||","0|","","","-1","1;1;1;1;1;2;3"
"krd-23820","청량리미주아파트","37.582535720","127.048265800","2382","동대문","동대문","1764","0|||","0|","","","-1","1;1;1;1;1;2;3"
"krd-23830","청량초교","37.592727050","127.057748900","2383","동대문","동대문","322","0|||","0|","","","-1","1;1;1;1;1;2;3"
"krd-23831","청량초교(연등)1","37.593250630","127.058099100","2383","동대문","동대문","322","0|||","0|","","","-1","1;1;1;1;1;2;3"
"krd-23832","청량초교(연등)2","37.593664510","127.058391600","2383","동대문","동대문","322","0|||","0|","","","-1","1;1;1;1;1;2;3"
"krd-23840","청솔우성아파트","37.574880630","127.057628800","2384","동대문","동대문","437","0|||","0|","","","-1","1;1;1;1;1;2;3"
"krd-23841","청솔우성아파트(연등)1","37.576019430","127.057698600","2384","동대문","동대문","437","0|||","0|","","","-1","1;1;1;1;1;2;3"
"krd-23842","청솔우성아파트(연등)2","37.574960370","127.058597200","2384","동대문","동대문","437","0|||","0|","","","-1","1;1;1;1;1;2;3"
"krd-23850","체성회","37.586013930","127.050183500","2385","동대문","동대문","247","0|||","0|","","","-1","1;1;1;1;1;2;3"
"krd-23851","체성회(연등)","37.586259260","127.049073200","2385","동대문","동대문","247","0|||","0|","","","-1","1;1;1;1;1;2;3"
"krd-23860","동일스위트아파트앞","37.587538980","127.067698100","2386","동대문","동대문","266","0|||","0|","","","-1","1;1;1;1;1;2;3"
"krd-23870","한유약국","37.569302980","127.064039100","2387","동대문","동대문","266","0|||","0|","","","-1","1;1;1;1;1;2;3"
"krd-23880","해성여중고","37.580864740","127.055469700","2388","동대문","동대문","437","0|||","0|","","","-1","1;1;1;1;1;2;3"
"krd-23881","해성여중고(연등)","37.581427210","127.055092600","2388","동대문","동대문","437","0|||","0|","","","-1","1;1;1;1;1;2;3"
"krd-23890","영휘원앞","37.586722910","127.043081200","2389","동대문","동대문","646","0|||","0|","","","-1","1;1;1;1;1;2;3"
"krd-23900","홍릉초교","37.591682400","127.046441800","2390","동대문","동대문","1682","0|||","0|","","","-1","1;1;1;1;1;2;3"
"krd-23910","홍파초교","37.586595210","127.038375500","2391","동대문","동대문","54","0|||","0|","","","-1","1;1;1;1;1;2;3"
"krd-23920","홍파초교후문","37.586650760","127.040086800","2392","동대문","동대문","646","0|||","0|","","","-1","1;1;1;1;1;2;3"
"krd-23921","홍파초교후문(연등)","37.586690580","127.041602800","2392","동대문","동대문","646","0|||","0|","","","-1","1;1;1;1;1;2;3"
"krd-23930","시조사삼거리","37.588252460","127.053743500","2393","동대문","동대문","122","0|||","0|","","","-1","1;1;1;1;1;2;3"
"krd-23940","휘경공고","37.584363670","127.069520200","2394","동대문","동대문","1653","0|||","0|","","","-1","1;1;1;1;1;2;3"
"krd-23950","회기역앞","37.590073670","127.055946200","2395","동대문","동대문","322","0|||","0|","","","-1","1;1;1;1;1;2;3"
"krd-23951","회기역앞(연등)","37.590574830","127.054433400","2395","동대문","동대문","322","0|||","0|","","","-1","1;1;1;1;1;2;3"
"krd-23960","삼원택시","37.605054400","127.067069600","2396","동대문","동대문","320","0|||","0|","","","-1","1;1;1;1;1;2;3"
"krd-23970","종암초교후문","37.582719090","127.031428600","2397","동대문","동대문","607","0|||","0|","","","-1","1;1;1;1;1;2;3"
"krd-23980","제기동천주교회","37.582771790","127.033793600","2398","동대문","동대문","607","0|||","0|","","","-1","1;1;1;1;1;2;3"
"krd-23990","청량리한신아파트","37.586583170","127.047792200","2399","동대문","동대문","114","0|||","0|","","","-1","1;1;1;1;1;2;3"
"krd-24000","이문초교","37.603006470","127.064005500","2400","동대문","동대문","1697","0|||","0|","","","-1","1;1;1;1;1;2;3"
"krd-24001","이문초교(연등)","37.603007180","127.065160300","2400","동대문","동대문","1697","0|||","0|","","","-1","1;1;1;1;1;2;3"
"krd-24010","이화교","37.601282990","127.071040800","2401","동대문","동대문","200","0|||","0|","","","-1","1;1;1;1;1;2;3"
"krd-24020","청량리교회","37.575494770","127.045117600","2402","동대문","동대문","1867","0|||","0|","","","-1","1;1;1;1;1;2;3"
"krd-24030","힐스포츠센터","37.572799650","127.063510700","2403","동대문","동대문","221","0|||","0|","","","-1","1;1;1;1;1;2;3"
"krd-24040","DMC아이파크","37.575320430","126.913646300","2404","서대문","서대문","1810","0|||","0|","","","-1","1;1;1;1;1;2;3"
"krd-24041","DMC아이파크(연등)","37.575215200","126.914554000","2404","서대문","서대문","1810","0|||","0|","","","-1","1;1;1;1;1;2;3"
"krd-24060","가좌전화국","37.583808210","126.914216400","2406","서대문","서대문","429","0|||","0|","","","-1","1;1;1;1;1;2;3"
"krd-24061","가좌전화국(연등)","37.585457660","126.915321400","2406","서대문","서대문","429","0|||","0|","","","-1","1;1;1;1;1;2;3"
"krd-24070","경찰청정문","37.563762230","126.968339600","2407","서대문","서대문","370","0|||","0|","","","-1","1;1;1;1;1;2;3"
"krd-24080","DMC래미안","37.571654600","126.909960100","2408","서대문","서대문","62","0|||","0|","","","-1","1;1;1;1;1;2;3"
"krd-24090","고은초교","37.584980850","126.944194800","2409","서대문","서대문","1754","0|||","0|","","","-1","1;1;1;1;1;2;3"
"krd-24091","고은초교(연등)1","37.584247530","126.943022900","2409","서대문","서대문","1754","0|||","0|","","","-1","1;1;1;1;1;2;3"
"krd-24092","고은초교(연등)2","37.584456640","126.943734300","2409","서대문","서대문","1754","0|||","0|","","","-1","1;1;1;1;1;2;3"
"krd-24110","불천어린이공원","37.596979040","126.947616400","2411","서대문","서대문","618","0|||","0|","","","-1","1;1;1;1;1;2;3"
"krd-24120","가좌동광교회","37.576654080","126.925164300","2412","서대문","서대문","97","0|||","0|","","","-1","1;1;1;1;1;2;3"
"krd-24130","그랜드힐튼호텔","37.588298560","126.935951100","2413","서대문","서대문","70","0|||","0|","","","-1","1;1;1;1;1;2;3"
"krd-24131","그랜드힐튼호텔(연등)","37.588947010","126.936642700","2413","서대문","서대문","70","0|||","0|","","","-1","1;1;1;1;1;2;3"
"krd-24140","하나은행연희","37.566846810","126.930912200","2414","서대문","서대문","70","0|||","0|","","","-1","1;1;1;1;1;2;3"
"krd-24150","가좌삼거리","37.570255090","126.912905900","2415","서대문","서대문","62","0|||","0|","","","-1","1;1;1;1;1;2;3"
"krd-24151","가좌삼거리(연등)","37.569928070","126.913607800","2415","서대문","서대문","62","0|||","0|","","","-1","1;1;1;1;1;2;3"
"krd-24160","남가좌동현대아파트","37.573902440","126.919377900","2416","서대문","서대문","303","0|||","0|","","","-1","1;1;1;1;1;2;3"
"krd-24161","남가좌동현대아파트(연등)","37.574492050","126.918506800","2416","서대문","서대문","303","0|||","0|","","","-1","1;1;1;1;1;2;3"
"krd-24190","독립문삼호아파트","37.571376880","126.958994700","2419","서대문","서대문","1794","0|||","0|","","","-1","1;1;1;1;1;2;3"
"krd-24191","독립문삼호아파트(연등)","37.571611450","126.958984400","2419","서대문","서대문","1794","0|||","0|","","","-1","1;1;1;1;1;2;3"
"krd-24200","라이온스톤오피스텔","37.572205770","126.929111900","2420","서대문","서대문","90","0|||","0|","","","-1","1;1;1;1;1;2;3"
"krd-24201","라이온스톤오피스텔(연등)","37.571267480","126.929928000","2420","서대문","서대문","90","0|||","0|","","","-1","1;1;1;1;1;2;3"
"krd-24210","동교동삼거리","37.558743590","126.926859200","2421","마포","마포","190","0|||","0|","","","-1","1;1;1;1;1;2;3"
"krd-24220","백련산파크자이101동","37.593439610","126.921201000","2422","서부","서부","1674","0|||","0|","","","-1","1;1;1;1;1;2;3"
"krd-24230","경동시장","37.578179460","127.038339400","2423","동대문","동대문","1797","0|||","0|","","","-1","1;1;1;1;1;2;3"
"krd-24240","명지대사거리","37.577665080","126.921314400","2424","서대문","서대문","1799","0|||","0|","","","-1","1;1;1;1;1;2;3"
"krd-24241","명지대사거리(연등)","37.577229400","126.920678000","2424","서대문","서대문","1799","0|||","0|","","","-1","1;1;1;1;1;2;3"
"krd-24250","명지대삼거리","37.581559790","126.926829600","2425","서대문","서대문","97","0|||","0|","","","-1","1;1;1;1;1;2;3"
"krd-24251","명지대삼거리(연등)","37.580284710","126.928132300","2425","서대문","서대문","97","0|||","0|","","","-1","1;1;1;1;1;2;3"
"krd-24260","명지중고교","37.582868890","126.925569200","2426","서대문","서대문","1957","0|||","0|","","","-1","1;1;1;1;1;2;3"
"krd-24280","무악현대아파트","37.574359050","126.958062900","2428","서대문","서대문","308","0|||","0|","","","-1","1;1;1;1;1;2;3"
"krd-24290","백련교","37.582775580","126.937437500","2429","서대문","서대문","70","0|||","0|","","","-1","1;1;1;1;1;2;3"
"krd-24300","서울체육회","37.593081930","127.072722300","2430","중랑","중랑","1726","0|||","0|","","","-1","1;1;1;1;1;2;3"
"krd-24310","북가좌삼거리","37.574289770","126.906017600","2431","서대문","서대문","62","0|||","0|","","","-1","1;1;1;1;1;2;3"
"krd-24311","북가좌삼거리(연등)","37.575445220","126.907216200","2431","서대문","서대문","62","0|||","0|","","","-1","1;1;1;1;1;2;3"
"krd-24320","북가좌사거리","37.582456950","126.913253100","2432","서대문","서대문","429","0|||","0|","","","-1","1;1;1;1;1;2;3"
"krd-24321","북가좌사거리(연등)","37.582796030","126.912773900","2432","서대문","서대문","429","0|||","0|","","","-1","1;1;1;1;1;2;3"
"krd-24330","어린이대공원후문","37.552326460","127.089491800","2433","광진","광진","1744","0|||","0|","","","-1","1;1;1;1;1;2;3"
"krd-24340","사천교","37.567768880","126.917827800","2434","서대문","서대문","62","0|||","0|","","","-1","1;1;1;1;1;2;3"
"krd-24350","사천교서측","37.568529960","126.916422400","2435","서대문","서대문","62","0|||","0|","","","-1","1;1;1;1;1;2;3"
"krd-24360","DMC두산위브아파트","37.580010860","126.916222600","2436","서대문","서대문","328","0|||","0|","","","-1","1;1;1;1;1;2;3"
"krd-24361","DMC두산위브아파트(연등)","37.580851740","126.915226300","2436","서대문","서대문","328","0|||","0|","","","-1","1;1;1;1;1;2;3"
"krd-24380","서대문구청","37.579205970","126.936139400","2438","서대문","서대문","70","0|||","0|","","","-1","1;1;1;1;1;2;3"
"krd-24381","서대문구청(연등)1","37.579652430","126.936156700","2438","서대문","서대문","70","0|||","0|","","","-1","1;1;1;1;1;2;3"
"krd-24382","서대문구청(연등)2","37.580330770","126.936167600","2438","서대문","서대문","70","0|||","0|","","","-1","1;1;1;1;1;2;3"
"krd-24390","홍은2동주민센터","37.580115950","126.933803000","2439","서대문","서대문","1869","0|||","0|","","","-1","1;1;1;1;1;2;3"
"krd-24391","홍은2동주민센터(연등)","37.580988670","126.935001900","2439","서대문","서대문","1869","0|||","0|","","","-1","1;1;1;1;1;2;3"
"krd-24400","서대문소방서","37.573056800","126.935565300","2440","서대문","서대문","70","0|||","0|","","","-1","1;1;1;1;1;2;3"
"krd-24401","서대문소방서(연등)","37.572990060","126.936087600","2440","서대문","서대문","70","0|||","0|","","","-1","1;1;1;1;1;2;3"
"krd-24410","서울드래곤시티","37.532390320","126.961465900","2441","용산","용산","142","0|||","0|","","","-1","1;1;1;1;1;2;3"
"krd-24420","서울외국인학교","37.571031270","126.934241100","2442","서대문","서대문","70","0|||","0|","","","-1","1;1;1;1;1;2;3"
"krd-24430","성산회관","37.566354060","126.925510200","2443","서대문","서대문","561","0|||","0|","","","-1","1;1;1;1;1;2;3"
"krd-24440","세브란스병원","37.560083720","126.938853500","2444","서대문","서대문","1789","0|||","0|","","","-1","1;1;1;1;1;2;3"
"krd-24450","북가좌요진아파트","37.572387570","126.908437500","2445","서대문","서대문","62","0|||","0|","","","-1","1;1;1;1;1;2;3"
"krd-24460","송림기사식당","37.573282350","126.922857100","2446","서대문","서대문","97","0|||","0|","","","-1","1;1;1;1;1;2;3"
"krd-24470","승암교","37.596784790","126.956504800","2447","서대문","서대문","95","0|||","0|","","","-1","1;1;1;1;1;2;3"
"krd-24490","신촌기차역","37.558618040","126.942809100","2449","서대문","서대문","45","0|||","0|","","","-1","1;1;1;1;1;2;3"
"krd-24491","신촌기차역(연등)","37.559137650","126.942200500","2449","서대문","서대문","45","0|||","0|","","","-1","1;1;1;1;1;2;3"
"krd-24510","현대유플렉스","37.557253380","126.936918000","2451","서대문","서대문","557","0|||","0|","","","-1","1;1;1;1;1;2;3"
"krd-24520","아현동고개","37.556931140","126.948473800","2452","마포","마포","45","0|||","0|","","","-1","1;1;1;1;1;2;3"
"krd-24530","연가교","37.572202040","126.921483800","2453","서대문","서대문","97","0|||","0|","","","-1","1;1;1;1;1;2;3"
"krd-24531","연가교(연등)","37.572914370","126.920602300","2453","서대문","서대문","97","0|||","0|","","","-1","1;1;1;1;1;2;3"
"krd-24540","연가교남측","37.571729670","126.922170000","2454","서대문","서대문","518","0|||","0|","","","-1","1;1;1;1;1;2;3"
"krd-24541","연가교남측(연등)","37.571483500","126.921820500","2454","서대문","서대문","518","0|||","0|","","","-1","1;1;1;1;1;2;3"
"krd-24550","연가초교","37.579122370","126.917560700","2455","서대문","서대문","328","0|||","0|","","","-1","1;1;1;1;1;2;3"
"krd-24551","연가초교(연등)","37.579299500","126.917199000","2455","서대문","서대문","328","0|||","0|","","","-1","1;1;1;1;1;2;3"
"krd-24560","연남동","37.562134170","126.927394300","2456","마포","마포","561","0|||","0|","","","-1","1;1;1;1;1;2;3"
"krd-24570","세브란스응급실","37.561992110","126.942289500","2457","서대문","서대문","185","0|||","0|","","","-1","1;1;1;1;1;2;3"
"krd-24580","연대녹지대앞","37.560094450","126.935440700","2458","서대문","서대문","1789","0|||","0|","","","-1","1;1;1;1;1;2;3"
"krd-24581","연대녹지대앞(연등)","37.560161000","126.934566200","2458","서대문","서대문","1789","0|||","0|","","","-1","1;1;1;1;1;2;3"
"krd-24590","연세대","37.560046260","126.936910900","2459","서대문","서대문","1789","0|||","0|","","","-1","1;1;1;1;1;2;3"
"krd-24591","연세대(연등)","37.560073320","126.937993100","2459","서대문","서대문","1789","0|||","0|","","","-1","1;1;1;1;1;2;3"
"krd-24600","연희지하차도","37.576390140","126.935456000","2460","서대문","서대문","70","0|||","0|","","","-1","1;1;1;1;1;2;3"
"krd-24601","연희지하차도(연등)","37.575568510","126.935325600","2460","서대문","서대문","70","0|||","0|","","","-1","1;1;1;1;1;2;3"
"krd-24610","연희삼거리","37.568564660","126.932294200","2461","서대문","서대문","716","0|||","0|","","","-1","1;1;1;1;1;2;3"
"krd-24620","연희우체국","37.569100930","126.931791200","2462","서대문","서대문","90","0|||","0|","","","-1","1;1;1;1;1;2;3"
"krd-24621","연희우체국(연등)","37.569503380","126.931409800","2462","서대문","서대문","90","0|||","0|","","","-1","1;1;1;1;1;2;3"
"krd-24630","연희중앙교회","37.570282000","126.930743500","2463","서대문","서대문","90","0|||","0|","","","-1","1;1;1;1;1;2;3"
"krd-24640","연희IC","37.564880840","126.929425000","2464","서대문","서대문","561","0|||","0|","","","-1","1;1;1;1;1;2;3"
"krd-24641","연희IC(연등)1","37.565453630","126.929854300","2464","서대문","서대문","561","0|||","0|","","","-1","1;1;1;1;1;2;3"
"krd-24642","연희IC(연등)2","37.564238020","126.928924000","2464","서대문","서대문","561","0|||","0|","","","-1","1;1;1;1;1;2;3"
"krd-24650","연희IC동측","37.563741470","126.930070500","2465","서대문","서대문","561","0|||","0|","","","-1","1;1;1;1;1;2;3"
"krd-24670","중곡초교","37.575246130","127.084123000","2467","중랑","중랑","229","0|||","0|","","","-1","1;1;1;1;1;2;3"
"krd-24680","정우베스트빌","37.581603550","126.914337100","2468","서대문","서대문","328","0|||","0|","","","-1","1;1;1;1;1;2;3"
"krd-24690","유원하나아파트","37.595513900","126.951613600","2469","서대문","서대문","95","0|||","0|","","","-1","1;1;1;1;1;2;3"
"krd-24700","이대부중","37.562869050","126.943438000","2470","서대문","서대문","185","0|||","0|","","","-1","1;1;1;1;1;2;3"
"krd-24710","인왕아파트","37.584701450","126.948558200","2471","서대문","서대문","679","0|||","0|","","","-1","1;1;1;1;1;2;3"
"krd-24711","인왕아파트(연등)","37.584981920","126.948266000","2471","서대문","서대문","679","0|||","0|","","","-1","1;1;1;1;1;2;3"
"krd-24720","정원여중입구","37.586505330","126.934860700","2472","서대문","서대문","70","0|||","0|","","","-1","1;1;1;1;1;2;3"
"krd-24730","증산3교남단","37.579916780","126.906604700","2473","서대문","서대문","82","0|||","0|","","","-1","1;1;1;1;1;2;3"
"krd-24740","증산교","37.576632440","126.903425300","2474","서대문","서대문","62","0|||","0|","","","-1","1;1;1;1;1;2;3"
"krd-24760","충정로역","37.559372470","126.962064900","2476","서대문","서대문","666","0|||","0|","","","-1","1;1;1;1;1;2;3"
"krd-24761","충정로역(연등)","37.559242310","126.963442300","2476","서대문","서대문","666","0|||","0|","","","-1","1;1;1;1;1;2;3"
"krd-24770","국민연금북부","37.561132590","126.963486500","2477","서대문","서대문","666","0|||","0|","","","-1","1;1;1;1;1;2;3"
"krd-24771","국민연금북부(연등)","37.562104590","126.964042100","2477","서대문","서대문","666","0|||","0|","","","-1","1;1;1;1;1;2;3"
"krd-24780","북가좌오거리","37.580847210","126.912016300","2478","서대문","서대문","429","0|||","0|","","","-1","1;1;1;1;1;2;3"
"krd-24790","현대월드컵아파트","37.575397630","126.904770400","2479","서대문","서대문","62","0|||","0|","","","-1","1;1;1;1;1;2;3"
"krd-24800","DMC에코자이","37.576751610","126.920133800","2480","서대문","서대문","693","0|||","0|","","","-1","1;1;1;1;1;2;3"
"krd-24810","독립공원","37.576618200","126.955636200","2481","서대문","서대문","308","0|||","0|","","","-1","1;1;1;1;1;2;3"
"krd-24811","독립공원(연등)","37.575912500","126.956162900","2481","서대문","서대문","308","0|||","0|","","","-1","1;1;1;1;1;2;3"
"krd-24820","홍연아파트","37.577356340","126.932293700","2482","서대문","서대문","97","0|||","0|","","","-1","1;1;1;1;1;2;3"
"krd-24821","홍연아파트(연등)1","37.577646400","126.931445900","2482","서대문","서대문","97","0|||","0|","","","-1","1;1;1;1;1;2;3"
"krd-24822","홍연아파트(연등)2","37.576940710","126.933701200","2482","서대문","서대문","97","0|||","0|","","","-1","1;1;1;1;1;2;3"
"krd-24830","홍남교","37.575801570","126.926124400","2483","서대문","서대문","97","0|||","0|","","","-1","1;1;1;1;1;2;3"
"krd-24840","홍연2교","37.578059520","126.930399800","2484","서대문","서대문","97","0|||","0|","","","-1","1;1;1;1;1;2;3"
"krd-24841","홍연2교(연등)","37.579068600","126.929415500","2484","서대문","서대문","97","0|||","0|","","","-1","1;1;1;1;1;2;3"
"krd-24850","서대문구청앞","37.581836860","126.936170900","2485","서대문","서대문","70","0|||","0|","","","-1","1;1;1;1;1;2;3"
"krd-24860","홍은대교","37.597535830","126.946462600","2486","서대문","서대문","1778","0|||","0|","","","-1","1;1;1;1;1;2;3"
"krd-24870","홍은사거리","37.591526840","126.941407700","2487","서대문","서대문","275","0|||","0|","","","-1","1;1;1;1;1;2;3"
"krd-24880","문화촌성결교회","37.592870390","126.947351700","2488","서대문","서대문","95","0|||","0|","","","-1","1;1;1;1;1;2;3"
"krd-24890","서울여자간호대입구","37.596434900","126.949226500","2489","서대문","서대문","95","0|||","0|","","","-1","1;1;1;1;1;2;3"
"krd-24891","서울여자간호대입구(연등)","37.595525050","126.948772500","2489","서대문","서대문","95","0|||","0|","","","-1","1;1;1;1;1;2;3"
"krd-24900","홍제교","37.591808870","126.944675800","2490","서대문","서대문","95","0|||","0|","","","-1","1;1;1;1;1;2;3"
"krd-24910","홍제삼거리","37.586218260","126.946955000","2491","서대문","서대문","679","0|||","0|","","","-1","1;1;1;1;1;2;3"
"krd-24911","홍제삼거리(연등)","37.586060570","126.946708300","2491","서대문","서대문","679","0|||","0|","","","-1","1;1;1;1;1;2;3"
"krd-24920","증산2교남단","37.584047410","126.911007200","2492","서대문","서대문","82","0|||","0|","","","-1","1;1;1;1;1;2;3"
"krd-24921","증산2교남단(연등)","37.583365270","126.911942400","2492","서대문","서대문","82","0|||","0|","","","-1","1;1;1;1;1;2;3"
"krd-24930","북가좌삼호아파트","37.576569630","126.911317600","2493","서대문","서대문","1810","0|||","0|","","","-1","1;1;1;1;1;2;3"
"krd-24931","북가좌삼호아파트(연등)","37.575765850","126.912402900","2493","서대문","서대문","1810","0|||","0|","","","-1","1;1;1;1;1;2;3"
"krd-24940","홍은교","37.594515540","126.946647300","2494","서대문","서대문","1788","0|||","0|","","","-1","1;1;1;1;1;2;3"
"krd-24950","홍제빌딩앞","37.589870350","126.942855200","2495","서대문","서대문","275","0|||","0|","","","-1","1;1;1;1;1;2;3"
"krd-25000","굴다리입구","37.560318040","126.940163100","2500","서대문","서대문","1789","0|||","0|","","","-1","1;1;1;1;1;2;3"
"krd-25001","굴다리입구(연등)","37.559944610","126.940402600","2500","서대문","서대문","1789","0|||","0|","","","-1","1;1;1;1;1;2;3"
"krd-25400","용산롯데캐슬","37.538628450","126.963897300","2540","용산","용산","270","0|||","0|","","","-1","1;1;1;1;1;2;3"
"krd-25570","예향교회앞","37.556300480","127.088161000","2557","광진","광진","1771","0|||","0|","","","-1","1;1;1;1;1;2;3"
"krd-25571","예향교회앞(연등)","37.554971770","127.088366400","2557","광진","광진","1771","0|||","0|","","","-1","1;1;1;1;1;2;3"
"krd-25610","강북청소년수련관","37.645670710","127.006701800","2561","강북","강북","1707","0|||","0|","","","-1","1;1;1;1;1;2;3"
"krd-25620","창북중","37.649773400","127.037857500","2562","도봉","도봉","460","0|||","0|","","","-1","1;1;1;1;1;2;3"
"krd-25630","동대문구노인정보화센터","37.575948840","127.055329000","2563","동대문","동대문","1879","0|||","0|","","","-1","1;1;1;1;1;2;3"
"krd-25631","동대문구노인정보화센터(연등)","37.576460180","127.056106200","2563","동대문","동대문","1879","0|||","0|","","","-1","1;1;1;1;1;2;3"
"krd-25640","휘경여중고","37.584045140","127.068129400","2564","동대문","동대문","266","0|||","0|","","","-1","1;1;1;1;1;2;3"
"krd-25641","휘경여중고(연등)","37.584850880","127.067736600","2564","동대문","동대문","266","0|||","0|","","","-1","1;1;1;1;1;2;3"
"krd-25650","보문3교","37.585987230","127.021127200","2565","성북","성북","1393","0|||","0|","","","-1","1;1;1;1;1;2;3"
"krd-25651","보문3교(연등)","37.586234680","127.022071300","2565","성북","성북","1393","0|||","0|","","","-1","1;1;1;1;1;2;3"
"krd-25660","한국스포렉스","37.572522480","127.030586000","2566","동대문","동대문","636","0|||","0|","","","-1","1;1;1;1;1;2;3"
"krd-25670","고명중고앞","37.598444380","127.020559000","2567","성북","성북","539","0|||","0|","","","-1","1;1;1;1;1;2;3"
"krd-25680","금옥초교","37.545145710","127.017022800","2568","성동","성동","647","0|||","0|","","","-1","1;1;1;1;1;2;3"
"krd-25681","금옥초교(연등)","37.545141330","127.016084300","2568","성동","성동","647","0|||","0|","","","-1","1;1;1;1;1;2;3"
"krd-25700","행당삼부아파트","37.559338570","127.036979000","2570","성동","성동","251","0|||","0|","","","-1","1;1;1;1;1;2;3"
"krd-25710","상왕십리역","37.564127450","127.030071600","2571","성동","성동","1816","0|||","0|","","","-1","1;1;1;1;1;2;3"
"krd-25711","상왕십리역(연등)1","37.565237270","127.030119300","2571","성동","성동","1816","0|||","0|","","","-1","1;1;1;1;1;2;3"
"krd-25712","상왕십리역(연등)2","37.563611410","127.031168500","2571","성동","성동","1816","0|||","0|","","","-1","1;1;1;1;1;2;3"
"krd-25720","교보생명왕십리지점","37.563046680","127.032510000","2572","성동","성동","1816","0|||","0|","","","-1","1;1;1;1;1;2;3"
"krd-25740","꿈마루도서관","37.611573780","127.013527500","2574","성북","성북","548","0|||","0|","","","-1","1;1;1;1;1;2;3"
"krd-25780","남가좌교회","37.571267810","126.913751800","2578","서대문","서대문","62","0|||","0|","","","-1","1;1;1;1;1;2;3"
"krd-25790","서울시립대앞","37.583395710","127.053587200","2579","동대문","동대문","437","0|||","0|","","","-1","1;1;1;1;1;2;3"
"krd-25800","기독회관","37.573323510","127.002042000","2580","혜화","혜화","1396","0|||","0|","","","-1","1;1;1;1;1;2;3"
"krd-25801","기독회관(연등)","37.574651620","127.002108600","2580","혜화","혜화","1396","0|||","0|","","","-1","1;1;1;1;1;2;3"
"krd-25810","장안LPG","37.575955750","127.067549100","2581","동대문","동대문","266","0|||","0|","","","-1","1;1;1;1;1;2;3"
"krd-25811","장안LPG(연등)","37.575429920","127.067423000","2581","동대문","동대문","266","0|||","0|","","","-1","1;1;1;1;1;2;3"
"krd-25820","청량리민자역사앞","37.581389650","127.046801800","2582","동대문","동대문","1764","0|||","0|","","","-1","1;1;1;1;1;2;3"
"krd-61150","서울대병원앞","37.580718180","127.002130600","6115","혜화","혜화","630","0|||","0|","","","-1","1;1;1;1;1;2;3"
"krd-61151","서울대병원앞(연등)","37.579978490","127.002147800","6115","혜화","혜화","630","0|||","0|","","","-1","1;1;1;1;1;2;3"
"krd-25910","시립동부병원앞","37.573929770","127.030650000","2591","동대문","동대문","1770","0|||","0|","","","-1","1;1;1;1;1;2;3"
"krd-25920","상계12단지","37.664784370","127.059274400","2592","노원","노원","298","0|||","0|","","","-1","1;1;1;1;1;2;3"
"krd-25930","방학3동주민센터","37.658918240","127.027791300","2593","도봉","도봉","1868","0|||","0|","","","-1","1;1;1;1;1;2;3"
"krd-25940","창림초교입구","37.643613800","127.040381000","2594","도봉","도봉","571","0|||","0|","","","-1","1;1;1;1;1;2;3"
"krd-25941","창림초교입구(연등)1","37.642460220","127.040487300","2594","도봉","도봉","571","0|||","0|","","","-1","1;1;1;1;1;2;3"
"krd-25942","창림초교입구(연등)2","37.644858570","127.040322600","2594","도봉","도봉","571","0|||","0|","","","-1","1;1;1;1;1;2;3"
"krd-25950","도봉중교입구","37.670246120","127.046324700","2595","도봉","도봉","628","0|||","0|","","","-1","1;1;1;1;1;2;3"
"krd-25960","누원초교","37.686134870","127.050538500","2596","도봉","도봉","349","0|||","0|","","","-1","1;1;1;1;1;2;3"
"krd-25970","강북노인종합복지관","37.635483850","127.019517300","2597","강북","강북","58","0|||","0|","","","-1","1;1;1;1;1;2;3"
"krd-25980","미아교회","37.624772180","127.030351900","2598","강북","강북","263","0|||","0|","","","-1","1;1;1;1;1;2;3"
"krd-25981","미아교회(연등)","37.623917620","127.031025400","2598","강북","강북","263","0|||","0|","","","-1","1;1;1;1;1;2;3"
"krd-25990","효성교회","37.618819920","127.032950400","2599","강북","강북","263","0|||","0|","","","-1","1;1;1;1;1;2;3"
"krd-26000","화랑예식장","37.656019230","127.061856100","2600","노원","노원","298","0|||","0|","","","-1","1;1;1;1;1;2;3"
"krd-26001","화랑예식장(연등)","37.656209730","127.062773400","2600","노원","노원","298","0|||","0|","","","-1","1;1;1;1;1;2;3"
"krd-26010","무학아파트입구","37.564764310","127.027911800","2601","성동","성동","1816","0|||","0|","","","-1","1;1;1;1;1;2;3"
"krd-26030","노원주유소앞","37.619951390","127.074879100","2603","노원","노원","53","0|||","0|","","","-1","1;1;1;1;1;2;3"
"krd-26031","노원주유소앞(연등)","37.621037760","127.074525500","2603","노원","노원","53","0|||","0|","","","-1","1;1;1;1;1;2;3"
"krd-26050","원약국","37.666545110","127.034295600","2605","도봉","도봉","1612","0|||","0|","","","-1","1;1;1;1;1;2;3"
"krd-26060","신동아상가","37.662016850","127.029681600","2606","도봉","도봉","1687","0|||","0|","","","-1","1;1;1;1;1;2;3"
"krd-26070","휘경2동주민센터","37.589687800","127.068826000","2607","동대문","동대문","134","0|||","0|","","","-1","1;1;1;1;1;2;3"
"krd-26080","힐튼호텔","37.555191970","126.976639600","2608","남대문","남대문","230","0|||","0|","","","-1","1;1;1;1;1;2;3"
"krd-26090","은혜치과","37.584152230","127.088373000","2609","중랑","중랑","709","0|||","0|","","","-1","1;1;1;1;1;2;3"
"krd-26110","파크랜드앞","37.549332560","127.025980900","2611","성동","성동","1040","0|||","0|","","","-1","1;1;1;1;1;2;3"
"krd-26120","금호펌프장","37.544812650","127.024442600","2612","성동","성동","249","0|||","0|","","","-1","1;1;1;1;1;2;3"
"krd-26121","금호펌프장(연등)","37.545405010","127.024615900","2612","성동","성동","249","0|||","0|","","","-1","1;1;1;1;1;2;3"
"krd-26130","행당삼부아파트105동앞","37.558295010","127.038753600","2613","성동","성동","251","0|||","0|","","","-1","1;1;1;1;1;2;3"
"krd-26140","경동초등학교입구","37.546285260","127.050338500","2614","성동","성동","681","0|||","0|","","","-1","1;1;1;1;1;2;3"
"krd-26170","쌍문3동어린이집","37.651106780","127.032887800","2617","도봉","도봉","59","0|||","0|","","","-1","1;1;1;1;1;2;3"
"krd-26171","쌍문3동어린이집(연등)","37.651066870","127.032324100","2617","도봉","도봉","59","0|||","0|","","","-1","1;1;1;1;1;2;3"
"krd-26180","나폴레옹제과점앞","37.589202340","127.005313100","2618","성북","성북","362","0|||","0|","","","-1","1;1;1;1;1;2;3"
"krd-26190","홍은IC진입로","37.594418960","126.948255600","2619","서대문","서대문","95","0|||","0|","","","-1","1;1;1;1;1;2;3"
"krd-26191","홍은IC진입로(연등)","37.594001450","126.948022900","2619","서대문","서대문","95","0|||","0|","","","-1","1;1;1;1;1;2;3"
"krd-26200","Y타워앞","37.539434070","127.083220700","2620","광진","광진","265","0|||","0|","","","-1","1;1;1;1;1;2;3"
"krd-26210","해오름마트앞","37.538894180","127.092018700","2621","광진","광진","1422","0|||","0|","","","-1","1;1;1;1;1;2;3"
"krd-26230","연무관앞","37.583782200","126.972600900","2623","종로","종로","159","0|||","0|","","","-1","1;1;1;1;1;2;3"
"krd-26240","효자동삼거리","37.583478230","126.973678600","2624","종로","종로","159","0|||","0|","","","-1","1;1;1;1;1;2;3"
"krd-26241","효자동삼거리(연등)","37.583003610","126.973660600","2624","종로","종로","159","0|||","0|","","","-1","1;1;1;1;1;2;3"
"krd-26250","KT앞","37.572558370","126.977209500","2625","종로","종로","528","0|||","0|","","","-1","1;1;1;1;1;2;3"
"krd-26370","현대한강아파트","37.522528450","126.960535800","2637","용산","용산","563","0|||","0|","","","-1","1;1;1;1;1;2;3"
"krd-26380","재정관리단앞","37.538358840","126.986894000","2638","용산","용산","228","0|||","0|","","","-1","1;1;1;1;1;2;3"
"krd-26390","왕십리역","37.561083810","127.035452600","2639","성동","성동","259","0|||","0|","","","-1","1;1;1;1;1;2;3"
"krd-26400","금호사거리","37.548038420","127.025774000","2640","성동","성동","1040","0|||","0|","","","-1","1;1;1;1;1;2;3"
"krd-26410","마장2교","37.568089010","127.045894900","2641","성동","성동","136","0|||","0|","","","-1","1;1;1;1;1;2;3"
"krd-26420","성동교회","37.553373560","127.024833000","2642","성동","성동","267","0|||","0|","","","-1","1;1;1;1;1;2;3"
"krd-26430","옥수빗물펌프장","37.541454180","127.019424900","2643","성동","성동","590","0|||","0|","","","-1","1;1;1;1;1;2;3"
"krd-26431","옥수빗물펌프장(연등)","37.541598760","127.018631300","2643","성동","성동","590","0|||","0|","","","-1","1;1;1;1;1;2;3"
"krd-26440","금호역","37.548263360","127.015819200","2644","성동","성동","645","0|||","0|","","","-1","1;1;1;1;1;2;3"
"krd-26450","금호대우아파트","37.546447030","127.018608800","2645","성동","성동","226","0|||","0|","","","-1","1;1;1;1;1;2;3"
"krd-26451","금호대우아파트(연등)","37.547226550","127.019947400","2645","성동","성동","226","0|||","0|","","","-1","1;1;1;1;1;2;3"
"krd-26460","안암역","37.586289600","127.029348200","2646","성북","성북","170","0|||","0|","","","-1","1;1;1;1;1;2;3"
"krd-26461","안암역(연등)","37.586370730","127.030826000","2646","성북","성북","170","0|||","0|","","","-1","1;1;1;1;1;2;3"
"krd-26470","이문e편한세상","37.604443260","127.062056100","2647","동대문","동대문","322","0|||","0|","","","-1","1;1;1;1;1;2;3"
"krd-26480","소화물창고","37.580729360","127.051389000","2648","동대문","동대문","1758","0|||","0|","","","-1","1;1;1;1;1;2;3"
"krd-26481","소화물창고(연등)","37.579933780","127.050747400","2648","동대문","동대문","1758","0|||","0|","","","-1","1;1;1;1;1;2;3"
"krd-26490","답십리한양아파트","37.572884180","127.059568400","2649","동대문","동대문","221","0|||","0|","","","-1","1;1;1;1;1;2;3"
"krd-26491","답십리한양아파트(연등)1","37.572847400","127.060534700","2649","동대문","동대문","221","0|||","0|","","","-1","1;1;1;1;1;2;3"
"krd-26492","답십리한양아파트(연등)2","37.572886500","127.058506000","2649","동대문","동대문","221","0|||","0|","","","-1","1;1;1;1;1;2;3"
"krd-26500","촬영소사거리","37.572762180","127.066337100","2650","동대문","동대문","266","0|||","0|","","","-1","1;1;1;1;1;2;3"
"krd-26501","촬영소사거리(연등)1","37.573799940","127.066868400","2650","동대문","동대문","266","0|||","0|","","","-1","1;1;1;1;1;2;3"
"krd-26502","촬영소사거리(연등)2","37.572700330","127.067701300","2650","동대문","동대문","266","0|||","0|","","","-1","1;1;1;1;1;2;3"
"krd-26510","참튼튼병원","37.572475410","127.069669700","2651","동대문","동대문","1988","0|||","0|","","","-1","1;1;1;1;1;2;3"
"krd-26511","참튼튼병원(연등)","37.572591010","127.068529300","2651","동대문","동대문","1988","0|||","0|","","","-1","1;1;1;1;1;2;3"
"krd-26550","남영역굴다리","37.541888250","126.971721800","2655","용산","용산","682","0|||","0|","","","-1","1;1;1;1;1;2;3"
"krd-26560","렉스아파트","37.518148250","126.979512600","2656","용산","용산","306","0|||","0|","","","-1","1;1;1;1;1;2;3"
"krd-26590","안국선원","37.582839310","126.985086200","2659","종로","종로","541","0|||","0|","","","-1","1;1;1;1;1;2;3"
"krd-26630","청량리현대코아앞","37.582007060","127.044618600","2663","동대문","동대문","114","0|||","0|","","","-1","1;1;1;1;1;2;3"
"krd-26660","상왕십리","37.565041550","127.025593500","2666","성동","성동","1816","0|||","0|","","","-1","1;1;1;1;1;2;3"
"krd-26780","갈현우남아파트","37.617271730","126.906641900","2678","은평","은평","674","0|||","0|","","","-1","1;1;1;1;1;2;3"
"krd-26781","갈현우남아파트(연등)","37.618363470","126.906054000","2678","은평","은평","674","0|||","0|","","","-1","1;1;1;1;1;2;3"
"krd-26790","대화이앤엘","37.591819740","127.082364300","2679","중랑","중랑","243","0|||","0|","","","-1","1;1;1;1;1;2;3"
"krd-26800","창경초교정문","37.655373300","127.034549100","2680","도봉","도봉","1665","0|||","0|","","","-1","1;1;1;1;1;2;3"
"krd-26810","신안아파트","37.614499960","127.079214800","2681","중랑","중랑","294","0|||","0|","","","-1","1;1;1;1;1;2;3"
"krd-26820","상봉지구대","37.591503580","127.073051100","2682","중랑","중랑","1324","0|||","0|","","","-1","1;1;1;1;1;2;3"
"krd-26830","면목2치안센터","37.590006290","127.076063100","2683","중랑","중랑","1705","0|||","0|","","","-1","1;1;1;1;1;2;3"
"krd-26831","면목2치안센터(연등)1","37.589657510","127.075033100","2683","중랑","중랑","1705","0|||","0|","","","-1","1;1;1;1;1;2;3"
"krd-26832","면목2치안센터(연등)2","37.590554920","127.077771400","2683","중랑","중랑","1705","0|||","0|","","","-1","1;1;1;1;1;2;3"
"krd-26880","파티마동물병원","37.557948320","126.928990600","2688","마포","마포","45","0|||","0|","","","-1","1;1;1;1;1;2;3"
"krd-26900","신연중","37.583909380","126.941245800","2690","서대문","서대문","726","0|||","0|","","","-1","1;1;1;1;1;2;3"
"krd-26901","신연중(연등)","37.583903450","126.939120700","2690","서대문","서대문","726","0|||","0|","","","-1","1;1;1;1;1;2;3"
"krd-26910","구세군회관앞","37.570157330","126.972569500","2691","종로","종로","528","0|||","0|","","","-1","1;1;1;1;1;2;3"
"krd-26920","마포공영주차장입구","37.539915060","126.943572100","2692","마포","마포","89","0|||","0|","","","-1","1;1;1;1;1;2;3"
"krd-26921","마포공영주차장입구(연등)","37.540397410","126.942892300","2692","마포","마포","89","0|||","0|","","","-1","1;1;1;1;1;2;3"
"krd-26930","홍대부속초교","37.559265290","126.914088300","2693","마포","마포","281","0|||","0|","","","-1","1;1;1;1;1;2;3"
"krd-26940","동양빌딩앞","37.618961030","127.022780900","2694","강북","강북","111","0|||","0|","","","-1","1;1;1;1;1;2;3"
"krd-26960","동대문밀리오레앞","37.568157120","127.009302900","2696","중부","중부","532","0|||","0|","","","-1","1;1;1;1;1;2;3"
"krd-26970","방통대앞","37.578648020","127.002188500","2697","혜화","혜화","630","0|||","0|","","","-1","1;1;1;1;1;2;3"
"krd-26980","서부중앙교회","37.599755900","126.918963100","2698","서부","서부","423","0|||","0|","","","-1","1;1;1;1;1;2;3"
"krd-26990","은평롯데캐슬803동앞","37.646385550","126.924906100","2699","은평","은평","433","0|||","0|","","","-1","1;1;1;1;1;2;3"
"krd-27000","은평아이파크627동앞","37.648126780","126.927403300","2700","은평","은평","433","0|||","0|","","","-1","1;1;1;1;1;2;3"
"krd-27010","은평푸르지오618동앞","37.649279280","126.928846100","2701","은평","은평","433","0|||","0|","","","-1","1;1;1;1;1;2;3"
"krd-27020","은평뉴타운6단지앞","37.650095980","126.931383500","2702","은평","은평","433","0|||","0|","","","-1","1;1;1;1;1;2;3"
"krd-27040","대광고","37.578333510","127.023123200","2704","성북","성북","730","0|||","0|","","","-1","1;1;1;1;1;2;3"
"krd-27050","성신여대입구역","37.592697890","127.016469800","2705","성북","성북","362","0|||","0|","","","-1","1;1;1;1;1;2;3"
"krd-27051","성신여대입구역(연등)1","37.593540500","127.017935200","2705","성북","성북","362","0|||","0|","","","-1","1;1;1;1;1;2;3"
"krd-27052","성신여대입구역(연등)2","37.592027290","127.016629300","2705","성북","성북","362","0|||","0|","","","-1","1;1;1;1;1;2;3"
"krd-27060","흥천사입구","37.596481560","127.015323100","2706","성북","성북","348","0|||","0|","","","-1","1;1;1;1;1;2;3"
"krd-27061","흥천사입구(연등)","37.597594490","127.014662900","2706","성북","성북","348","0|||","0|","","","-1","1;1;1;1;1;2;3"
"krd-27100","북가좌한울뉴타운아파트","37.577133140","126.909001100","2710","서대문","서대문","1399","0|||","0|","","","-1","1;1;1;1;1;2;3"
"krd-27101","북가좌한울뉴타운아파트(연등)1","37.576753840","126.908603400","2710","서대문","서대문","1399","0|||","0|","","","-1","1;1;1;1;1;2;3"
"krd-27102","북가좌한울뉴타운아파트(연등)2","37.576289730","126.908147600","2710","서대문","서대문","1399","0|||","0|","","","-1","1;1;1;1;1;2;3"
"krd-27110","한강진역","37.540024880","127.001751600","2711","용산","용산","69","0|||","0|","","","-1","1;1;1;1;1;2;3"
"krd-27111","한강진역(연등)","37.540297830","127.001789000","2711","용산","용산","69","0|||","0|","","","-1","1;1;1;1;1;2;3"
"krd-27120","이촌동삼거리","37.521644020","126.966476000","2712","용산","용산","306","0|||","0|","","","-1","1;1;1;1;1;2;3"
"krd-27150","쌍문초교후문","37.647896690","127.024680500","2715","도봉","도봉","124","0|||","0|","","","-1","1;1;1;1;1;2;3"
"krd-27151","쌍문초교후문(연등)","37.648265600","127.024101700","2715","도봉","도봉","124","0|||","0|","","","-1","1;1;1;1;1;2;3"
"krd-27160","창동삼성아파트입구","37.648536990","127.047825800","2716","도봉","도봉","509","0|||","0|","","","-1","1;1;1;1;1;2;3"
"krd-27170","예수제자교회","37.594620960","127.095369800","2717","중랑","중랑","1750","0|||","0|","","","-1","1;1;1;1;1;2;3"
"krd-27180","광남유치원","37.541482070","127.100984600","2718","광진","광진","234","0|||","0|","","","-1","1;1;1;1;1;2;3"
"krd-27181","광남유치원(연등)","37.542121240","127.101756200","2718","광진","광진","234","0|||","0|","","","-1","1;1;1;1;1;2;3"
"krd-27200","중곡1동사거리","37.563159360","127.079757100","2720","광진","광진","1277","0|||","0|","","","-1","1;1;1;1;1;2;3"
"krd-27201","중곡1동사거리(연등)","37.562859860","127.080739200","2720","광진","광진","1277","0|||","0|","","","-1","1;1;1;1;1;2;3"
"krd-27210","장안교","37.581412640","127.079667100","2721","중랑","중랑","661","0|||","0|","","","-1","1;1;1;1;1;2;3"
"krd-27220","동원시장","37.589303330","127.091649300","2722","중랑","중랑","660","0|||","0|","","","-1","1;1;1;1;1;2;3"
"krd-27221","동원시장(연등)1","37.589045370","127.090666100","2722","중랑","중랑","660","0|||","0|","","","-1","1;1;1;1;1;2;3"
"krd-27222","동원시장(연등)2","37.588908130","127.089896300","2722","중랑","중랑","660","0|||","0|","","","-1","1;1;1;1;1;2;3"
"krd-27230","국민은행서교동지점","37.554076280","126.922849600","2723","마포","마포","540","0|||","0|","","","-1","1;1;1;1;1;2;3"
"krd-27231","국민은행서교동지점(연등)","37.554294820","126.922610800","2723","마포","마포","540","0|||","0|","","","-1","1;1;1;1;1;2;3"
"krd-27250","쌍다리기사식당","37.593531040","126.996053100","2725","성북","성북","93","0|||","0|","","","-1","1;1;1;1;1;2;3"
"krd-27260","동문아파트102동앞","37.623690180","127.037642300","2726","강북","강북","330","0|||","0|","","","-1","1;1;1;1;1;2;3"
"krd-27270","원광초교후문","37.654597870","127.075944800","2727","노원","노원","256","0|||","0|","","","-1","1;1;1;1;1;2;3"
"krd-27290","김수영문학관","37.660191360","127.024219300","2729","도봉","도봉","1833","0|||","0|","","","-1","1;1;1;1;1;2;3"
"krd-27300","상도교동측","37.686745560","127.051910600","2730","노원","노원","589","0|||","0|","","","-1","1;1;1;1;1;2;3"
"krd-27310","창도초교후문","37.664221160","127.050298900","2731","도봉","도봉","1834","0|||","0|","","","-1","1;1;1;1;1;2;3"
"krd-27320","서울시동부병원","37.575512080","127.030609100","2732","동대문","동대문","1770","0|||","0|","","","-1","1;1;1;1;1;2;3"
"krd-27330","삼희아파트","37.568902170","127.051826200","2733","동대문","동대문","233","0|||","0|","","","-1","1;1;1;1;1;2;3"
"krd-27340","6번정문","37.527318640","126.991598500","2734","용산","용산","179","0|||","0|","","","-1","1;1;1;1;1;2;3"
"krd-27350","CJ빌딩입구","37.554222790","126.976532700","2735","용산","용산","279","0|||","0|","","","-1","1;1;1;1;1;2;3"
"krd-27360","두무개삼거리","37.530141990","127.006891000","2736","용산","용산","264","0|||","0|","","","-1","1;1;1;1;1;2;3"
"krd-27361","두무개삼거리(연등)1","37.530347900","127.006602900","2736","용산","용산","264","0|||","0|","","","-1","1;1;1;1;1;2;3"
"krd-27362","두무개삼거리(연등)2","37.530255430","127.007346100","2736","용산","용산","264","0|||","0|","","","-1","1;1;1;1;1;2;3"
"krd-27400","정릉대림e편한세상","37.598884380","127.019168600","2740","성북","성북","539","0|||","0|","","","-1","1;1;1;1;1;2;3"
"krd-27410","광진경찰서","37.542626370","127.084254600","2741","광진","광진","265","0|||","0|","","","-1","1;1;1;1;1;2;3"
"krd-27420","수협구의지점앞","37.540866540","127.083543800","2742","광진","광진","265","0|||","0|","","","-1","1;1;1;1;1;2;3"
"krd-27430","갈현동성당입구","37.620931480","126.916527100","2743","은평","은평","664","0|||","0|","","","-1","1;1;1;1;1;2;3"
"krd-27440","은평성모병원","37.634497820","126.917045500","2744","은평","은평","428","0|||","0|","","","-1","1;1;1;1;1;2;3"
"krd-27460","기동대","37.568051820","127.014779800","2746","중부","중부","168","0|||","0|","","","-1","1;1;1;1;1;2;3"
"krd-27490","금호삼성래미안","37.549086580","127.029036600","2749","성동","성동","237","0|||","0|","","","-1","1;1;1;1;1;2;3"
"krd-27500","기업은행마장","37.566795690","127.044047200","2750","성동","성동","136","0|||","0|","","","-1","1;1;1;1;1;2;3"
"krd-27501","기업은행마장(연등)","37.567470610","127.044978200","2750","성동","성동","136","0|||","0|","","","-1","1;1;1;1;1;2;3"
"krd-27510","성동노인종합복지관","37.564201600","127.041720200","2751","성동","성동","218","0|||","0|","","","-1","1;1;1;1;1;2;3"
"krd-27520","마장동금호아파트","37.562874450","127.041718500","2752","성동","성동","218","0|||","0|","","","-1","1;1;1;1;1;2;3"
"krd-27530","신동아아파트입구","37.573982770","127.032427600","2753","동대문","동대문","1770","0|||","0|","","","-1","1;1;1;1;1;2;3"
"krd-27540","휘경시장","37.591443590","127.056893900","2754","동대문","동대문","322","0|||","0|","","","-1","1;1;1;1;1;2;3"
"krd-27550","양문교회앞","37.586544280","127.036997100","2755","동대문","동대문","54","0|||","0|","","","-1","1;1;1;1;1;2;3"
"krd-27560","홍릉동부아파트앞","37.586820910","127.045580800","2756","동대문","동대문","114","0|||","0|","","","-1","1;1;1;1;1;2;3"
"krd-27570","동진교","37.573918400","127.028756400","2757","동대문","동대문","1770","0|||","0|","","","-1","1;1;1;1;1;2;3"
"krd-27580","백석빌딩","37.570864730","127.065187400","2758","동대문","동대문","266","0|||","0|","","","-1","1;1;1;1;1;2;3"
"krd-27700","송정건영아파트","37.554936350","127.071219600","2770","광진","광진","424","0|||","0|","","","-1","1;1;1;1;1;2;3"
"krd-27701","송정건영아파트(연등)","37.556450720","127.072067900","2770","광진","광진","424","0|||","0|","","","-1","1;1;1;1;1;2;3"
"krd-27710","월성운수","37.569858270","127.079549600","2771","광진","광진","556","0|||","0|","","","-1","1;1;1;1;1;2;3"
"krd-27720","럭키부동산","37.563601960","127.078490000","2772","광진","광진","1277","0|||","0|","","","-1","1;1;1;1;1;2;3"
"krd-27730","중원주유소","37.566208150","127.077565200","2773","광진","광진","556","0|||","0|","","","-1","1;1;1;1;1;2;3"
"krd-27740","창도초교3R","37.664225990","127.048626300","2774","도봉","도봉","1834","0|||","0|","","","-1","1;1;1;1;1;2;3"
"krd-27750","광진소방서","37.545195300","127.082810200","2775","광진","광진","448","0|||","0|","","","-1","1;1;1;1;1;2;3"
"krd-27760","국민은행군자역지점","37.555435900","127.078542300","2776","광진","광진","637","0|||","0|","","","-1","1;1;1;1;1;2;3"
"krd-27770","능동119안전센터","37.552051910","127.076807600","2777","광진","광진","637","0|||","0|","","","-1","1;1;1;1;1;2;3"
"krd-27870","종월2교서측","37.597262320","127.040585200","2787","종암","종암","1841","0|||","0|","","","-1","1;1;1;1;1;2;3"
"krd-61930","구파발역정류장","37.637003680","126.916889000","6193","은평","은평","428","0|||","0|","","","-1","1;1;1;1;1;2;3"
"krd-61931","구파발역정류장(연등)","37.636450250","126.916948000","6193","은평","은평","428","0|||","0|","","","-1","1;1;1;1;1;2;3"
"krd-61950","구파발사거리","37.638995140","126.916745200","6195","은평","은평","428","0|||","0|","","","-1","1;1;1;1;1;2;3"
"krd-61960","은평뉴타운10단지","37.643214770","126.914617400","6196","은평","은평","428","0|||","0|","","","-1","1;1;1;1;1;2;3"
"krd-61970","올림픽생활관","37.590318970","126.999361100","6197","혜화","혜화","236","0|||","0|","","","-1","1;1;1;1;1;2;3"
"krd-61980","금암문화공원","37.644839940","126.918675000","6198","은평","은평","433","0|||","0|","","","-1","1;1;1;1;1;2;3"
"krd-61990","은빛초교","37.643036440","126.918452500","6199","은평","은평","619","0|||","0|","","","-1","1;1;1;1;1;2;3"
"krd-61991","은빛초교(연등)","37.642948510","126.919504300","6199","은평","은평","619","0|||","0|","","","-1","1;1;1;1;1;2;3"
"krd-62010","은평롯데캐슬821동","37.643058530","126.921547100","6201","은평","은평","619","0|||","0|","","","-1","1;1;1;1;1;2;3"
"krd-62030","은평제일교회","37.640540380","126.921031400","6203","은평","은평","619","0|||","0|","","","-1","1;1;1;1;1;2;3"
"krd-62050","일신초교","37.599064670","127.039799400","6205","종암","종암","1384","0|||","0|","","","-1","1;1;1;1;1;2;3"
"krd-62060","구파발검문소앞","37.639812870","126.916438600","6206","은평","은평","428","0|||","0|","","","-1","1;1;1;1;1;2;3"
"krd-62070","세브란스빌딩","37.556647060","126.974301300","6207","남대문","남대문","351","0|||","0|","","","-1","1;1;1;1;1;2;3"
"krd-28190","케리스빌딩앞","37.563756050","127.004976200","2819","중부","중부","188","0|||","0|","","","-1","1;1;1;1;1;2;3"
"krd-28200","우리은행장충지점","37.562083510","127.006428500","2820","중부","중부","525","0|||","0|","","","-1","1;1;1;1;1;2;3"
"krd-28201","우리은행장충지점(연등)","37.561634920","127.006210200","2820","중부","중부","525","0|||","0|","","","-1","1;1;1;1;1;2;3"
"krd-28210","엠버서더호텔","37.559210290","127.002994700","2821","중부","중부","525","0|||","0|","","","-1","1;1;1;1;1;2;3"
"krd-28211","엠버서더호텔(연등)","37.559727550","127.002869800","2821","중부","중부","525","0|||","0|","","","-1","1;1;1;1;1;2;3"
"krd-28220","광희동사거리","37.564223580","127.007180600","2822","중부","중부","525","0|||","0|","","","-1","1;1;1;1;1;2;3"
"krd-28230","동대문역사문화공원","37.566030380","127.007784900","2823","중부","중부","525","0|||","0|","","","-1","1;1;1;1;1;2;3"
"krd-28231","동대문역사문화공원(연등)","37.566256670","127.006537600","2823","중부","중부","525","0|||","0|","","","-1","1;1;1;1;1;2;3"
"krd-28250","충무아트센터","37.565107840","127.014010800","2825","중부","중부","1747","0|||","0|","","","-1","1;1;1;1;1;2;3"
"krd-28260","누죤","37.566804110","127.012408200","2826","중부","중부","1655","0|||","0|","","","-1","1;1;1;1;1;2;3"
"krd-28270","동대문주차장","37.567904600","127.012380500","2827","중부","중부","168","0|||","0|","","","-1","1;1;1;1;1;2;3"
"krd-28280","광희초등학교앞","37.567062120","127.016102500","2828","중부","중부","1747","0|||","0|","","","-1","1;1;1;1;1;2;3"
"krd-28290","동대문역사문화공원역","37.565420410","127.009769100","2829","중부","중부","1747","0|||","0|","","","-1","1;1;1;1;1;2;3"
"krd-28300","한양공고앞","37.564860030","127.011009500","2830","중부","중부","1747","0|||","0|","","","-1","1;1;1;1;1;2;3"
"krd-28310","흥인사거리","37.568008710","127.015982700","2831","중부","중부","168","0|||","0|","","","-1","1;1;1;1;1;2;3"
"krd-28330","수락산입구","37.682369330","127.055451900","2833","노원","노원","298","0|||","0|","","","-1","1;1;1;1;1;2;3"
"krd-28340","신당초교후문","37.563632930","127.024259500","2834","중부","중부","1816","0|||","0|","","","-1","1;1;1;1;1;2;3"
"krd-28341","신당초교후문(연등)","37.564108260","127.024318000","2834","중부","중부","1816","0|||","0|","","","-1","1;1;1;1;1;2;3"
"krd-28350","금호베스트빌아파트","37.562061770","127.024272600","2835","중부","중부","267","0|||","0|","","","-1","1;1;1;1;1;2;3"
"krd-28360","신당역","37.565367660","127.016207400","2836","중부","중부","1747","0|||","0|","","","-1","1;1;1;1;1;2;3"
"krd-28370","황학사거리","37.567887360","127.023501400","2837","성동","성동","203","0|||","0|","","","-1","1;1;1;1;1;2;3"
"krd-28380","성동고교","37.565154760","127.023629400","2838","성동","성동","1816","0|||","0|","","","-1","1;1;1;1;1;2;3"
"krd-28381","성동고교(연등)1","37.565479650","127.021977800","2838","성동","성동","1816","0|||","0|","","","-1","1;1;1;1;1;2;3"
"krd-28382","성동고교(연등)2","37.566228220","127.023578800","2838","성동","성동","1816","0|||","0|","","","-1","1;1;1;1;1;2;3"
"krd-28390","신당동떡볶이타운","37.563124660","127.015476700","2839","중부","중부","1747","0|||","0|","","","-1","1;1;1;1;1;2;3"
"krd-28420","할머니보쌈","37.569521610","127.023447700","2842","성동","성동","296","0|||","0|","","","-1","1;1;1;1;1;2;3"
"krd-28430","금호여중","37.558024710","127.019075100","2843","중부","중부","230","0|||","0|","","","-1","1;1;1;1;1;2;3"
"krd-28431","금호여중(연등)1","37.558351650","127.018870000","2843","중부","중부","230","0|||","0|","","","-1","1;1;1;1;1;2;3"
"krd-28432","금호여중(연등)2","37.559217950","127.018866200","2843","중부","중부","230","0|||","0|","","","-1","1;1;1;1;1;2;3"
"krd-28440","씨유청구역점","37.560931820","127.011779500","2844","중부","중부","1654","0|||","0|","","","-1","1;1;1;1;1;2;3"
"krd-28441","씨유청구역점(연등)","37.560571790","127.012940600","2844","중부","중부","1654","0|||","0|","","","-1","1;1;1;1;1;2;3"
"krd-28450","자바빌딩","37.562020730","127.010366500","2845","중부","중부","1654","0|||","0|","","","-1","1;1;1;1;1;2;3"
"krd-28460","청구역","37.560258200","127.013766800","2846","중부","중부","214","0|||","0|","","","-1","1;1;1;1;1;2;3"
"krd-28470","신당삼성아파트","37.559430090","127.017120400","2847","중부","중부","542","0|||","0|","","","-1","1;1;1;1;1;2;3"
"krd-28471","신당삼성아파트(연등)1","37.559950030","127.018004000","2847","중부","중부","542","0|||","0|","","","-1","1;1;1;1;1;2;3"
"krd-28472","신당삼성아파트(연등)2","37.559485510","127.015829800","2847","중부","중부","542","0|||","0|","","","-1","1;1;1;1;1;2;3"
"krd-28480","청구동","37.557390080","127.012095600","2848","중부","중부","214","0|||","0|","","","-1","1;1;1;1;1;2;3"
"krd-28481","청구동(연등)","37.556403100","127.011551300","2848","중부","중부","214","0|||","0|","","","-1","1;1;1;1;1;2;3"
"krd-62100","흥인초교","37.561338730","127.014409900","6210","중부","중부","214","0|||","0|","","","-1","1;1;1;1;1;2;3"
"krd-28500","성원빌딩","37.558618570","127.012786500","2850","중부","중부","214","0|||","0|","","","-1","1;1;1;1;1;2;3"
"krd-28510","남산2호터널입구","37.555367990","127.003957500","2851","중부","중부","238","0|||","0|","","","-1","1;1;1;1;1;2;3"
"krd-28520","동국대학교앞","37.556471160","127.004601900","2852","중부","중부","238","0|||","0|","","","-1","1;1;1;1;1;2;3"
"krd-28530","남산정은스카이아파트","37.549607650","127.007493400","2853","중부","중부","222","0|||","0|","","","-1","1;1;1;1;1;2;3"
"krd-28540","신당119안전센터","37.553118660","127.009427600","2854","중부","중부","222","0|||","0|","","","-1","1;1;1;1;1;2;3"
"krd-28550","약수역","37.554809740","127.010650100","2855","중부","중부","358","0|||","0|","","","-1","1;1;1;1;1;2;3"
"krd-28551","약수역(연등)","37.553880780","127.011363000","2855","중부","중부","358","0|||","0|","","","-1","1;1;1;1;1;2;3"
"krd-28560","국립극장앞","37.551228050","127.000585700","2856","중부","중부","238","0|||","0|","","","-1","1;1;1;1;1;2;3"
"krd-28561","국립극장앞(연등)1","37.551594330","127.001047000","2856","중부","중부","238","0|||","0|","","","-1","1;1;1;1;1;2;3"
"krd-28562","국립극장앞(연등)2","37.552088300","127.001684300","2856","중부","중부","238","0|||","0|","","","-1","1;1;1;1;1;2;3"
"krd-28570","중부수도사업소","37.553158600","127.002429900","2857","중부","중부","238","0|||","0|","","","-1","1;1;1;1;1;2;3"
"krd-28580","장충고개","37.558035140","127.008205900","2858","중부","중부","358","0|||","0|","","","-1","1;1;1;1;1;2;3"
"krd-28590","버티고개역","37.547758470","127.006515900","2859","중부","중부","222","0|||","0|","","","-1","1;1;1;1;1;2;3"
"krd-28591","버티고개역(연등)","37.548017880","127.007035900","2859","중부","중부","222","0|||","0|","","","-1","1;1;1;1;1;2;3"
"krd-28600","장충체육관","37.559002740","127.006005000","2860","중부","중부","358","0|||","0|","","","-1","1;1;1;1;1;2;3"
"krd-28601","장충체육관(연등)","37.560101520","127.005606100","2860","중부","중부","358","0|||","0|","","","-1","1;1;1;1;1;2;3"
"krd-28610","한남광장","37.547181210","127.002936700","2861","용산","용산","222","0|||","0|","","","-1","1;1;1;1;1;2;3"
"krd-28620","중구청","37.564369300","126.998333400","2862","중부","중부","525","0|||","0|","","","-1","1;1;1;1;1;2;3"
"krd-28640","을지로4가","37.566649250","126.998130700","2864","중부","중부","525","0|||","0|","","","-1","1;1;1;1;1;2;3"
"krd-28641","을지로4가(연등)1","37.567278950","126.998083900","2864","중부","중부","525","0|||","0|","","","-1","1;1;1;1;1;2;3"
"krd-28642","을지로4가(연등)2","37.566710890","126.999105200","2864","중부","중부","525","0|||","0|","","","-1","1;1;1;1;1;2;3"
"krd-28643","을지로4가(연등)3","37.566136320","126.998200700","2864","중부","중부","525","0|||","0|","","","-1","1;1;1;1;1;2;3"
"krd-28644","을지로4가(연등)4","37.566609250","126.997501300","2864","중부","중부","525","0|||","0|","","","-1","1;1;1;1;1;2;3"
"krd-28645","을지로4가(연등)5","37.566518090","126.995572800","2864","중부","중부","525","0|||","0|","","","-1","1;1;1;1;1;2;3"
"krd-28650","을지로5가","37.566870060","127.002265200","2865","중부","중부","525","0|||","0|","","","-1","1;1;1;1;1;2;3"
"krd-28651","을지로5가(연등)1","37.566789910","127.000272100","2865","중부","중부","525","0|||","0|","","","-1","1;1;1;1;1;2;3"
"krd-28652","을지로5가(연등)2","37.567758940","127.002180600","2865","중부","중부","525","0|||","0|","","","-1","1;1;1;1;1;2;3"
"krd-28660","청계5가","37.569489900","127.002043300","2866","혜화","혜화","1817","0|||","0|","","","-1","1;1;1;1;1;2;3"
"krd-28661","청계5가(연등)","37.569797980","127.002027000","2866","혜화","혜화","1817","0|||","0|","","","-1","1;1;1;1;1;2;3"
"krd-28670","을지KT앞","37.566640180","127.004479300","2867","중부","중부","525","0|||","0|","","","-1","1;1;1;1;1;2;3"
"krd-28690","퇴계로5가","37.563200510","127.002574100","2869","중부","중부","188","0|||","0|","","","-1","1;1;1;1;1;2;3"
"krd-28700","퇴계로4가","37.562270160","126.998532500","2870","중부","중부","188","0|||","0|","","","-1","1;1;1;1;1;2;3"
"krd-28701","퇴계로4가(연등)","37.563006080","126.998444100","2870","중부","중부","188","0|||","0|","","","-1","1;1;1;1;1;2;3"
"krd-28710","충무로역","37.561082710","126.993260700","2871","중부","중부","188","0|||","0|","","","-1","1;1;1;1;1;2;3"
"krd-28711","충무로역(연등)","37.561129300","126.992525200","2871","중부","중부","188","0|||","0|","","","-1","1;1;1;1;1;2;3"
"krd-28720","퇴계로2가","37.561190460","126.989050900","2872","남대문","남대문","295","0|||","0|","","","-1","1;1;1;1;1;2;3"
"krd-28730","남산적십자","37.559450460","126.988024800","2873","남대문","남대문","1446","0|||","0|","","","-1","1;1;1;1;1;2;3"
"krd-28731","남산적십자(연등)1","37.559430630","126.987990500","2873","남대문","남대문","1446","0|||","0|","","","-1","1;1;1;1;1;2;3"
"krd-28732","남산적십자(연등)2","37.558899790","126.987393700","2873","남대문","남대문","1446","0|||","0|","","","-1","1;1;1;1;1;2;3"
"krd-28733","남산적십자(연등)3","37.558279900","126.987333800","2873","남대문","남대문","1446","0|||","0|","","","-1","1;1;1;1;1;2;3"
"krd-28740","남산왕돈까스","37.556710570","126.985719200","2874","남대문","남대문","1446","0|||","0|","","","-1","1;1;1;1;1;2;3"
"krd-28750","명동성당","37.564648530","126.987744100","2875","중부","중부","295","0|||","0|","","","-1","1;1;1;1;1;2;3"
"krd-28760","을지로2가","37.566159360","126.987548900","2876","중부","중부","295","0|||","0|","","","-1","1;1;1;1;1;2;3"
"krd-28770","하나금융그룹","37.566101830","126.985591200","2877","남대문","남대문","295","0|||","0|","","","-1","1;1;1;1;1;2;3"
"krd-28780","을지로1가","37.566023800","126.982689600","2878","남대문","남대문","295","0|||","0|","","","-1","1;1;1;1;1;2;3"
"krd-28790","을지로3가역","37.566227080","126.989741500","2879","중부","중부","295","0|||","0|","","","-1","1;1;1;1;1;2;3"
"krd-28800","중부경찰서앞","37.564843630","126.989969700","2880","중부","중부","535","0|||","0|","","","-1","1;1;1;1;1;2;3"
"krd-28810","을지로3가","37.566386530","126.992617400","2881","중부","중부","525","0|||","0|","","","-1","1;1;1;1;1;2;3"
"krd-28840","회현사거리","37.560389310","126.982072300","2884","남대문","남대문","527","0|||","0|","","","-1","1;1;1;1;1;2;3"
"krd-28850","신세계백화점","37.559520800","126.980143700","2885","남대문","남대문","527","0|||","0|","","","-1","1;1;1;1;1;2;3"
"krd-28860","남대문시장","37.558735020","126.978411400","2886","남대문","남대문","351","0|||","0|","","","-1","1;1;1;1;1;2;3"
"krd-28870","단암빌딩","37.558507330","126.976010700","2887","남대문","남대문","230","0|||","0|","","","-1","1;1;1;1;1;2;3"
"krd-28890","서울스퀘어앞","37.556241690","126.973087500","2889","남대문","남대문","351","0|||","0|","","","-1","1;1;1;1;1;2;3"
"krd-28900","서울역신청사앞","37.555028260","126.972457200","2890","남대문","남대문","351","0|||","0|","","","-1","1;1;1;1;1;2;3"
"krd-28920","중림동","37.559219480","126.968802900","2892","남대문","남대문","1826","0|||","0|","","","-1","1;1;1;1;1;2;3"
"krd-28930","서울역서부","37.557055010","126.968791300","2893","남대문","남대문","1826","0|||","0|","","","-1","1;1;1;1;1;2;3"
"krd-28940","중림삼성아파트","37.559015260","126.965034500","2894","남대문","남대문","236","0|||","0|","","","-1","1;1;1;1;1;2;3"
"krd-28950","상수도사업본부","37.561501310","126.967493900","2895","남대문","남대문","1826","0|||","0|","","","-1","1;1;1;1;1;2;3"
"krd-28951","상수도사업본부(연등)","37.560710770","126.967865200","2895","남대문","남대문","1826","0|||","0|","","","-1","1;1;1;1;1;2;3"
"krd-28960","경찰청앞","37.562021120","126.969642300","2896","서대문","서대문","370","0|||","0|","","","-1","1;1;1;1;1;2;3"
"krd-28970","염천교","37.559609750","126.971388400","2897","남대문","남대문","333","0|||","0|","","","-1","1;1;1;1;1;2;3"
"krd-28980","상공회의소","37.559808860","126.973915900","2898","남대문","남대문","333","0|||","0|","","","-1","1;1;1;1;1;2;3"
"krd-28981","상공회의소(연등)","37.559724830","126.972805800","2898","남대문","남대문","333","0|||","0|","","","-1","1;1;1;1;1;2;3"
"krd-28990","숭례문정류장","37.558677450","126.973932900","2899","남대문","남대문","351","0|||","0|","","","-1","1;1;1;1;1;2;3"
"krd-28991","숭례문정류장(연등)","37.558217920","126.973484300","2899","남대문","남대문","351","0|||","0|","","","-1","1;1;1;1;1;2;3"
"krd-29000","숭례문","37.560427290","126.975717400","2900","남대문","남대문","351","0|||","0|","","","-1","1;1;1;1;1;2;3"
"krd-29001","숭례문(연등)","37.560136570","126.975791000","2900","남대문","남대문","351","0|||","0|","","","-1","1;1;1;1;1;2;3"
"krd-29010","한국은행앞","37.561941080","126.981235700","2901","남대문","남대문","527","0|||","0|","","","-1","1;1;1;1;1;2;3"
"krd-29020","삼선빌딩","37.557651510","126.976926900","2902","남대문","남대문","351","0|||","0|","","","-1","1;1;1;1;1;2;3"
"krd-29021","삼선빌딩(연등)1","37.558052720","126.977710900","2902","남대문","남대문","351","0|||","0|","","","-1","1;1;1;1;1;2;3"
"krd-29022","삼선빌딩(연등)2","37.557307910","126.976007200","2902","남대문","남대문","351","0|||","0|","","","-1","1;1;1;1;1;2;3"
"krd-29030","조선호텔앞","37.563994730","126.979412500","2903","남대문","남대문","527","0|||","0|","","","-1","1;1;1;1;1;2;3"
"krd-29031","조선호텔앞(연등)","37.563661840","126.979725600","2903","남대문","남대문","527","0|||","0|","","","-1","1;1;1;1;1;2;3"
"krd-29040","시청","37.563957670","126.976924900","2904","남대문","남대문","524","0|||","0|","","","-1","1;1;1;1;1;2;3"
"krd-29041","시청(연등)","37.563847040","126.977798800","2904","남대문","남대문","524","0|||","0|","","","-1","1;1;1;1;1;2;3"
"krd-29050","시청역2호선","37.562926800","126.973509300","2905","남대문","남대문","524","0|||","0|","","","-1","1;1;1;1;1;2;3"
"krd-29051","시청역2호선(연등)","37.563448960","126.975027100","2905","남대문","남대문","524","0|||","0|","","","-1","1;1;1;1;1;2;3"
"krd-29060","덕수궁앞","37.564954580","126.977170500","2906","남대문","남대문","524","0|||","0|","","","-1","1;1;1;1;1;2;3"
"krd-29070","프레스센터","37.566930390","126.977138600","2907","남대문","남대문","524","0|||","0|","","","-1","1;1;1;1;1;2;3"
"krd-29090","시청뒤","37.566976610","126.979186000","2909","남대문","남대문","524","0|||","0|","","","-1","1;1;1;1;1;2;3"
"krd-29100","시청입구","37.566057650","126.979074200","2910","남대문","남대문","524","0|||","0|","","","-1","1;1;1;1;1;2;3"
"krd-29110","청구e편한세상","37.559842580","127.014877500","2911","중부","중부","214","0|||","0|","","","-1","1;1;1;1;1;2;3"
"krd-29120","명동역앞","37.560946430","126.986190600","2912","남대문","남대문","527","0|||","0|","","","-1","1;1;1;1;1;2;3"
"krd-29130","토요코인호텔앞","37.564488590","127.009225700","2913","중부","중부","1747","0|||","0|","","","-1","1;1;1;1;1;2;3"
"krd-29140","동교로사거리","37.556019110","126.920544900","2914","마포","마포","540","0|||","0|","","","-1","1;1;1;1;1;2;3"
"krd-29170","가재울중학교","37.574829370","126.910422300","2917","서대문","서대문","712","0|||","0|","","","-1","1;1;1;1;1;2;3"
"krd-29280","마포구청역","37.562998280","126.903925200","2928","마포","마포","63","0|||","0|","","","-1","1;1;1;1;1;2;3"
"krd-29440","삼일교회","37.546252590","126.970340500","2944","용산","용산","708","0|||","0|","","","-1","1;1;1;1;1;2;3"
"krd-30170","창4동현대아파트","37.661258580","127.047506200","3017","도봉","도봉","172","0|||","0|","","","-1","1;1;1;1;1;2;3"
"krd-30570","경동초교","37.544190310","127.049560000","3057","성동","성동","631","0|||","0|","","","-1","1;1;1;1;1;2;3"
"krd-30571","경동초교(연등)","37.543346980","127.049293600","3057","성동","성동","631","0|||","0|","","","-1","1;1;1;1;1;2;3"
"krd-30580","성동경찰서앞","37.561244190","127.036489700","3058","성동","성동","259","0|||","0|","","","-1","1;1;1;1;1;2;3"
"krd-30581","성동경찰서앞(연등)","37.561293610","127.036966100","3058","성동","성동","259","0|||","0|","","","-1","1;1;1;1;1;2;3"
"krd-30590","효창운동장","37.543635190","126.962374900","3059","용산","용산","1675","0|||","0|","","","-1","1;1;1;1;1;2;3"
"krd-30600","진안빌라","37.601707610","126.961012000","3060","종로","종로","338","0|||","0|","","","-1","1;1;1;1;1;2;3"
"krd-30610","용산소방서","37.533997350","126.972462000","3061","용산","용산","563","0|||","0|","","","-1","1;1;1;1;1;2;3"
"krd-30680","충신시장","37.575006240","127.005605200","3068","혜화","혜화","523","0|||","0|","","","-1","1;1;1;1;1;2;3"
"krd-30681","충신시장(연등)","37.573870590","127.006666500","3068","혜화","혜화","523","0|||","0|","","","-1","1;1;1;1;1;2;3"
"krd-30710","의사협회","37.520437950","126.965885700","3071","용산","용산","563","0|||","0|","","","-1","1;1;1;1;1;2;3"
"krd-30730","용산공고","37.524690870","126.967948100","3073","용산","용산","231","0|||","0|","","","-1","1;1;1;1;1;2;3"
"krd-30750","면목초교","37.591706720","127.086727800","3075","중랑","중랑","243","0|||","0|","","","-1","1;1;1;1;1;2;3"
"krd-30770","망우1동우체국","37.600251920","127.102243000","3077","중랑","중랑","316","0|||","0|","","","-1","1;1;1;1;1;2;3"
"krd-30780","태창빌딩","37.600637130","127.106156500","3078","중랑","중랑","316","0|||","0|","","","-1","1;1;1;1;1;2;3"
"krd-30790","신내지하차도입구","37.599474650","127.098558000","3079","중랑","중랑","316","0|||","0|","","","-1","1;1;1;1;1;2;3"
"krd-30830","월드컵파크9단지입구","37.584869680","126.879316600","3083","마포","마포","49","0|||","0|","","","-1","1;1;1;1;1;2;3"
"krd-30831","월드컵파크9단지입구(연등)","37.585445270","126.879715500","3083","마포","마포","49","0|||","0|","","","-1","1;1;1;1;1;2;3"
"krd-30850","월드컵파크708동앞","37.581003020","126.882100900","3085","마포","마포","609","0|||","0|","","","-1","1;1;1;1;1;2;3"
"krd-30860","럭키레포츠앞","37.638636890","127.028881100","3086","강북","강북","324","0|||","0|","","","-1","1;1;1;1;1;2;3"
"krd-30870","번동초교","37.629159850","127.039891600","3087","강북","강북","1783","0|||","0|","","","-1","1;1;1;1;1;2;3"
"krd-30871","번동초교(연등)1","37.629804250","127.040656600","3087","강북","강북","1783","0|||","0|","","","-1","1;1;1;1;1;2;3"
"krd-30872","번동초교(연등)2","37.628760170","127.039402300","3087","강북","강북","1783","0|||","0|","","","-1","1;1;1;1;1;2;3"
"krd-30880","숭미초교정문","37.650071970","127.028108700","3088","도봉","도봉","124","0|||","0|","","","-1","1;1;1;1;1;2;3"
"krd-30881","숭미초교정문(연등)","37.649086090","127.027236100","3088","도봉","도봉","124","0|||","0|","","","-1","1;1;1;1;1;2;3"
"krd-30900","동성공업사북측","37.611381400","127.032980900","3090","강북","강북","537","0|||","0|","","","-1","1;1;1;1;1;2;3"
"krd-30910","길음1동주민센터앞","37.610066670","127.019605600","3091","성북","성북","653","0|||","0|","","","-1","1;1;1;1;1;2;3"
"krd-31090","현대종합카센터","37.529851600","127.078640800","3109","광진","광진","1630","0|||","0|","","","-1","1;1;1;1;1;2;3"
"krd-31100","광진우체국","37.538153070","127.090247500","3110","광진","광진","1876","0|||","0|","","","-1","1;1;1;1;1;2;3"
"krd-31101","광진우체국(연등)","37.538053850","127.090653900","3110","광진","광진","1876","0|||","0|","","","-1","1;1;1;1;1;2;3"
"krd-31110","아차산역삼거리","37.553624600","127.088368800","3111","광진","광진","1744","0|||","0|","","","-1","1;1;1;1;1;2;3"
"krd-31111","아차산역삼거리(연등)","37.553951830","127.088583100","3111","광진","광진","1744","0|||","0|","","","-1","1;1;1;1;1;2;3"
"krd-31190","중화중교","37.586010200","127.094969400","3119","중랑","중랑","554","0|||","0|","","","-1","1;1;1;1;1;2;3"
"krd-31191","중화중교(연등)","37.585593680","127.094714200","3119","중랑","중랑","554","0|||","0|","","","-1","1;1;1;1;1;2;3"
"krd-31200","답십리사거리","37.572896500","127.057421200","3120","동대문","동대문","437","0|||","0|","","","-1","1;1;1;1;1;2;3"
"krd-31210","하늘초등학교","37.586192150","126.881223500","3121","마포","마포","598","0|||","0|","","","-1","1;1;1;1;1;2;3"
"krd-31211","하늘초등학교(연등)","37.585921570","126.880366100","3121","마포","마포","598","0|||","0|","","","-1","1;1;1;1;1;2;3"
"krd-31220","월드컵파크11단지","37.587754420","126.882941000","3122","마포","마포","598","0|||","0|","","","-1","1;1;1;1;1;2;3"
"krd-31221","월드컵파크11단지(연등)","37.587111200","126.882329600","3122","마포","마포","598","0|||","0|","","","-1","1;1;1;1;1;2;3"
"krd-31230","서부자동차검사소","37.587248910","126.883819700","3123","마포","마포","598","0|||","0|","","","-1","1;1;1;1;1;2;3"
"krd-31231","서부자동차검사소(연등)","37.586463040","126.884953300","3123","마포","마포","598","0|||","0|","","","-1","1;1;1;1;1;2;3"
"krd-31240","한양대앞","37.557719330","127.040759200","3124","성동","성동","251","0|||","0|","","","-1","1;1;1;1;1;2;3"
"krd-31241","한양대앞(연등)","37.557527960","127.041998900","3124","성동","성동","251","0|||","0|","","","-1","1;1;1;1;1;2;3"
"krd-31250","창천교회","37.558978000","126.936947100","3125","서대문","서대문","557","0|||","0|","","","-1","1;1;1;1;1;2;3"
"krd-31260","경복궁역","37.575909570","126.972627500","3126","종로","종로","529","0|||","0|","","","-1","1;1;1;1;1;2;3"
"krd-31270","제각말아파트","37.637585790","126.935136900","3127","은평","은평","113","0|||","0|","","","-1","1;1;1;1;1;2;3"
"krd-31280","흥덕사입구","37.638935380","126.935659200","3128","은평","은평","113","0|||","0|","","","-1","1;1;1;1;1;2;3"
"krd-31290","하나고","37.641172050","126.937703800","3129","은평","은평","113","0|||","0|","","","-1","1;1;1;1;1;2;3"
"krd-31300","진관사입구","37.642339370","126.938616000","3130","은평","은평","113","0|||","0|","","","-1","1;1;1;1;1;2;3"
"krd-31330","수유먹자골목","37.640094140","127.026668400","3133","강북","강북","58","0|||","0|","","","-1","1;1;1;1;1;2;3"
"krd-31380","아차산역사거리","37.550085590","127.090867700","3138","광진","광진","1744","0|||","0|","","","-1","1;1;1;1;1;2;3"
"krd-31410","경동고","37.587956290","127.017857100","3141","성북","성북","213","0|||","0|","","","-1","1;1;1;1;1;2;3"
"krd-31420","동방빌라","37.588834770","127.011900100","3142","성북","성북","654","0|||","0|","","","-1","1;1;1;1;1;2;3"
"krd-31460","진양상가","37.561607370","126.995702200","3146","중부","중부","188","0|||","0|","","","-1","1;1;1;1;1;2;3"
"krd-31461","진양상가(연등)","37.561756940","126.996364300","3146","중부","중부","188","0|||","0|","","","-1","1;1;1;1;1;2;3"
"krd-31470","삼천리골입구","37.644100650","126.939382700","3147","은평","은평","113","0|||","0|","","","-1","1;1;1;1;1;2;3"
"krd-31480","북한산힐스테이트7차","37.615777470","126.924687200","3148","은평","은평","573","0|||","0|","","","-1","1;1;1;1;1;2;3"
"krd-31481","북한산힐스테이트7차(연등)","37.617117940","126.923023500","3148","은평","은평","573","0|||","0|","","","-1","1;1;1;1;1;2;3"
"krd-31490","은평초교","37.601973470","126.935261100","3149","서부","서부","573","0|||","0|","","","-1","1;1;1;1;1;2;3"
"krd-31500","서울혁신파크정문","37.607014890","126.933064800","3150","서부","서부","573","0|||","0|","","","-1","1;1;1;1;1;2;3"
"krd-31510","팔복기사식당","37.569088600","126.918865000","3151","서대문","서대문","1030","0|||","0|","","","-1","1;1;1;1;1;2;3"
"krd-31520","상계중앙시장","37.658290060","127.069424300","3152","노원","노원","309","0|||","0|","","","-1","1;1;1;1;1;2;3"
"krd-31521","상계중앙시장(연등)","37.657760800","127.067937700","3152","노원","노원","309","0|||","0|","","","-1","1;1;1;1;1;2;3"
"krd-31540","오대산약초건강원","37.600204980","127.073715400","3154","중랑","중랑","50","0|||","0|","","","-1","1;1;1;1;1;2;3"
"krd-31550","카포스신내","37.614061670","127.100486900","3155","중랑","중랑","212","0|||","0|","","","-1","1;1;1;1;1;2;3"
"krd-31600","이집트대사관삼거리","37.536410950","127.011704700","3160","용산","용산","490","0|||","0|","","","-1","1;1;1;1;1;2;3"
"krd-31660","용곡삼거리","37.568852740","127.086068500","3166","광진","광진","1771","0|||","0|","","","-1","1;1;1;1;1;2;3"
"krd-31661","용곡삼거리(연등)1","37.569433760","127.086133600","3166","광진","광진","1771","0|||","0|","","","-1","1;1;1;1;1;2;3"
"krd-31662","용곡삼거리(연등)2","37.568083520","127.086170200","3166","광진","광진","1771","0|||","0|","","","-1","1;1;1;1;1;2;3"
"krd-31663","용곡삼거리(연등)3","37.568253670","127.085587800","3166","광진","광진","1771","0|||","0|","","","-1","1;1;1;1;1;2;3"
"krd-31670","인생약국","37.531830040","127.083989000","3167","광진","광진","1813","0|||","0|","","","-1","1;1;1;1;1;2;3"
"krd-31740","KT&G복지재단","37.546298860","126.941816800","3174","마포","마포","632","0|||","0|","","","-1","1;1;1;1;1;2;3"
"krd-31750","공덕역","37.542202350","126.951341600","3175","마포","마포","1046","0|||","0|","","","-1","1;1;1;1;1;2;3"
"krd-31800","흥인지문","37.571326440","127.009023500","3180","혜화","혜화","532","0|||","0|","","","-1","1;1;1;1;1;2;3"
"krd-31810","금호래미안아파트앞","37.552862150","127.023881200","3181","성동","성동","267","0|||","0|","","","-1","1;1;1;1;1;2;3"
"krd-31820","동부주유소","37.551630630","127.047289000","3182","성동","성동","223","0|||","0|","","","-1","1;1;1;1;1;2;3"
"krd-31840","성광한의원","37.551021620","127.025600900","3184","성동","성동","267","0|||","0|","","","-1","1;1;1;1;1;2;3"
"krd-31850","상암MBC","37.582173380","126.890220600","3185","마포","마포","1840","0|||","0|","","","-1","1;1;1;1;1;2;3"
"krd-31851","상암MBC(연등)","37.581570300","126.891508400","3185","마포","마포","1840","0|||","0|","","","-1","1;1;1;1;1;2;3"
"krd-31860","상암SBS","37.580583660","126.892997600","3186","마포","마포","1840","0|||","0|","","","-1","1;1;1;1;1;2;3"
"krd-31870","성암삼거리","37.579462040","126.894663400","3187","마포","마포","1840","0|||","0|","","","-1","1;1;1;1;1;2;3"
"krd-31880","차량관리사무소","37.578118520","126.896698100","3188","마포","마포","608","0|||","0|","","","-1","1;1;1;1;1;2;3"
"krd-31890","중소기업DMC타워","37.577407040","126.897756300","3189","마포","마포","608","0|||","0|","","","-1","1;1;1;1;1;2;3"
"krd-31900","린나이도봉대리점","37.667209800","127.041639500","3190","도봉","도봉","269","0|||","0|","","","-1","1;1;1;1;1;2;3"
"krd-32050","망우3동주민센터","37.591754290","127.098069700","3205","중랑","중랑","246","0|||","0|","","","-1","1;1;1;1;1;2;3"
"krd-32130","송천빗물펌프장","37.619100000","127.028075800","3213","강북","강북","1012","0|||","0|","","","-1","1;1;1;1;1;2;3"
"krd-32250","사직공원","37.575584260","126.968831100","3225","종로","종로","529","0|||","0|","","","-1","1;1;1;1;1;2;3"
"krd-32251","사직공원(연등)","37.575947470","126.969324500","3225","종로","종로","529","0|||","0|","","","-1","1;1;1;1;1;2;3"
"krd-32260","녹지대","37.520101390","126.986825700","3226","용산","용산","1029","0|||","0|","","","-1","1;1;1;1;1;2;3"
"krd-32270","장안현대벤처빌","37.568707150","127.069401200","3227","동대문","동대문","317","0|||","0|","","","-1","1;1;1;1;1;2;3"
"krd-32300","응봉사거리","37.554552740","127.034334700","3230","성동","성동","1925","0|||","0|","","","-1","1;1;1;1;1;2;3"
"krd-32301","응봉사거리(연등)","37.553815620","127.033590300","3230","성동","성동","1925","0|||","0|","","","-1","1;1;1;1;1;2;3"
"krd-32310","무학여고앞","37.558516670","127.033996800","3231","성동","성동","1925","0|||","0|","","","-1","1;1;1;1;1;2;3"
"krd-32320","은평노인복지회관","37.632100230","126.931335600","3232","은평","은평","113","0|||","0|","","","-1","1;1;1;1;1;2;3"
"krd-32330","서부침례교회","37.635289150","126.933096100","3233","은평","은평","113","0|||","0|","","","-1","1;1;1;1;1;2;3"
"krd-32340","기자촌","37.633911150","126.931991100","3234","은평","은평","113","0|||","0|","","","-1","1;1;1;1;1;2;3"
"krd-32350","폭포동입구","37.629460720","126.930151900","3235","은평","은평","113","0|||","0|","","","-1","1;1;1;1;1;2;3"
"krd-32360","숲유치원","37.634598760","126.921329500","3236","은평","은평","575","0|||","0|","","","-1","1;1;1;1;1;2;3"
"krd-32370","서울산울림유치원","37.648130720","126.930197200","3237","은평","은평","684","0|||","0|","","","-1","1;1;1;1;1;2;3"
"krd-32380","은진초교정문","37.632328420","126.920894800","3238","은평","은평","680","0|||","0|","","","-1","1;1;1;1;1;2;3"
"krd-32490","동문장애인복지관앞","37.583317670","127.073504200","3249","동대문","동대문","354","0|||","0|","","","-1","1;1;1;1;1;2;3"
"krd-32491","동문장애인복지관앞(연등)","37.584024600","127.072833800","3249","동대문","동대문","354","0|||","0|","","","-1","1;1;1;1;1;2;3"
"krd-32540","상경중학교","37.667298560","127.053512900","3254","노원","노원","298","0|||","0|","","","-1","1;1;1;1;1;2;3"
"krd-32550","국방민원실","37.534692240","126.978907200","3255","용산","용산","682","0|||","0|","","","-1","1;1;1;1;1;2;3"
"krd-32600","중랑초등학교","37.589163400","127.073530900","3260","중랑","중랑","1623","0|||","0|","","","-1","1;1;1;1;1;2;3"
"krd-32610","상봉2치안센터","37.592176550","127.083956600","3261","중랑","중랑","243","0|||","0|","","","-1","1;1;1;1;1;2;3"
"krd-32620","용마산역","37.573775600","127.086833200","3262","중랑","중랑","1771","0|||","0|","","","-1","1;1;1;1;1;2;3"
"krd-32650","서울광장","37.565259050","126.978672300","3265","남대문","남대문","524","0|||","0|","","","-1","1;1;1;1;1;2;3"
"krd-32660","삼성본관","37.562437530","126.976331900","3266","남대문","남대문","524","0|||","0|","","","-1","1;1;1;1;1;2;3"
"krd-32810","은평위브201동앞","37.634156160","126.923816900","3281","은평","은평","688","0|||","0|","","","-1","1;1;1;1;1;2;3"
"krd-32850","고대병원정문","37.586273070","127.027466800","3285","성북","성북","1777","0|||","0|","","","-1","1;1;1;1;1;2;3"
"krd-32930","청백104동앞","37.635680470","127.052385000","3293","노원","노원","302","0|||","0|","","","-1","1;1;1;1;1;2;3"
"krd-33160","역촌빛교회","37.604438860","126.910454800","3316","서부","서부","1870","0|||","0|","","","-1","1;1;1;1;1;2;3"
"krd-33170","동성연립","37.585917580","127.067430700","3317","동대문","동대문","266","0|||","0|","","","-1","1;1;1;1;1;2;3"
"krd-33190","면남초교","37.577948990","127.085847600","3319","중랑","중랑","709","0|||","0|","","","-1","1;1;1;1;1;2;3"
"krd-33200","성진어린이집","37.551585240","127.069329700","3320","광진","광진","424","0|||","0|","","","-1","1;1;1;1;1;2;3"
"krd-33220","면목4동주민센터","37.574987080","127.085288300","3322","중랑","중랑","229","0|||","0|","","","-1","1;1;1;1;1;2;3"
"krd-33290","두물다리","37.571023380","127.033290600","3329","동대문","동대문","636","0|||","0|","","","-1","1;1;1;1;1;2;3"
"krd-33300","답십리역","37.565337620","127.054709100","3330","동대문","동대문","116","0|||","0|","","","-1","1;1;1;1;1;2;3"
"krd-33310","청계3가","37.568534340","126.992375300","3331","혜화","혜화","1817","0|||","0|","","","-1","1;1;1;1;1;2;3"
"krd-33311","청계3가(연등)","37.568218690","126.992403900","3331","혜화","혜화","1817","0|||","0|","","","-1","1;1;1;1;1;2;3"
"krd-33320","정부서울청사별관","37.574109410","126.974466600","3332","종로","종로","536","0|||","0|","","","-1","1;1;1;1;1;2;3"
"krd-33321","정부서울청사별관(연등)","37.574073780","126.973389900","3332","종로","종로","536","0|||","0|","","","-1","1;1;1;1;1;2;3"
"krd-33340","동부센트레빌앞","37.590929620","127.067794300","3334","동대문","동대문","511","0|||","0|","","","-1","1;1;1;1;1;2;3"
"krd-33370","면목역","37.588372180","127.087593000","3337","중랑","중랑","99","0|||","0|","","","-1","1;1;1;1;1;2;3"
"krd-33371","면목역(연등)","37.588997330","127.087405000","3337","중랑","중랑","99","0|||","0|","","","-1","1;1;1;1;1;2;3"
"krd-33390","세종초교","37.553045600","127.072618500","3339","광진","광진","235","0|||","0|","","","-1","1;1;1;1;1;2;3"
"krd-33391","세종초교(연등)","37.552846300","127.072179600","3339","광진","광진","235","0|||","0|","","","-1","1;1;1;1;1;2;3"
"krd-33420","청화아파트","37.531542000","126.994985800","3342","용산","용산","1397","0|||","0|","","","-1","1;1;1;1;1;2;3"
"krd-33430","철우아파트","37.523633060","126.969732800","3343","용산","용산","231","0|||","0|","","","-1","1;1;1;1;1;2;3"
"krd-33440","하얏트호텔","37.541054220","126.996838500","3344","용산","용산","1766","0|||","0|","","","-1","1;1;1;1;1;2;3"
"krd-33450","호텔피제이앞","37.564309580","126.996930300","3345","중부","중부","534","0|||","0|","","","-1","1;1;1;1;1;2;3"
"krd-33460","문배동","37.539100910","126.970895100","3346","용산","용산","683","0|||","0|","","","-1","1;1;1;1;1;2;3"
"krd-33580","동의초교","37.553892710","127.097762500","3358","광진","광진","112","0|||","0|","","","-1","1;1;1;1;1;2;3"
"krd-33581","동의초교(연등)","37.554505760","127.096776200","3358","광진","광진","112","0|||","0|","","","-1","1;1;1;1;1;2;3"
"krd-33600","와우교","37.556010820","126.931024700","3360","마포","마포","45","0|||","0|","","","-1","1;1;1;1;1;2;3"
"krd-33620","아현동웨딩타운","37.557134950","126.952037200","3362","마포","마포","45","0|||","0|","","","-1","1;1;1;1;1;2;3"
"krd-33690","역촌초교후문","37.602372520","126.914936200","3369","서부","서부","1831","0|||","0|","","","-1","1;1;1;1;1;2;3"
"krd-33750","은평직거래장터","37.593661340","126.919562600","3375","서부","서부","1674","0|||","0|","","","-1","1;1;1;1;1;2;3"
"krd-33790","양지근린공원","37.647735680","127.076575400","3379","노원","노원","304","0|||","0|","","","-1","1;1;1;1;1;2;3"
"krd-33791","양지근린공원(연등)","37.649173820","127.076659500","3379","노원","노원","304","0|||","0|","","","-1","1;1;1;1;1;2;3"
"krd-33810","신내우디안201동","37.616802270","127.110577600","3381","중랑","중랑","1625","0|||","0|","","","-1","1;1;1;1;1;2;3"
"krd-33820","신내우디안220동","37.616104990","127.112337100","3382","중랑","중랑","1625","0|||","0|","","","-1","1;1;1;1;1;2;3"
"krd-33830","새솔초교","37.617307510","127.108971700","3383","중랑","중랑","158","0|||","0|","","","-1","1;1;1;1;1;2;3"
"krd-33840","신내3지구입구","37.620253040","127.106215100","3384","중랑","중랑","212","0|||","0|","","","-1","1;1;1;1;1;2;3"
"krd-33850","신내3지구삼거리","37.619484220","127.107070900","3385","중랑","중랑","158","0|||","0|","","","-1","1;1;1;1;1;2;3"
"krd-33860","신내3지구사거리","37.615231780","127.106241600","3386","중랑","중랑","158","0|||","0|","","","-1","1;1;1;1;1;2;3"
"krd-33880","답십리래미안위브309동앞","37.571218280","127.053873900","3388","동대문","동대문","1614","0|||","0|","","","-1","1;1;1;1;1;2;3"
"krd-33920","두산베어스타운앞","37.578129720","127.032674400","3392","동대문","동대문","606","0|||","0|","","","-1","1;1;1;1;1;2;3"
"krd-33930","신이문역앞","37.603022940","127.066949900","3393","동대문","동대문","1711","0|||","0|","","","-1","1;1;1;1;1;2;3"
"krd-33940","새일호자동차공업사","37.535332310","127.059644600","3394","성동","성동","648","0|||","0|","","","-1","1;1;1;1;1;2;3"
"krd-33950","마장역","37.565460390","127.041732700","3395","성동","성동","254","0|||","0|","","","-1","1;1;1;1;1;2;3"
"krd-33960","외환은행성동","37.562251570","127.033945700","3396","성동","성동","1816","0|||","0|","","","-1","1;1;1;1;1;2;3"
"krd-34020","도봉고등학교","37.687359540","127.042187800","3402","도봉","도봉","60","0|||","0|","","","-1","1;1;1;1;1;2;3"
"krd-34090","혜화초교","37.588454510","126.999616900","3409","혜화","혜화","651","0|||","0|","","","-1","1;1;1;1;1;2;3"
"krd-34100","건춘문","37.577953250","126.979580100","3410","종로","종로","46","0|||","0|","","","-1","1;1;1;1;1;2;3"
"krd-34110","대일외고","37.613059670","127.013110000","3411","성북","성북","548","0|||","0|","","","-1","1;1;1;1;1;2;3"
"krd-34120","햇님유치원","37.616142910","127.005186200","3412","성북","성북","734","0|||","0|","","","-1","1;1;1;1;1;2;3"
"krd-34140","마포푸르지오212동앞","37.554652840","126.953442700","3414","마포","마포","694","0|||","0|","","","-1","1;1;1;1;1;2;3"
"krd-34141","마포푸르지오212동앞(연등)","37.553940040","126.953764300","3414","마포","마포","694","0|||","0|","","","-1","1;1;1;1;1;2;3"
"krd-34150","옥정초교정문","37.541173290","127.016006600","3415","성동","성동","1633","0|||","0|","","","-1","1;1;1;1;1;2;3"
"krd-34160","금호주유소","37.546620410","127.025142500","3416","성동","성동","1040","0|||","0|","","","-1","1;1;1;1;1;2;3"
"krd-34180","419민주묘지역","37.649457690","127.013718600","3418","강북","강북","258","0|||","0|","","","-1","1;1;1;1;1;2;3"
"krd-34190","동원중교","37.603585700","127.107359000","3419","중랑","중랑","365","0|||","0|","","","-1","1;1;1;1;1;2;3"
"krd-34191","동원중교(연등)1","37.604625940","127.106783000","3419","중랑","중랑","365","0|||","0|","","","-1","1;1;1;1;1;2;3"
"krd-34192","동원중교(연등)2","37.602879090","127.107754900","3419","중랑","중랑","365","0|||","0|","","","-1","1;1;1;1;1;2;3"
"krd-34200","한국생명과학연구소","37.589300060","126.997370400","3420","혜화","혜화","651","0|||","0|","","","-1","1;1;1;1;1;2;3"
"krd-34280","북한산I-PARK","37.659204180","127.042635500","3428","도봉","도봉","740","0|||","0|","","","-1","1;1;1;1;1;2;3"
"krd-34290","삼환빌라","37.646846480","127.040613100","3429","도봉","도봉","591","0|||","0|","","","-1","1;1;1;1;1;2;3"
"krd-34291","삼환빌라(연등)","37.646863480","127.042020000","3429","도봉","도봉","591","0|||","0|","","","-1","1;1;1;1;1;2;3"
"krd-34300","KT도봉지점","37.646151150","127.035734500","3430","도봉","도봉","59","0|||","0|","","","-1","1;1;1;1;1;2;3"
"krd-34301","KT도봉지점(연등)1","37.646191170","127.034345300","3430","도봉","도봉","59","0|||","0|","","","-1","1;1;1;1;1;2;3"
"krd-34302","KT도봉지점(연등)2","37.646287810","127.037437800","3430","도봉","도봉","59","0|||","0|","","","-1","1;1;1;1;1;2;3"
"krd-34310","건민약국","37.625026130","127.071575100","3431","노원","노원","289","0|||","0|","","","-1","1;1;1;1;1;2;3"
"krd-34320","북서울농협삼양","37.629359210","127.017917300","3432","강북","강북","312","0|||","0|","","","-1","1;1;1;1;1;2;3"
"krd-34330","쌍문삼성래미안","37.646338840","127.026758200","3433","도봉","도봉","469","0|||","0|","","","-1","1;1;1;1;1;2;3"
"krd-34340","수락현대아파트","37.674886410","127.058001200","3434","노원","노원","1708","0|||","0|","","","-1","1;1;1;1;1;2;3"
"krd-34350","매봉산길입구","37.597192380","127.022625200","3435","성북","성북","1622","0|||","0|","","","-1","1;1;1;1;1;2;3"
"krd-34410","대흥동우편취급국","37.547008530","126.943957500","3441","마포","마포","277","0|||","0|","","","-1","1;1;1;1;1;2;3"
"krd-34430","신자초교후문","37.530553790","127.074852400","3443","광진","광진","685","0|||","0|","","","-1","1;1;1;1;1;2;3"
"krd-34440","롯데캐슬리치후문","37.580121330","127.030041700","3444","동대문","동대문","731","0|||","0|","","","-1","1;1;1;1;1;2;3"
"krd-34500","답십리래미안위브106동앞","37.572853600","127.054182000","3450","동대문","동대문","437","0|||","0|","","","-1","1;1;1;1;1;2;3"
"krd-34510","답십리래미안위브102동앞","37.572478660","127.051266900","3451","동대문","동대문","1879","0|||","0|","","","-1","1;1;1;1;1;2;3"
"krd-34520","원불교","37.556715680","127.009275500","3452","중부","중부","358","0|||","0|","","","-1","1;1;1;1;1;2;3"
"krd-34540","도동삼거리","37.555956720","126.976984600","3454","남대문","남대문","230","0|||","0|","","","-1","1;1;1;1;1;2;3"
"krd-34570","영천시장","37.569767630","126.962835500","3457","서대문","서대문","308","0|||","0|","","","-1","1;1;1;1;1;2;3"
"krd-34580","서대문역","37.565841300","126.966671600","3458","서대문","서대문","370","0|||","0|","","","-1","1;1;1;1;1;2;3"
"krd-34581","서대문역(연등)","37.566294460","126.966156400","3458","서대문","서대문","370","0|||","0|","","","-1","1;1;1;1;1;2;3"
"krd-34610","가람어린이집","37.598854110","127.007512600","3461","성북","성북","1606","0|||","0|","","","-1","1;1;1;1;1;2;3"
"krd-34640","신내역","37.612231380","127.103697300","3464","중랑","중랑","212","0|||","0|","","","-1","1;1;1;1;1;2;3"
"krd-34641","신내역(연등)","37.612630710","127.102527100","3464","중랑","중랑","212","0|||","0|","","","-1","1;1;1;1;1;2;3"
"krd-34650","일영송추사거리","37.645097120","126.921309400","3465","은평","은평","433","0|||","0|","","","-1","1;1;1;1;1;2;3"
"krd-34670","서대문사회복지관","37.570826140","126.919670800","3467","서대문","서대문","97","0|||","0|","","","-1","1;1;1;1;1;2;3"
"krd-34680","월계2치안센터","37.628134960","127.055766700","3468","노원","노원","211","0|||","0|","","","-1","1;1;1;1;1;2;3"
"krd-34690","연건119안전센터","37.579515280","127.002174200","3469","혜화","혜화","630","0|||","0|","","","-1","1;1;1;1;1;2;3"
"krd-34700","종로119안전센터","37.571218510","126.992035200","3470","혜화","혜화","521","0|||","0|","","","-1","1;1;1;1;1;2;3"
"krd-34770","2기동단앞","37.579258720","127.073247100","3477","동대문","동대문","1784","0|||","0|","","","-1","1;1;1;1;1;2;3"
"krd-34820","코오롱하늘채아파트","37.571831980","127.086151700","3482","중랑","중랑","1771","0|||","0|","","","-1","1;1;1;1;1;2;3"
"krd-34890","은평구민체육센터","37.631541380","126.924168800","3489","은평","은평","703","0|||","0|","","","-1","1;1;1;1;1;2;3"
"krd-34900","은평센트레빌304동","37.631534230","126.926197800","3490","은평","은평","703","0|||","0|","","","-1","1;1;1;1;1;2;3"
"krd-34910","은평센트레빌307동","37.631041170","126.927931200","3491","은평","은평","703","0|||","0|","","","-1","1;1;1;1;1;2;3"
"krd-34920","은평뉴타운아이파크709동","37.645011870","126.926383700","3492","은평","은평","1659","0|||","0|","","","-1","1;1;1;1;1;2;3"
"krd-34930","은진초교입구","37.631301830","126.921660800","3493","은평","은평","703","0|||","0|","","","-1","1;1;1;1;1;2;3"
"krd-34940","은평롯데캐슬805동","37.645467040","126.923414900","3494","은평","은평","433","0|||","0|","","","-1","1;1;1;1;1;2;3"
"krd-34950","은평뉴타운푸르지오601동","37.646714250","126.928912500","3495","은평","은평","1659","0|||","0|","","","-1","1;1;1;1;1;2;3"
"krd-35040","용산2가동주민센터","37.546554820","126.985229000","3504","용산","용산","1766","0|||","0|","","","-1","1;1;1;1;1;2;3"
"krd-35170","광운전자공고","37.620178560","127.054541300","3517","노원","노원","1696","0|||","0|","","","-1","1;1;1;1;1;2;3"
"krd-35180","공릉119안전센터","37.619335620","127.080747800","3518","노원","노원","71","0|||","0|","","","-1","1;1;1;1;1;2;3"
"krd-35190","방학119안전센터","37.664006530","127.042650800","3519","도봉","도봉","617","0|||","0|","","","-1","1;1;1;1;1;2;3"
"krd-35200","우이3교서측","37.636550550","127.036113200","3520","강북","강북","342","0|||","0|","","","-1","1;1;1;1;1;2;3"
"krd-35201","우이3교서측(연등)","37.636147490","127.035474900","3520","강북","강북","342","0|||","0|","","","-1","1;1;1;1;1;2;3"
"krd-35230","으뜸어린이공원","37.623256650","127.026433900","3523","강북","강북","1012","0|||","0|","","","-1","1;1;1;1;1;2;3"
"krd-35250","대한민국역사박물관","37.574667580","126.977166000","3525","종로","종로","529","0|||","0|","","","-1","1;1;1;1;1;2;3"
"krd-35260","성수근린공원","37.545723010","127.052249400","3526","성동","성동","1077","0|||","0|","","","-1","1;1;1;1;1;2;3"
"krd-35270","보광초교삼거리","37.532499850","126.995908200","3527","용산","용산","1635","0|||","0|","","","-1","1;1;1;1;1;2;3"
"krd-35271","보광초교삼거리(연등)","37.533075850","126.995587900","3527","용산","용산","1635","0|||","0|","","","-1","1;1;1;1;1;2;3"
"krd-35330","상계푸르지오106동","37.664468350","127.074261700","3533","노원","노원","1846","0|||","0|","","","-1","1;1;1;1;1;2;3"
"krd-35340","상계푸르지오107동","37.664875390","127.073706800","3534","노원","노원","1846","0|||","0|","","","-1","1;1;1;1;1;2;3"
"krd-35360","돈암초교","37.592585440","127.012634300","3536","성북","성북","362","0|||","0|","","","-1","1;1;1;1;1;2;3"
"krd-35370","길음초교앞","37.612931150","127.017058700","3537","성북","성북","1845","0|||","0|","","","-1","1;1;1;1;1;2;3"
"krd-35380","명진카센터","37.592253010","127.012883900","3538","성북","성북","362","0|||","0|","","","-1","1;1;1;1;1;2;3"
"krd-35390","북한산시티149동","37.619439910","127.015235600","3539","강북","강북","278","0|||","0|","","","-1","1;1;1;1;1;2;3"
"krd-35400","신화초교","37.631522880","127.041753300","3540","도봉","도봉","1843","0|||","0|","","","-1","1;1;1;1;1;2;3"
"krd-35401","신화초교(연등)","37.631948690","127.041062500","3540","도봉","도봉","1843","0|||","0|","","","-1","1;1;1;1;1;2;3"
"krd-35420","힐스테이트신촌115동","37.560145770","126.950450500","3542","서대문","서대문","1849","0|||","0|","","","-1","1;1;1;1;1;2;3"
"krd-35430","신촌푸르지오1단지후문","37.560748860","126.951408300","3543","서대문","서대문","1849","0|||","0|","","","-1","1;1;1;1;1;2;3"
"krd-35440","힐스테이트신촌정문","37.561128410","126.951934400","3544","서대문","서대문","1849","0|||","0|","","","-1","1;1;1;1;1;2;3"
"krd-35460","힐스테이트신촌103동","37.562481260","126.952074600","3546","서대문","서대문","1849","0|||","0|","","","-1","1;1;1;1;1;2;3"
"krd-35580","교보생명","37.571562840","126.977265800","3558","종로","종로","528","0|||","0|","","","-1","1;1;1;1;1;2;3"
"krd-35590","으뜸부동산","37.554383640","126.946566400","3559","마포","마포","1853","0|||","0|","","","-1","1;1;1;1;1;2;3"
"krd-35600","마포프레스티지101동","37.554649370","126.948322800","3560","마포","마포","1853","0|||","0|","","","-1","1;1;1;1;1;2;3"
"krd-35610","한서초교","37.553657510","126.948670600","3561","마포","마포","1853","0|||","0|","","","-1","1;1;1;1;1;2;3"
"krd-35620","마포프레스티지302동","37.553192650","126.946623300","3562","마포","마포","1853","0|||","0|","","","-1","1;1;1;1;1;2;3"
"krd-35660","별빛어린이공원","37.619319160","127.072339600","3566","노원","노원","1693","0|||","0|","","","-1","1;1;1;1;1;2;3"
"krd-35670","공릉대아아파트","37.622793220","127.071287700","3567","노원","노원","1693","0|||","0|","","","-1","1;1;1;1;1;2;3"
"krd-35730","장위꿈의숲713동","37.619116510","127.047224900","3573","종암","종암","1847","0|||","0|","","","-1","1;1;1;1;1;2;3"
"krd-35740","장위꿈의숲707동","37.619911810","127.048460100","3574","종암","종암","1847","0|||","0|","","","-1","1;1;1;1;1;2;3"
"krd-35750","장위꿈의숲701동","37.620453700","127.049482800","3575","종암","종암","1847","0|||","0|","","","-1","1;1;1;1;1;2;3"
"krd-35760","장위꿈의숲703동","37.618884770","127.050964500","3576","종암","종암","1847","0|||","0|","","","-1","1;1;1;1;1;2;3"
"krd-35770","꿈의숲교회","37.617465350","127.050391100","3577","종암","종암","1848","0|||","0|","","","-1","1;1;1;1;1;2;3"
"krd-35790","공릉동부아파트","37.627697390","127.077986100","3579","노원","노원","698","0|||","0|","","","-1","1;1;1;1;1;2;3"
"krd-35800","대경빌딩","37.623928580","127.071941500","3580","노원","노원","280","0|||","0|","","","-1","1;1;1;1;1;2;3"
"krd-35840","필현빌딩","37.571173270","127.015768000","3584","혜화","혜화","532","0|||","0|","","","-1","1;1;1;1;1;2;3"
"krd-35850","디지털미디어시티입구","37.574182930","126.886497600","3585","마포","마포","570","0|||","0|","","","-1","1;1;1;1;1;2;3"
"krd-35860","서부면허시험장입구","37.575753770","126.883770700","3586","마포","마포","570","0|||","0|","","","-1","1;1;1;1;1;2;3"
"krd-35870","난지천공원입구","37.577420840","126.880924700","3587","마포","마포","570","0|||","0|","","","-1","1;1;1;1;1;2;3"
"krd-35880","구룡사거리","37.580239080","126.876251200","3588","마포","마포","49","0|||","0|","","","-1","1;1;1;1;1;2;3"
"krd-35890","상암동가스충전소","37.581486410","126.878638700","3589","마포","마포","49","0|||","0|","","","-1","1;1;1;1;1;2;3"
"krd-35900","월드컵파크7단지","37.583289180","126.882077300","3590","마포","마포","49","0|||","0|","","","-1","1;1;1;1;1;2;3"
"krd-35910","DMC첨단산업센터","37.584928640","126.884388900","3591","마포","마포","49","0|||","0|","","","-1","1;1;1;1;1;2;3"
"krd-35911","DMC첨단산업센터(연등)","37.585813160","126.885608900","3591","마포","마포","49","0|||","0|","","","-1","1;1;1;1;1;2;3"
"krd-35920","우리금융상암센터","37.583653320","126.887070900","3592","마포","마포","1840","0|||","0|","","","-1","1;1;1;1;1;2;3"
"krd-35930","우리은행상암동지점","37.582779710","126.886191800","3593","마포","마포","696","0|||","0|","","","-1","1;1;1;1;1;2;3"
"krd-35940","은평수협앞","37.602418380","126.926453800","3594","서부","서부","621","0|||","0|","","","-1","1;1;1;1;1;2;3"
"krd-35950","월드컵파크6단지","37.581530610","126.884964000","3595","마포","마포","52","0|||","0|","","","-1","1;1;1;1;1;2;3"
"krd-35960","스탠포드호텔사거리","37.582374980","126.887406100","3596","마포","마포","696","0|||","0|","","","-1","1;1;1;1;1;2;3"
"krd-35970","상암디지털드림타워","37.581899310","126.888415600","3597","마포","마포","696","0|||","0|","","","-1","1;1;1;1;1;2;3"
"krd-35980","상암사보이시티DMC","37.581342500","126.889374200","3598","마포","마포","696","0|||","0|","","","-1","1;1;1;1;1;2;3"
"krd-35990","월드컵파크5단지","37.579796230","126.887890000","3599","마포","마포","52","0|||","0|","","","-1","1;1;1;1;1;2;3"
"krd-36000","디지털미디어시티","37.578178420","126.890572600","3600","마포","마포","52","0|||","0|","","","-1","1;1;1;1;1;2;3"
"krd-36001","디지털미디어시티(연등)","37.579319820","126.891663500","3600","마포","마포","52","0|||","0|","","","-1","1;1;1;1;1;2;3"
"krd-36010","월드컵파크407동","37.577076260","126.889461200","3601","마포","마포","37","0|||","0|","","","-1","1;1;1;1;1;2;3"
"krd-36020","월드컵파크4단지","37.575981140","126.888360500","3602","마포","마포","37","0|||","0|","","","-1","1;1;1;1;1;2;3"
"krd-36030","월드컵경기장사거리","37.567698260","126.893625700","3603","마포","마포","1779","0|||","0|","","","-1","1;1;1;1;1;2;3"
"krd-36040","상계주공6단지정문","37.655168980","127.064455300","3604","노원","노원","1667","0|||","0|","","","-1","1;1;1;1;1;2;3"
"krd-36050","월드컵남문","37.566847210","126.895209200","3605","마포","마포","1779","0|||","0|","","","-1","1;1;1;1;1;2;3"
"krd-36070","월드컵파크3단지","37.573054710","126.888149300","3607","마포","마포","570","0|||","0|","","","-1","1;1;1;1;1;2;3"
"krd-36080","월드컵파크2단지","37.574897550","126.890069500","3608","마포","마포","37","0|||","0|","","","-1","1;1;1;1;1;2;3"
"krd-36090","가재울동부센트레빌","37.575175300","126.916526900","3609","서대문","서대문","669","0|||","0|","","","-1","1;1;1;1;1;2;3"
"krd-36100","상암초교","37.577131140","126.892390100","3610","마포","마포","52","0|||","0|","","","-1","1;1;1;1;1;2;3"
"krd-36101","상암초교(연등)","37.578047190","126.893210800","3610","마포","마포","52","0|||","0|","","","-1","1;1;1;1;1;2;3"
"krd-36110","월드컵파크1단지","37.575762510","126.894741900","3611","마포","마포","52","0|||","0|","","","-1","1;1;1;1;1;2;3"
"krd-36111","월드컵파크1단지(연등)","37.576296320","126.893907900","3611","마포","마포","52","0|||","0|","","","-1","1;1;1;1;1;2;3"
"krd-36120","상암휴먼시아아파트","37.575197180","126.895766400","3612","마포","마포","52","0|||","0|","","","-1","1;1;1;1;1;2;3"
"krd-36130","수색역서측","37.576238340","126.899502700","3613","마포","마포","608","0|||","0|","","","-1","1;1;1;1;1;2;3"
"krd-36140","중동교","37.575374750","126.900827400","3614","마포","마포","608","0|||","0|","","","-1","1;1;1;1;1;2;3"
"krd-36150","중동청구아파트삼거리","37.574074880","126.903003700","3615","마포","마포","608","0|||","0|","","","-1","1;1;1;1;1;2;3"
"krd-36151","중동청구아파트삼거리(연등)","37.574395580","126.902458300","3615","마포","마포","608","0|||","0|","","","-1","1;1;1;1;1;2;3"
"krd-36160","중암교","37.572304480","126.900445200","3616","마포","마포","592","0|||","0|","","","-1","1;1;1;1;1;2;3"
"krd-36161","중암교(연등)1","37.571686040","126.901265700","3616","마포","마포","592","0|||","0|","","","-1","1;1;1;1;1;2;3"
"krd-36162","중암교(연등)2","37.571365350","126.901702100","3616","마포","마포","592","0|||","0|","","","-1","1;1;1;1;1;2;3"
"krd-36170","상암사거리","37.573416830","126.898879400","3617","마포","마포","75","0|||","0|","","","-1","1;1;1;1;1;2;3"
"krd-36180","월드컵동문","37.569457380","126.900249300","3618","마포","마포","1913","0|||","0|","","","-1","1;1;1;1;1;2;3"
"krd-36190","월드컵경기장","37.566223830","126.899175700","3619","마포","마포","1270","0|||","0|","","","-1","1;1;1;1;1;2;3"
"krd-36200","마포구청","37.565409170","126.901487200","3620","마포","마포","1270","0|||","0|","","","-1","1;1;1;1;1;2;3"
"krd-36210","월드컵공원관리사무소","37.564023510","126.899155100","3621","마포","마포","1270","0|||","0|","","","-1","1;1;1;1;1;2;3"
"krd-36220","성산119안전센터","37.570276620","126.903135100","3622","마포","마포","592","0|||","0|","","","-1","1;1;1;1;1;2;3"
"krd-36230","신북초교","37.571347410","126.904291700","3623","마포","마포","257","0|||","0|","","","-1","1;1;1;1;1;2;3"
"krd-36240","구파발역","37.636175400","126.918872800","3624","은평","은평","1842","0|||","0|","","","-1","1;1;1;1;1;2;3"
"krd-36241","구파발역(연등)","37.637118520","126.918805100","3624","은평","은평","1842","0|||","0|","","","-1","1;1;1;1;1;2;3"
"krd-36250","성산현대아파트","37.571210310","126.907944800","3625","마포","마포","608","0|||","0|","","","-1","1;1;1;1;1;2;3"
"krd-36251","성산현대아파트(연등)","37.571737600","126.907015600","3625","마포","마포","608","0|||","0|","","","-1","1;1;1;1;1;2;3"
"krd-36260","서울가좌행복주택","37.569609340","126.911519100","3626","마포","마포","608","0|||","0|","","","-1","1;1;1;1;1;2;3"
"krd-36261","서울가좌행복주택(연등)1","37.570067690","126.910418100","3626","마포","마포","608","0|||","0|","","","-1","1;1;1;1;1;2;3"
"krd-36262","서울가좌행복주택(연등)2","37.568957350","126.913113900","3626","마포","마포","608","0|||","0|","","","-1","1;1;1;1;1;2;3"
"krd-36270","모래내지하차도","37.567837110","126.915930600","3627","마포","마포","65","0|||","0|","","","-1","1;1;1;1;1;2;3"
"krd-36271","모래내지하차도(연등)","37.568233570","126.915122300","3627","마포","마포","65","0|||","0|","","","-1","1;1;1;1;1;2;3"
"krd-36280","성사중입구","37.566688680","126.913829100","3628","마포","마포","63","0|||","0|","","","-1","1;1;1;1;1;2;3"
"krd-36300","성산2-1공영주차장","37.564795950","126.907371400","3630","마포","마포","31","0|||","0|","","","-1","1;1;1;1;1;2;3"
"krd-36310","성산2교","37.565288090","126.911758400","3631","마포","마포","63","0|||","0|","","","-1","1;1;1;1;1;2;3"
"krd-36311","성산2교(연등)","37.564084480","126.912879300","3631","마포","마포","63","0|||","0|","","","-1","1;1;1;1;1;2;3"
"krd-36320","강북청년창업센터","37.564156210","126.907611400","3632","마포","마포","63","0|||","0|","","","-1","1;1;1;1;1;2;3"
"krd-36330","홍대입구역","37.555196200","126.921513500","3633","마포","마포","540","0|||","0|","","","-1","1;1;1;1;1;2;3"
"krd-36331","홍대입구역(연등)","37.554732860","126.922079800","3633","마포","마포","540","0|||","0|","","","-1","1;1;1;1;1;2;3"
"krd-36340","홍대클럽거리","37.550722390","126.923034500","3634","마포","마포","86","0|||","0|","","","-1","1;1;1;1;1;2;3"
"krd-36341","홍대클럽거리(연등)1","37.549137480","126.923042800","3634","마포","마포","86","0|||","0|","","","-1","1;1;1;1;1;2;3"
"krd-36342","홍대클럽거리(연등)2","37.551662340","126.923432900","3634","마포","마포","86","0|||","0|","","","-1","1;1;1;1;1;2;3"
"krd-36350","태성빌딩","37.550775660","126.921232400","3635","마포","마포","88","0|||","0|","","","-1","1;1;1;1;1;2;3"
"krd-36360","가재울사거리","37.574924200","126.917725400","3636","서대문","서대문","1776","0|||","0|","","","-1","1;1;1;1;1;2;3"
"krd-36370","서교동","37.554034650","126.919995400","3637","마포","마포","540","0|||","0|","","","-1","1;1;1;1;1;2;3"
"krd-36371","서교동(연등)","37.553796600","126.919659000","3637","마포","마포","540","0|||","0|","","","-1","1;1;1;1;1;2;3"
"krd-36380","성산모터스","37.554925820","126.915740500","3638","마포","마포","141","0|||","0|","","","-1","1;1;1;1;1;2;3"
"krd-36381","성산모터스(연등)1","37.553828420","126.916911400","3638","마포","마포","141","0|||","0|","","","-1","1;1;1;1;1;2;3"
"krd-36382","성산모터스(연등)2","37.554581910","126.913667600","3638","마포","마포","141","0|||","0|","","","-1","1;1;1;1;1;2;3"
"krd-36390","내고향풍천장어","37.555294810","126.917925600","3639","마포","마포","141","0|||","0|","","","-1","1;1;1;1;1;2;3"
"krd-36400","도화현대110동","37.540129870","126.956211000","3640","마포","마포","1041","0|||","0|","","","-1","1;1;1;1;1;2;3"
"krd-36401","도화현대110동(연등)","37.540625480","126.955389600","3640","마포","마포","1041","0|||","0|","","","-1","1;1;1;1;1;2;3"
"krd-36410","청기와예식장","37.557542320","126.918765100","3641","마포","마포","63","0|||","0|","","","-1","1;1;1;1;1;2;3"
"krd-36420","희성교회","37.557006730","126.914111400","3642","마포","마포","141","0|||","0|","","","-1","1;1;1;1;1;2;3"
"krd-36421","희성교회(연등)","37.557940180","126.913380500","3642","마포","마포","141","0|||","0|","","","-1","1;1;1;1;1;2;3"
"krd-36440","경성고교입구","37.560300560","126.916295500","3644","마포","마포","63","0|||","0|","","","-1","1;1;1;1;1;2;3"
"krd-36450","성미산약수터","37.562567840","126.914200300","3645","마포","마포","63","0|||","0|","","","-1","1;1;1;1;1;2;3"
"krd-36460","경성고","37.561210040","126.917838300","3646","마포","마포","281","0|||","0|","","","-1","1;1;1;1;1;2;3"
"krd-36461","경성고(연등)","37.562139240","126.919396800","3646","마포","마포","281","0|||","0|","","","-1","1;1;1;1;1;2;3"
"krd-36470","연남코오롱아파트","37.563211740","126.921135800","3647","마포","마포","576","0|||","0|","","","-1","1;1;1;1;1;2;3"
"krd-36480","이조빌라","37.565063340","126.919639700","3648","마포","마포","673","0|||","0|","","","-1","1;1;1;1;1;2;3"
"krd-36481","이조빌라(연등)1","37.565937630","126.918943400","3648","마포","마포","673","0|||","0|","","","-1","1;1;1;1;1;2;3"
"krd-36482","이조빌라(연등)2","37.564390470","126.920207500","3648","마포","마포","673","0|||","0|","","","-1","1;1;1;1;1;2;3"
"krd-36490","연남교","37.567358200","126.916819400","3649","마포","마포","65","0|||","0|","","","-1","1;1;1;1;1;2;3"
"krd-36491","연남교(연등)","37.567029090","126.917677300","3649","마포","마포","65","0|||","0|","","","-1","1;1;1;1;1;2;3"
"krd-36500","연남치안센터","37.560015490","126.923806100","3650","마포","마포","1618","0|||","0|","","","-1","1;1;1;1;1;2;3"
"krd-36510","신촌전화국","37.557981810","126.923023900","3651","마포","마포","1618","0|||","0|","","","-1","1;1;1;1;1;2;3"
"krd-36511","신촌전화국(연등)","37.558423930","126.923374100","3651","마포","마포","1618","0|||","0|","","","-1","1;1;1;1;1;2;3"
"krd-36520","연남동하모니마트","37.563521450","126.925665500","3652","마포","마포","250","0|||","0|","","","-1","1;1;1;1;1;2;3"
"krd-36530","용산전자상가","37.533286630","126.962983700","3653","용산","용산","142","0|||","0|","","","-1","1;1;1;1;1;2;3"
"krd-36531","용산전자상가(연등)","37.533395670","126.963863800","3653","용산","용산","142","0|||","0|","","","-1","1;1;1;1;1;2;3"
"krd-36540","용사의집","37.527971200","126.964882300","3654","용산","용산","563","0|||","0|","","","-1","1;1;1;1;1;2;3"
"krd-36541","용사의집(연등)","37.528681130","126.965882000","3654","용산","용산","563","0|||","0|","","","-1","1;1;1;1;1;2;3"
"krd-36550","산울림소극장","37.554709540","126.930169900","3655","마포","마포","276","0|||","0|","","","-1","1;1;1;1;1;2;3"
"krd-36560","서교천주교회","37.553636420","126.928326400","3656","마포","마포","276","0|||","0|","","","-1","1;1;1;1;1;2;3"
"krd-36561","서교천주교회(연등)1","37.553273570","126.926027300","3656","마포","마포","276","0|||","0|","","","-1","1;1;1;1;1;2;3"
"krd-36562","서교천주교회(연등)2","37.553323470","126.926987600","3656","마포","마포","276","0|||","0|","","","-1","1;1;1;1;1;2;3"
"krd-36570","광흥창역","37.547503550","126.931343700","3657","마포","마포","255","0|||","0|","","","-1","1;1;1;1;1;2;3"
"krd-36580","창전사거리","37.547421730","126.932577400","3658","마포","마포","162","0|||","0|","","","-1","1;1;1;1;1;2;3"
"krd-36590","구수동사거리","37.545485360","126.931883300","3659","마포","마포","677","0|||","0|","","","-1","1;1;1;1;1;2;3"
"krd-36591","구수동사거리(연등)","37.545031310","126.931210800","3659","마포","마포","677","0|||","0|","","","-1","1;1;1;1;1;2;3"
"krd-36600","마포노인종합복지관","37.549285150","126.931939200","3660","마포","마포","1047","0|||","0|","","","-1","1;1;1;1;1;2;3"
"krd-36610","창전삼거리","37.551689570","126.932817500","3661","마포","마포","1047","0|||","0|","","","-1","1;1;1;1;1;2;3"
"krd-36611","창전삼거리(연등)1","37.551062500","126.932677600","3661","마포","마포","1047","0|||","0|","","","-1","1;1;1;1;1;2;3"
"krd-36612","창전삼거리(연등)2","37.550975120","126.932996700","3661","마포","마포","1047","0|||","0|","","","-1","1;1;1;1;1;2;3"
"krd-36620","마포소방서","37.549953940","126.932982600","3662","마포","마포","1048","0|||","0|","","","-1","1;1;1;1;1;2;3"
"krd-36621","마포소방서(연등)","37.549142970","126.932864600","3662","마포","마포","1048","0|||","0|","","","-1","1;1;1;1;1;2;3"
"krd-36630","기업은행신수","37.552624570","126.933297400","3663","마포","마포","1047","0|||","0|","","","-1","1;1;1;1;1;2;3"
"krd-36640","서강치안센터","37.553966770","126.935060400","3664","마포","마포","1047","0|||","0|","","","-1","1;1;1;1;1;2;3"
"krd-36650","신촌로터리","37.555126060","126.936893200","3665","마포","마포","45","0|||","0|","","","-1","1;1;1;1;1;2;3"
"krd-36651","신촌로터리(연등)","37.555427230","126.936102000","3665","마포","마포","45","0|||","0|","","","-1","1;1;1;1;1;2;3"
"krd-36660","르메이에르5차","37.555597440","126.938463100","3666","마포","마포","45","0|||","0|","","","-1","1;1;1;1;1;2;3"
"krd-36661","르메이에르5차(연등)","37.556311020","126.940497100","3666","마포","마포","45","0|||","0|","","","-1","1;1;1;1;1;2;3"
"krd-36670","신촌기차역입구","37.556600590","126.942893200","3667","마포","마포","45","0|||","0|","","","-1","1;1;1;1;1;2;3"
"krd-36680","이대역","37.556770700","126.945877100","3668","마포","마포","45","0|||","0|","","","-1","1;1;1;1;1;2;3"
"krd-36681","이대역(연등)1","37.556704310","126.944915100","3668","마포","마포","45","0|||","0|","","","-1","1;1;1;1;1;2;3"
"krd-36682","이대역(연등)2","37.556895480","126.946915100","3668","마포","마포","45","0|||","0|","","","-1","1;1;1;1;1;2;3"
"krd-36690","북가좌1동주민센터","37.574132770","126.910510400","3669","서대문","서대문","712","0|||","0|","","","-1","1;1;1;1;1;2;3"
"krd-36700","대흥치안센터","37.553418000","126.945936600","3670","마포","마포","675","0|||","0|","","","-1","1;1;1;1;1;2;3"
"krd-36701","대흥치안센터(연등)","37.552316030","126.945399000","3670","마포","마포","675","0|||","0|","","","-1","1;1;1;1;1;2;3"
"krd-36710","마포구치매지원센터","37.550103390","126.943902100","3671","마포","마포","277","0|||","0|","","","-1","1;1;1;1;1;2;3"
"krd-36711","마포구치매지원센터(연등)","37.550913950","126.944178900","3671","마포","마포","277","0|||","0|","","","-1","1;1;1;1;1;2;3"
"krd-36720","신수동서강빌딩","37.549163340","126.939125200","3672","마포","마포","277","0|||","0|","","","-1","1;1;1;1;1;2;3"
"krd-36721","신수동서강빌딩(연등)","37.549880970","126.938432600","3672","마포","마포","277","0|||","0|","","","-1","1;1;1;1;1;2;3"
"krd-36730","신도초교정문","37.632607510","126.929658700","3673","은평","은평","1875","0|||","0|","","","-1","1;1;1;1;1;2;3"
"krd-36740","신당동공공복합청사","37.562157910","127.014902600","3674","중부","중부","214","0|||","0|","","","-1","1;1;1;1;1;2;3"
"krd-36750","신수동성원아파트","37.547319800","126.937048500","3675","마포","마포","632","0|||","0|","","","-1","1;1;1;1;1;2;3"
"krd-36760","도봉산역삼거리","37.687404070","127.045802900","3676","도봉","도봉","625","0|||","0|","","","-1","1;1;1;1;1;2;3"
"krd-36770","대흥역","37.547894290","126.941915200","3677","마포","마포","277","0|||","0|","","","-1","1;1;1;1;1;2;3"
"krd-36790","서울여고","37.545978170","126.946298600","3679","마포","마포","277","0|||","0|","","","-1","1;1;1;1;1;2;3"
"krd-36800","서울창업허브","37.544844960","126.948872100","3680","마포","마포","277","0|||","0|","","","-1","1;1;1;1;1;2;3"
"krd-36810","공덕오거리","37.543943220","126.951005800","3681","마포","마포","195","0|||","0|","","","-1","1;1;1;1;1;2;3"
"krd-36811","공덕오거리(연등)1","37.543391910","126.952346800","3681","마포","마포","195","0|||","0|","","","-1","1;1;1;1;1;2;3"
"krd-36812","공덕오거리(연등)2","37.544466980","126.949748900","3681","마포","마포","195","0|||","0|","","","-1","1;1;1;1;1;2;3"
"krd-36820","강원전자","37.534811700","126.960258900","3682","용산","용산","314","0|||","0|","","","-1","1;1;1;1;1;2;3"
"krd-36830","염리초교입구","37.543356300","126.947735000","3683","마포","마포","299","0|||","0|","","","-1","1;1;1;1;1;2;3"
"krd-36840","마포자이아파트","37.544032160","126.946480400","3684","마포","마포","299","0|||","0|","","","-1","1;1;1;1;1;2;3"
"krd-36841","마포자이아파트(연등)","37.544495280","126.945553100","3684","마포","마포","299","0|||","0|","","","-1","1;1;1;1;1;2;3"
"krd-36850","공덕초교","37.546765420","126.953093000","3685","마포","마포","217","0|||","0|","","","-1","1;1;1;1;1;2;3"
"krd-36860","서부지청","37.549017950","126.954491500","3686","마포","마포","217","0|||","0|","","","-1","1;1;1;1;1;2;3"
"krd-36861","서부지청(연등)","37.549649930","126.954815600","3686","마포","마포","217","0|||","0|","","","-1","1;1;1;1;1;2;3"
"krd-36870","마포경찰서","37.550523000","126.955201500","3687","마포","마포","217","0|||","0|","","","-1","1;1;1;1;1;2;3"
"krd-36880","애오개역","37.552510490","126.956236800","3688","마포","마포","217","0|||","0|","","","-1","1;1;1;1;1;2;3"
"krd-36881","애오개역(연등)","37.554579480","126.957224700","3688","마포","마포","217","0|||","0|","","","-1","1;1;1;1;1;2;3"
"krd-36890","아현교차로","37.557084840","126.959299500","3689","마포","마포","666","0|||","0|","","","-1","1;1;1;1;1;2;3"
"krd-36900","굴레방다리","37.557410350","126.956175800","3690","마포","마포","615","0|||","0|","","","-1","1;1;1;1;1;2;3"
"krd-36901","굴레방다리(연등)1","37.557375350","126.955145100","3690","마포","마포","615","0|||","0|","","","-1","1;1;1;1;1;2;3"
"krd-36902","굴레방다리(연등)2","37.557020800","126.955996400","3690","마포","마포","615","0|||","0|","","","-1","1;1;1;1;1;2;3"
"krd-36910","만리시장","37.552353380","126.963473800","3691","남대문","남대문","1809","0|||","0|","","","-1","1;1;1;1;1;2;3"
"krd-36911","만리시장(연등)","37.551475370","126.962385300","3691","남대문","남대문","1809","0|||","0|","","","-1","1;1;1;1;1;2;3"
"krd-36920","공덕동주민센터","37.549745860","126.960394600","3692","마포","마포","210","0|||","0|","","","-1","1;1;1;1;1;2;3"
"krd-36930","한겨레신문사","37.547532370","126.958253800","3693","마포","마포","210","0|||","0|","","","-1","1;1;1;1;1;2;3"
"krd-36940","신덕성결교회","37.545645380","126.956098100","3694","마포","마포","210","0|||","0|","","","-1","1;1;1;1;1;2;3"
"krd-36950","사랑의전화","37.544562320","126.954752000","3695","마포","마포","210","0|||","0|","","","-1","1;1;1;1;1;2;3"
"krd-36951","사랑의전화(연등)","37.544440340","126.953794300","3695","마포","마포","210","0|||","0|","","","-1","1;1;1;1;1;2;3"
"krd-36960","제일빌딩","37.544281290","126.952827600","3696","마포","마포","210","0|||","0|","","","-1","1;1;1;1;1;2;3"
"krd-36970","신공덕삼성아파트","37.541825420","126.955724200","3697","마포","마포","270","0|||","0|","","","-1","1;1;1;1;1;2;3"
"krd-36971","신공덕삼성아파트(연등)","37.542572620","126.954010400","3697","마포","마포","270","0|||","0|","","","-1","1;1;1;1;1;2;3"
"krd-36980","서울가든호텔","37.541286320","126.948207500","3698","마포","마포","195","0|||","0|","","","-1","1;1;1;1;1;2;3"
"krd-36990","마포대교입구","37.538928330","126.945030900","3699","마포","마포","195","0|||","0|","","","-1","1;1;1;1;1;2;3"
"krd-37000","엠팰리스웨딩홀","37.541138610","126.941841900","3700","마포","마포","89","0|||","0|","","","-1","1;1;1;1;1;2;3"
"krd-37010","용강동","37.542746430","126.943648600","3701","마포","마포","1601","0|||","0|","","","-1","1;1;1;1;1;2;3"
"krd-37011","용강동(연등)","37.541925220","126.942713500","3701","마포","마포","1601","0|||","0|","","","-1","1;1;1;1;1;2;3"
"krd-37020","용강동주민센터","37.541844030","126.940791800","3702","마포","마포","89","0|||","0|","","","-1","1;1;1;1;1;2;3"
"krd-37021","용강동주민센터(연등)","37.542701210","126.939618900","3702","마포","마포","89","0|||","0|","","","-1","1;1;1;1;1;2;3"
"krd-37030","도봉산역","37.689020350","127.045565700","3703","도봉","도봉","625","0|||","0|","","","-1","1;1;1;1;1;2;3"
"krd-37040","래미안마포웰스트림아파트","37.543926630","126.936513000","3704","마포","마포","677","0|||","0|","","","-1","1;1;1;1;1;2;3"
"krd-37050","대흥주유소","37.545352060","126.939679900","3705","마포","마포","632","0|||","0|","","","-1","1;1;1;1;1;2;3"
"krd-37060","마포세무서앞","37.546622740","126.940765500","3706","마포","마포","632","0|||","0|","","","-1","1;1;1;1;1;2;3"
"krd-37070","마포태영상가","37.545940190","126.942872200","3707","마포","마포","632","0|||","0|","","","-1","1;1;1;1;1;2;3"
"krd-37080","상장회사회관","37.545098360","126.944592800","3708","마포","마포","299","0|||","0|","","","-1","1;1;1;1;1;2;3"
"krd-37090","서강쌍용예가","37.547544670","126.929871000","3709","마포","마포","162","0|||","0|","","","-1","1;1;1;1;1;2;3"
"krd-37100","하중동사거리","37.545542170","126.930680500","3710","마포","마포","677","0|||","0|","","","-1","1;1;1;1;1;2;3"
"krd-37120","북서울교회","37.595057010","127.097435100","3712","중랑","중랑","1750","0|||","0|","","","-1","1;1;1;1;1;2;3"
"krd-37121","북서울교회(연등)","37.595393320","127.099020600","3712","중랑","중랑","1750","0|||","0|","","","-1","1;1;1;1;1;2;3"
"krd-37430","수유우체국","37.644959560","127.015710900","3743","강북","강북","659","0|||","0|","","","-1","1;1;1;1;1;2;3"
"krd-37431","수유우체국(연등)","37.646573160","127.015036400","3743","강북","강북","659","0|||","0|","","","-1","1;1;1;1;1;2;3"
"krd-38170","신광운수","37.652714530","127.070723600","3817","노원","노원","670","0|||","0|","","","-1","1;1;1;1;1;2;3"
"krd-38190","상계벽산아파트","37.661787120","127.074291200","3819","노원","노원","585","0|||","0|","","","-1","1;1;1;1;1;2;3"
"krd-38210","청솔연립","37.657329700","127.071823400","3821","노원","노원","670","0|||","0|","","","-1","1;1;1;1;1;2;3"
"krd-38211","청솔연립(연등)","37.656509520","127.071873400","3821","노원","노원","670","0|||","0|","","","-1","1;1;1;1;1;2;3"
"krd-38250","상계주유소","37.658738060","127.071474100","3825","노원","노원","670","0|||","0|","","","-1","1;1;1;1;1;2;3"
"krd-38251","상계주유소(연등)1","37.658011390","127.071650900","3825","노원","노원","670","0|||","0|","","","-1","1;1;1;1;1;2;3"
"krd-38252","상계주유소(연등)2","37.658682650","127.071031500","3825","노원","노원","670","0|||","0|","","","-1","1;1;1;1;1;2;3"
"krd-38310","옥정중","37.541127290","127.011143400","3831","성동","성동","1619","0|||","0|","","","-1","1;1;1;1;1;2;3"
"krd-38311","옥정중(연등)","37.541621250","127.011232100","3831","성동","성동","1619","0|||","0|","","","-1","1;1;1;1;1;2;3"
"krd-38410","유니골프클럽","37.545326930","126.919578300","3841","마포","마포","665","0|||","0|","","","-1","1;1;1;1;1;2;3"
"krd-38411","유니골프클럽(연등)","37.545167040","126.921567200","3841","마포","마포","665","0|||","0|","","","-1","1;1;1;1;1;2;3"
"krd-38430","당인리발전소","37.547905580","126.918382300","3843","마포","마포","86","0|||","0|","","","-1","1;1;1;1;1;2;3"
"krd-38440","혜당한방병원","37.548317970","126.916482900","3844","마포","마포","438","0|||","0|","","","-1","1;1;1;1;1;2;3"
"krd-38441","혜당한방병원(연등)","37.548634250","126.914840100","3844","마포","마포","438","0|||","0|","","","-1","1;1;1;1;1;2;3"
"krd-38450","홍익산부인과","37.547848800","126.920049500","3845","마포","마포","86","0|||","0|","","","-1","1;1;1;1;1;2;3"
"krd-38460","상수역","37.547763180","126.922969200","3846","마포","마포","86","0|||","0|","","","-1","1;1;1;1;1;2;3"
"krd-38470","안생약국","37.546408630","126.922970900","3847","마포","마포","86","0|||","0|","","","-1","1;1;1;1;1;2;3"
"krd-38471","안생약국(연등)","37.545948120","126.922965900","3847","마포","마포","86","0|||","0|","","","-1","1;1;1;1;1;2;3"
"krd-38480","서강초교","37.547696780","126.925093100","3848","마포","마포","86","0|||","0|","","","-1","1;1;1;1;1;2;3"
"krd-38490","성산초교앞","37.554235130","126.911646900","3849","마포","마포","47","0|||","0|","","","-1","1;1;1;1;1;2;3"
"krd-38491","성산초교앞(연등)","37.553810130","126.910323300","3849","마포","마포","47","0|||","0|","","","-1","1;1;1;1;1;2;3"
"krd-38500","홍익지구대","37.551866150","126.912487400","3850","마포","마포","47","0|||","0|","","","-1","1;1;1;1;1;2;3"
"krd-38501","홍익지구대(연등)","37.552840220","126.912181400","3850","마포","마포","47","0|||","0|","","","-1","1;1;1;1;1;2;3"
"krd-38510","메세나폴리스몰","37.550452280","126.912889100","3851","마포","마포","438","0|||","0|","","","-1","1;1;1;1;1;2;3"
"krd-38520","합정역","37.549245110","126.913368800","3852","마포","마포","438","0|||","0|","","","-1","1;1;1;1;1;2;3"
"krd-38530","양화진공원","37.550341220","126.908126500","3853","마포","마포","593","0|||","0|","","","-1","1;1;1;1;1;2;3"
"krd-38531","양화진공원(연등)","37.549502230","126.909111000","3853","마포","마포","593","0|||","0|","","","-1","1;1;1;1;1;2;3"
"krd-38540","하모니마트","37.552608810","126.906557200","3854","마포","마포","652","0|||","0|","","","-1","1;1;1;1;1;2;3"
"krd-38550","마니하우스","37.553074980","126.908014100","3855","마포","마포","652","0|||","0|","","","-1","1;1;1;1;1;2;3"
"krd-38560","망원정사거리","37.552113640","126.904844300","3856","마포","마포","652","0|||","0|","","","-1","1;1;1;1;1;2;3"
"krd-38561","망원정사거리(연등)","37.552728550","126.903956200","3856","마포","마포","652","0|||","0|","","","-1","1;1;1;1;1;2;3"
"krd-38580","망원지구대","37.553965000","126.902087600","3858","마포","마포","107","0|||","0|","","","-1","1;1;1;1;1;2;3"
"krd-38581","망원지구대(연등)","37.553577010","126.902703500","3858","마포","마포","107","0|||","0|","","","-1","1;1;1;1;1;2;3"
"krd-38590","크레망스아파트","37.554722430","126.901005700","3859","마포","마포","107","0|||","0|","","","-1","1;1;1;1;1;2;3"
"krd-38600","한강공원입구","37.556121180","126.898955200","3860","마포","마포","107","0|||","0|","","","-1","1;1;1;1;1;2;3"
"krd-38610","망원교회","37.556413330","126.900435800","3861","마포","마포","107","0|||","0|","","","-1","1;1;1;1;1;2;3"
"krd-38611","망원교회(연등)","37.556661570","126.901676400","3861","마포","마포","107","0|||","0|","","","-1","1;1;1;1;1;2;3"
"krd-38620","망원초교","37.559970640","126.902734900","3862","마포","마포","1672","0|||","0|","","","-1","1;1;1;1;1;2;3"
"krd-38630","망원2주민센터입구","37.561193810","126.905455100","3863","마포","마포","63","0|||","0|","","","-1","1;1;1;1;1;2;3"
"krd-38640","동명여고","37.614831640","126.926091900","3864","은평","은평","573","0|||","0|","","","-1","1;1;1;1;1;2;3"
"krd-38641","동명여고(연등)","37.613801450","126.927044300","3864","은평","은평","573","0|||","0|","","","-1","1;1;1;1;1;2;3"
"krd-38660","기업은행망원","37.559321850","126.907190700","3866","마포","마포","47","0|||","0|","","","-1","1;1;1;1;1;2;3"
"krd-38670","망원우체국","37.558053910","126.908310900","3867","마포","마포","47","0|||","0|","","","-1","1;1;1;1;1;2;3"
"krd-38671","망원우체국(연등)","37.557855360","126.907370000","3867","마포","마포","47","0|||","0|","","","-1","1;1;1;1;1;2;3"
"krd-38680","하나은행망원","37.557258860","126.904452600","3868","마포","마포","107","0|||","0|","","","-1","1;1;1;1;1;2;3"
"krd-38681","하나은행망원(연등)1","37.557525600","126.905750200","3868","마포","마포","107","0|||","0|","","","-1","1;1;1;1;1;2;3"
"krd-38682","하나은행망원(연등)2","37.556978940","126.903097100","3868","마포","마포","107","0|||","0|","","","-1","1;1;1;1;1;2;3"
"krd-38690","성산2동주민센터입구","37.568145940","126.907932400","3869","마포","마포","592","0|||","0|","","","-1","1;1;1;1;1;2;3"
"krd-38700","성원초교","37.567469260","126.904433200","3870","마포","마포","30","0|||","0|","","","-1","1;1;1;1;1;2;3"
"krd-38710","용산청소년쉼터","37.552989110","126.964190000","3871","남대문","남대문","560","0|||","0|","","","-1","1;1;1;1;1;2;3"
"krd-38740","서광타워온누리약국","37.555265580","126.945919000","3874","마포","마포","675","0|||","0|","","","-1","1;1;1;1;1;2;3"
"krd-38741","서광타워온누리약국(연등)","37.554388870","126.945905400","3874","마포","마포","675","0|||","0|","","","-1","1;1;1;1;1;2;3"
"krd-38770","불광NC백화점","37.609966910","126.928285100","3877","은평","은평","573","0|||","0|","","","-1","1;1;1;1;1;2;3"
"krd-38990","왕십리뉴타운","37.567507950","127.025820200","3899","성동","성동","203","0|||","0|","","","-1","1;1;1;1;1;2;3"
"krd-39010","서부경찰서","37.602871260","126.921150600","3901","서부","서부","326","0|||","0|","","","-1","1;1;1;1;1;2;3"
"krd-39011","서부경찰서(연등)1","37.602173140","126.920843800","3901","서부","서부","326","0|||","0|","","","-1","1;1;1;1;1;2;3"
"krd-39012","서부경찰서(연등)2","37.601746260","126.920594100","3901","서부","서부","326","0|||","0|","","","-1","1;1;1;1;1;2;3"
"krd-39160","수락리버시티3;4단지앞","37.687805310","127.053168300","3916","노원","노원","1636","0|||","0|","","","-1","1;1;1;1;1;2;3"
"krd-39161","수락리버시티3;4단지앞(연등)","37.687384360","127.052945600","3916","노원","노원","1636","0|||","0|","","","-1","1;1;1;1;1;2;3"
"krd-39180","서라벌고교","37.644453130","127.076442000","3918","노원","노원","304","0|||","0|","","","-1","1;1;1;1;1;2;3"
"krd-39300","중랑역","37.593947170","127.075964800","3930","중랑","중랑","1726","0|||","0|","","","-1","1;1;1;1;1;2;3"
"krd-39400","면목신협","37.585470780","127.088408600","3940","중랑","중랑","709","0|||","0|","","","-1","1;1;1;1;1;2;3"
"krd-39500","연신초교삼거리","37.625100360","126.928807200","3950","은평","은평","113","0|||","0|","","","-1","1;1;1;1;1;2;3"
"krd-39501","연신초교삼거리(연등)1","37.626056870","126.929013600","3950","은평","은평","113","0|||","0|","","","-1","1;1;1;1;1;2;3"
"krd-39502","연신초교삼거리(연등)2","37.626628530","126.929113800","3950","은평","은평","113","0|||","0|","","","-1","1;1;1;1;1;2;3"
"krd-39503","연신초교삼거리(연등)3","37.624313260","126.929492200","3950","은평","은평","113","0|||","0|","","","-1","1;1;1;1;1;2;3"
"krd-39510","구의역3번출구","37.537448540","127.087418800","3951","광진","광진","1876","0|||","0|","","","-1","1;1;1;1;1;2;3"
"krd-39520","은평어울림1001동앞","37.639795280","126.918627800","3952","은평","은평","1772","0|||","0|","","","-1","1;1;1;1;1;2;3"
"krd-39530","은평스카이뷰자이103동","37.634576950","126.918978800","3953","은평","은평","575","0|||","0|","","","-1","1;1;1;1;1;2;3"
"krd-39531","은평스카이뷰자이103동(연등)","37.634650720","126.920621900","3953","은평","은평","575","0|||","0|","","","-1","1;1;1;1;1;2;3"
"krd-39540","북가좌초교사거리","37.577868240","126.909726200","3954","서대문","서대문","1399","0|||","0|","","","-1","1;1;1;1;1;2;3"
"krd-39541","북가좌초교사거리(연등)","37.578534730","126.908766300","3954","서대문","서대문","1399","0|||","0|","","","-1","1;1;1;1;1;2;3"
"krd-39550","독립문역","37.572222400","126.960228700","3955","서대문","서대문","1794","0|||","0|","","","-1","1;1;1;1;1;2;3"
"krd-39570","화림빌딩","37.597429150","126.915293100","3957","서부","서부","260","0|||","0|","","","-1","1;1;1;1;1;2;3"
"krd-39580","연희성모의원","37.574606890","126.927139800","3958","서대문","서대문","97","0|||","0|","","","-1","1;1;1;1;1;2;3"
"krd-39581","연희성모의원(연등)","37.575096860","126.926664800","3958","서대문","서대문","97","0|||","0|","","","-1","1;1;1;1;1;2;3"
"krd-39590","예일여고","37.609143490","126.915999700","3959","은평","은평","260","0|||","0|","","","-1","1;1;1;1;1;2;3"
"krd-39600","장안초교","37.549798700","127.070889000","3960","광진","광진","235","0|||","0|","","","-1","1;1;1;1;1;2;3"
"krd-39610","성서초교입구","37.558913400","126.912588900","3961","마포","마포","286","0|||","0|","","","-1","1;1;1;1;1;2;3"
"krd-39611","성서초교입구(연등)1","37.558583390","126.910733700","3961","마포","마포","286","0|||","0|","","","-1","1;1;1;1;1;2;3"
"krd-39612","성서초교입구(연등)2","37.558811000","126.911891500","3961","마포","마포","286","0|||","0|","","","-1","1;1;1;1;1;2;3"
"krd-39620","서대문우체국","37.562200570","126.931752900","3962","서대문","서대문","561","0|||","0|","","","-1","1;1;1;1;1;2;3"
"krd-39621","서대문우체국(연등)","37.563185540","126.930693100","3962","서대문","서대문","561","0|||","0|","","","-1","1;1;1;1;1;2;3"
"krd-39640","화계사","37.634195500","127.017476500","3964","강북","강북","312","0|||","0|","","","-1","1;1;1;1;1;2;3"
"krd-39660","세종문화회관뒤","37.572351920","126.974743600","3966","종로","종로","1611","0|||","0|","","","-1","1;1;1;1;1;2;3"
"krd-39670","무교동사거리","37.568982700","126.979272000","3967","남대문","남대문","528","0|||","0|","","","-1","1;1;1;1;1;2;3"
"krd-39671","무교동사거리(연등)","37.569272420","126.979302500","3967","남대문","남대문","528","0|||","0|","","","-1","1;1;1;1;1;2;3"
"krd-39780","금호벽산아파트","37.552419200","127.025240900","3978","성동","성동","267","0|||","0|","","","-1","1;1;1;1;1;2;3"
"krd-40030","영도교","37.571206250","127.018847300","4003","혜화","혜화","522","0|||","0|","","","-1","1;1;1;1;1;2;3"
"krd-40031","영도교(연등)","37.570914330","127.019122900","4003","혜화","혜화","522","0|||","0|","","","-1","1;1;1;1;1;2;3"
"krd-40040","명물거리","37.559115670","126.940376000","4004","서대문","서대문","185","0|||","0|","","","-1","1;1;1;1;1;2;3"
"krd-40050","중동초교사거리","37.565909090","126.911228600","4005","마포","마포","63","0|||","0|","","","-1","1;1;1;1;1;2;3"
"krd-40130","신상계초교","37.667417890","127.076560800","4013","노원","노원","1686","0|||","0|","","","-1","1;1;1;1;1;2;3"
"krd-40230","당고개노인복지관","37.670414770","127.081395900","4023","노원","노원","1994","0|||","0|","","","-1","1;1;1;1;1;2;3"
"krd-40480","창천동삼거리","37.556902520","126.931734100","4048","마포","마포","45","0|||","0|","","","-1","1;1;1;1;1;2;3"
"krd-40500","중계건영아파트","37.661576140","127.075725900","4050","노원","노원","1686","0|||","0|","","","-1","1;1;1;1;1;2;3"
"krd-40510","불암동아아파트","37.666501630","127.078154400","4051","노원","노원","1686","0|||","0|","","","-1","1;1;1;1;1;2;3"
"krd-40511","불암동아아파트(연등)1","37.666731920","127.078414800","4051","노원","노원","1686","0|||","0|","","","-1","1;1;1;1;1;2;3"
"krd-40512","불암동아아파트(연등)2","37.665787040","127.077624100","4051","노원","노원","1686","0|||","0|","","","-1","1;1;1;1;1;2;3"
"krd-40520","상계3;4동주민센터","37.672116570","127.082867800","4052","노원","노원","1994","0|||","0|","","","-1","1;1;1;1;1;2;3"
"krd-40521","상계3;4동주민센터(연등)1","37.672976960","127.083578000","4052","노원","노원","1994","0|||","0|","","","-1","1;1;1;1;1;2;3"
"krd-40522","상계3;4동주민센터(연등)2","37.671303140","127.082105100","4052","노원","노원","1994","0|||","0|","","","-1","1;1;1;1;1;2;3"
"krd-40530","증산역","37.584524990","126.910305100","4053","서부","서부","82","0|||","0|","","","-1","1;1;1;1;1;2;3"
"krd-40540","싱싱마트앞","37.667417280","127.078906600","4054","노원","노원","1686","0|||","0|","","","-1","1;1;1;1;1;2;3"
"krd-40541","싱싱마트앞(연등)","37.667797200","127.079148500","4054","노원","노원","1686","0|||","0|","","","-1","1;1;1;1;1;2;3"
"krd-40550","덕릉터널입구","37.674320140","127.085557000","4055","노원","노원","1994","0|||","0|","","","-1","1;1;1;1;1;2;3"
"krd-40560","옛집영양탕","37.673955770","127.084802600","4056","노원","노원","1994","0|||","0|","","","-1","1;1;1;1;1;2;3"
"krd-40570","온곡초교","37.667839580","127.066722700","4057","노원","노원","1647","0|||","0|","","","-1","1;1;1;1;1;2;3"
"krd-40571","온곡초교(연등)1","37.667505040","127.066678200","4057","노원","노원","1647","0|||","0|","","","-1","1;1;1;1;1;2;3"
"krd-40572","온곡초교(연등)2","37.667093460","127.066632800","4057","노원","노원","1647","0|||","0|","","","-1","1;1;1;1;1;2;3"
"krd-40580","온곡중","37.659855020","127.065342300","4058","노원","노원","1648","0|||","0|","","","-1","1;1;1;1;1;2;3"
"krd-40590","상계보람110동","37.661475900","127.065701500","4059","노원","노원","1648","0|||","0|","","","-1","1;1;1;1;1;2;3"
"krd-40600","상계보람204동","37.665748350","127.066423700","4060","노원","노원","1647","0|||","0|","","","-1","1;1;1;1;1;2;3"
"krd-40610","상계8단지","37.660865550","127.061725100","4061","노원","노원","1109","0|||","0|","","","-1","1;1;1;1;1;2;3"
"krd-40620","상계초교","37.658946220","127.064905000","4062","노원","노원","309","0|||","0|","","","-1","1;1;1;1;1;2;3"
"krd-40621","상계초교(연등)","37.658435180","127.065401500","4062","노원","노원","309","0|||","0|","","","-1","1;1;1;1;1;2;3"
"krd-40630","혜성여고","37.641577030","127.072520900","4063","노원","노원","309","0|||","0|","","","-1","1;1;1;1;1;2;3"
"krd-40640","상계6;7동주민센터","37.655756130","127.066983300","4064","노원","노원","309","0|||","0|","","","-1","1;1;1;1;1;2;3"
"krd-40650","중계1공단","37.645308290","127.070747500","4065","노원","노원","309","0|||","0|","","","-1","1;1;1;1;1;2;3"
"krd-40651","중계1공단(연등)","37.646597750","127.070162200","4065","노원","노원","309","0|||","0|","","","-1","1;1;1;1;1;2;3"
"krd-40660","중계목련3단지","37.647686750","127.067884300","4066","노원","노원","309","0|||","0|","","","-1","1;1;1;1;1;2;3"
"krd-40670","을지중","37.650269340","127.071204900","4067","노원","노원","309","0|||","0|","","","-1","1;1;1;1;1;2;3"
"krd-40680","상계초교입구","37.657105020","127.066605000","4068","노원","노원","309","0|||","0|","","","-1","1;1;1;1;1;2;3"
"krd-40681","상계초교입구(연등)","37.656836750","127.065590700","4068","노원","노원","309","0|||","0|","","","-1","1;1;1;1;1;2;3"
"krd-40690","상계주공4단지","37.652872070","127.067840900","4069","노원","노원","309","0|||","0|","","","-1","1;1;1;1;1;2;3"
"krd-40691","상계주공4단지(연등)","37.654213030","127.067470200","4069","노원","노원","309","0|||","0|","","","-1","1;1;1;1;1;2;3"
"krd-40700","은평롯데몰","37.639093960","126.918700300","4070","은평","은평","575","0|||","0|","","","-1","1;1;1;1;1;2;3"
"krd-40701","은평롯데몰(연등)","37.639116110","126.919481200","4070","은평","은평","575","0|||","0|","","","-1","1;1;1;1;1;2;3"
"krd-40710","힐스테이트녹번역","37.601024570","126.933481700","4071","서부","서부","573","0|||","0|","","","-1","1;1;1;1;1;2;3"
"krd-40720","노원경찰서","37.643105210","127.071833800","4072","노원","노원","309","0|||","0|","","","-1","1;1;1;1;1;2;3"
"krd-40721","노원경찰서(연등)","37.642537290","127.072106000","4072","노원","노원","309","0|||","0|","","","-1","1;1;1;1;1;2;3"
"krd-40730","청구아파트","37.639386800","127.069295700","4073","노원","노원","285","0|||","0|","","","-1","1;1;1;1;1;2;3"
"krd-40731","청구아파트(연등)","37.639181230","127.068459400","4073","노원","노원","285","0|||","0|","","","-1","1;1;1;1;1;2;3"
"krd-40740","대진고교앞","37.638748020","127.075401900","4074","노원","노원","309","0|||","0|","","","-1","1;1;1;1;1;2;3"
"krd-40750","선경아파트입구","37.638081810","127.077197900","4075","노원","노원","309","0|||","0|","","","-1","1;1;1;1;1;2;3"
"krd-40760","상계414동","37.649924900","127.066217200","4076","노원","노원","321","0|||","0|","","","-1","1;1;1;1;1;2;3"
"krd-40770","성서대학","37.649402810","127.064043900","4077","노원","노원","321","0|||","0|","","","-1","1;1;1;1;1;2;3"
"krd-40790","원광초교","37.654683150","127.074232000","4079","노원","노원","583","0|||","0|","","","-1","1;1;1;1;1;2;3"
"krd-40791","원광초교(연등)","37.653451820","127.073890900","4079","노원","노원","583","0|||","0|","","","-1","1;1;1;1;1;2;3"
"krd-40800","삿갓봉근린공원","37.657829730","127.075074700","4080","노원","노원","583","0|||","0|","","","-1","1;1;1;1;1;2;3"
"krd-40810","청암고교","37.651501090","127.072951600","4081","노원","노원","583","0|||","0|","","","-1","1;1;1;1;1;2;3"
"krd-40811","청암고교(연등)","37.652426940","127.073561800","4081","노원","노원","583","0|||","0|","","","-1","1;1;1;1;1;2;3"
"krd-40820","공릉치안센터","37.626843630","127.079112700","4082","노원","노원","698","0|||","0|","","","-1","1;1;1;1;1;2;3"
"krd-40821","공릉치안센터(연등)","37.626153090","127.079591100","4082","노원","노원","698","0|||","0|","","","-1","1;1;1;1;1;2;3"
"krd-40830","묵2동현대아파트","37.610283450","127.072947200","4083","중랑","중랑","50","0|||","0|","","","-1","1;1;1;1;1;2;3"
"krd-40840","공연초교","37.627084830","127.076595700","4084","노원","노원","600","0|||","0|","","","-1","1;1;1;1;1;2;3"
"krd-40841","공연초교(연등)","37.626612500","127.075414200","4084","노원","노원","600","0|||","0|","","","-1","1;1;1;1;1;2;3"
"krd-40850","서울과학기술대앞","37.630081770","127.076378600","4085","노원","노원","698","0|||","0|","","","-1","1;1;1;1;1;2;3"
"krd-40860","기업은행공릉","37.623280550","127.079427900","4086","노원","노원","698","0|||","0|","","","-1","1;1;1;1;1;2;3"
"krd-40861","기업은행공릉(연등)1","37.624878560","127.079779600","4086","노원","노원","698","0|||","0|","","","-1","1;1;1;1;1;2;3"
"krd-40862","기업은행공릉(연등)2","37.624342300","127.079650500","4086","노원","노원","698","0|||","0|","","","-1","1;1;1;1;1;2;3"
"krd-40870","원자력병원입구","37.629159840","127.084396100","4087","노원","노원","119","0|||","0|","","","-1","1;1;1;1;1;2;3"
"krd-40871","원자력병원입구(연등)","37.627983930","127.084995300","4087","노원","노원","119","0|||","0|","","","-1","1;1;1;1;1;2;3"
"krd-40880","태릉우성아파트","37.624225110","127.086438600","4088","노원","노원","119","0|||","0|","","","-1","1;1;1;1;1;2;3"
"krd-40881","태릉우성아파트(연등)","37.624909260","127.086246300","4088","노원","노원","119","0|||","0|","","","-1","1;1;1;1;1;2;3"
"krd-40890","서울여대","37.625578070","127.093804100","4089","노원","노원","71","0|||","0|","","","-1","1;1;1;1;1;2;3"
"krd-40891","서울여대(연등)","37.626331650","127.095097500","4089","노원","노원","71","0|||","0|","","","-1","1;1;1;1;1;2;3"
"krd-40900","마장동주민센터","37.566283060","127.045104700","4090","성동","성동","1656","0|||","0|","","","-1","1;1;1;1;1;2;3"
"krd-40910","한양여고","37.561574160","127.041558300","4091","성동","성동","218","0|||","0|","","","-1","1;1;1;1;1;2;3"
"krd-40920","공릉2치안센터","37.622588960","127.086904000","4092","노원","노원","71","0|||","0|","","","-1","1;1;1;1;1;2;3"
"krd-40930","과학기술대후문","37.631500530","127.083124900","4093","노원","노원","119","0|||","0|","","","-1","1;1;1;1;1;2;3"
"krd-40940","태릉우방아파트","37.626779970","127.085682200","4094","노원","노원","119","0|||","0|","","","-1","1;1;1;1;1;2;3"
"krd-40950","공릉검문소","37.622067030","127.088430300","4095","노원","노원","71","0|||","0|","","","-1","1;1;1;1;1;2;3"
"krd-40951","공릉검문소(연등)","37.622237500","127.088862600","4095","노원","노원","71","0|||","0|","","","-1","1;1;1;1;1;2;3"
"krd-41000","미화빌딩","37.553030000","126.937190900","4100","마포","마포","277","0|||","0|","","","-1","1;1;1;1;1;2;3"
"krd-41050","신내역금강펜테리움","37.609917960","127.109918200","4105","중랑","중랑","1886","0|||","0|","","","-1","1;1;1;1;1;2;3"
"krd-41070","원가정의학과의원","37.586898020","126.920191200","4107","서부","서부","1892","0|||","0|","","","-1","1;1;1;1;1;2;3"
"krd-41080","봉화공원","37.598163920","127.077045500","4108","중랑","중랑","232","0|||","0|","","","-1","1;1;1;1;1;2;3"
"krd-41110","신내힐데스하임정문","37.609635640","127.105603000","4111","중랑","중랑","1889","0|||","0|","","","-1","1;1;1;1;1;2;3"
"krd-41120","신내차량사업소","37.610628650","127.107681400","4112","중랑","중랑","1889","0|||","0|","","","-1","1;1;1;1;1;2;3"
"krd-41130","양원S1블록104동","37.609870240","127.107185000","4113","중랑","중랑","1889","0|||","0|","","","-1","1;1;1;1;1;2;3"
"krd-41140","양원S1블록101동","37.608952280","127.106085000","4114","중랑","중랑","1889","0|||","0|","","","-1","1;1;1;1;1;2;3"
"krd-41141","양원S1블록101동(연등)1","37.609240670","127.106004100","4114","중랑","중랑","1889","0|||","0|","","","-1","1;1;1;1;1;2;3"
"krd-41142","양원S1블록101동(연등)2","37.609293840","127.106360200","4114","중랑","중랑","1889","0|||","0|","","","-1","1;1;1;1;1;2;3"
"krd-41150","양원성당","37.608507370","127.105895600","4115","중랑","중랑","1889","0|||","0|","","","-1","1;1;1;1;1;2;3"
"krd-41160","칸타노체","37.611766810","127.105130000","4116","중랑","중랑","212","0|||","0|","","","-1","1;1;1;1;1;2;3"
"krd-41161","칸타노체(연등)","37.611567440","127.105783000","4116","중랑","중랑","212","0|||","0|","","","-1","1;1;1;1;1;2;3"
"krd-41180","당현초교후문","37.648068270","127.058087100","4118","노원","노원","1142","0|||","0|","","","-1","1;1;1;1;1;2;3"
"krd-41181","당현초교후문(연등)","37.647887240","127.057376100","4118","노원","노원","1142","0|||","0|","","","-1","1;1;1;1;1;2;3"
"krd-41190","청솔아파트","37.632692730","127.072538000","4119","노원","노원","288","0|||","0|","","","-1","1;1;1;1;1;2;3"
"krd-41200","월계국민은행","37.623011280","127.060185000","4120","노원","노원","1912","0|||","0|","","","-1","1;1;1;1;1;2;3"
"krd-41210","정덕초교입구","37.596575690","127.014649400","4121","성북","성북","348","0|||","0|","","","-1","1;1;1;1;1;2;3"
"krd-41220","석관초교입구","37.609971540","127.057980500","4122","종암","종암","565","0|||","0|","","","-1","1;1;1;1;1;2;3"
"krd-41230","돈암초교후문","37.594076790","127.013378800","4123","성북","성북","1657","0|||","0|","","","-1","1;1;1;1;1;2;3"
"krd-41240","한국사회봉사회","37.661818960","127.014867700","4124","강북","강북","1903","0|||","0|","","","-1","1;1;1;1;1;2;3"
"krd-41250","우이동주민센터","37.647691920","127.011925200","4125","강북","강북","167","0|||","0|","","","-1","1;1;1;1;1;2;3"
"krd-41260","419탑","37.647037940","127.009346100","4126","강북","강북","167","0|||","0|","","","-1","1;1;1;1;1;2;3"
"krd-41280","늘사랑교회","37.609126200","127.028597900","4128","종암","종암","1946","0|||","0|","","","-1","1;1;1;1;1;2;3"
"krd-41320","한강로동주민센터","37.528025500","126.968845400","4132","용산","용산","1028","0|||","0|","","","-1","1;1;1;1;1;2;3"
"krd-41330","성동장애인종합복지관","37.570636260","127.033703300","4133","성동","성동","636","0|||","0|","","","-1","1;1;1;1;1;2;3"
"krd-41340","휘경1동주민센터","37.592780570","127.065350700","4134","동대문","동대문","711","0|||","0|","","","-1","1;1;1;1;1;2;3"
"krd-41341","휘경1동주민센터(연등)","37.593339130","127.064738500","4134","동대문","동대문","711","0|||","0|","","","-1","1;1;1;1;1;2;3"
"krd-41350","우제빌딩","37.548532750","127.089132300","4135","광진","광진","695","0|||","0|","","","-1","1;1;1;1;1;2;3"
"krd-41360","서울맹학교","37.534284520","126.972019300","4136","용산","용산","1913","0|||","0|","","","-1","1;1;1;1;1;2;3"
"krd-41370","청원빌딩","37.539155530","126.959238000","4137","용산","용산","314","0|||","0|","","","-1","1;1;1;1;1;2;3"
"krd-41380","용문시장2문","37.535904400","126.961300100","4138","용산","용산","314","0|||","0|","","","-1","1;1;1;1;1;2;3"
"krd-41390","일민유치원","37.534228900","126.949734900","4139","용산","용산","1787","0|||","0|","","","-1","1;1;1;1;1;2;3"
"krd-41400","연희임광아파트","37.565025130","126.927422400","4140","서대문","서대문","90","0|||","0|","","","-1","1;1;1;1;1;2;3"
"krd-41410","가양대교북단램프2","37.576339970","126.866237500","4141","마포","마포","1129","0|||","0|","","","-1","1;1;1;1;1;2;3"
"krd-41411","가양대교북단램프2(연등)","37.576144830","126.866477700","4141","마포","마포","1129","0|||","0|","","","-1","1;1;1;1;1;2;3"
"krd-41430","한강뚝섬","37.531694550","127.067316800","4143","광진","광진","1905","0|||","0|","","","-1","1;1;1;1;1;2;3"
"krd-41440","한촌설렁탕","37.579175730","126.910718700","4144","서대문","서대문","1399","0|||","0|","","","-1","1;1;1;1;1;2;3"
"krd-41450","홍제초교","37.592172220","126.943843500","4145","서대문","서대문","95","0|||","0|","","","-1","1;1;1;1;1;2;3"
"krd-41530","월계3동주민센터","37.621285580","127.069384100","4153","노원","노원","98","0|||","0|","","","-1","1;1;1;1;1;2;3"
"krd-41540","상계보람아파트201동","37.664621590","127.064786600","4154","노원","노원","1690","0|||","0|","","","-1","1;1;1;1;1;2;3"
"krd-41560","답십리초교정문","37.568904350","127.056060700","4156","동대문","동대문","1904","0|||","0|","","","-1","1;1;1;1;1;2;3"
"krd-41570","쌍문1동마을마당","37.654599310","127.016024200","4157","도봉","도봉","559","0|||","0|","","","-1","1;1;1;1;1;2;3"
"krd-41580","신양초교후문","37.534801620","127.070175000","4158","광진","광진","1574","0|||","0|","","","-1","1;1;1;1;1;2;3"
"krd-41590","국립정신건강센터정문","37.565160520","127.086672100","4159","광진","광진","1771","0|||","0|","","","-1","1;1;1;1;1;2;3"
"krd-41600","창신3동주민센터","37.578082670","127.015331600","4160","혜화","혜화","516","0|||","0|","","","-1","1;1;1;1;1;2;3"
"krd-41610","태릉해링턴102동","37.624962970","127.081762500","4161","노원","노원","1919","0|||","0|","","","-1","1;1;1;1;1;2;3"
"krd-41620","공릉2동어린이집","37.624317980","127.082072600","4162","노원","노원","1919","0|||","0|","","","-1","1;1;1;1;1;2;3"
"krd-41630","태릉해링턴110동","37.625236230","127.084243600","4163","노원","노원","1919","0|||","0|","","","-1","1;1;1;1;1;2;3"
"krd-41640","태릉솔밭주유소","37.625621610","127.086012400","4164","노원","노원","119","0|||","0|","","","-1","1;1;1;1;1;2;3"
"krd-41700","서울숲IT밸리","37.546878440","127.050592900","4170","성동","성동","681","0|||","0|","","","-1","1;1;1;1;1;2;3"
"krd-41710","동남빌딩","37.581868220","127.093413700","4171","중랑","중랑","562","0|||","0|","","","-1","1;1;1;1;1;2;3"
"krd-41720","한국동물메디컬센터","37.588038600","127.086155300","4172","중랑","중랑","99","0|||","0|","","","-1","1;1;1;1;1;2;3"
"krd-41780","장위초교","37.611021170","127.048211300","4178","종암","종암","1791","0|||","0|","","","-1","1;1;1;1;1;2;3"
"krd-41790","백련산해모로106동","37.595171530","126.922961000","4179","서부","서부","626","0|||","0|","","","-1","1;1;1;1;1;2;3"
"krd-41800","e편한백련산","37.594549100","126.923702100","4180","서부","서부","626","0|||","0|","","","-1","1;1;1;1;1;2;3"
"krd-41900","청파초교","37.547459820","126.963414200","4190","용산","용산","1913","0|||","0|","","","-1","1;1;1;1;1;2;3"
"krd-41920","국민은행화양","37.548122320","127.063971000","4192","성동","성동","223","0|||","0|","","","-1","1;1;1;1;1;2;3"
"krd-41930","율화유치원","37.553403670","127.038472300","4193","성동","성동","1888","0|||","0|","","","-1","1;1;1;1;1;2;3"
"krd-41950","길음역북측","37.605643710","127.024212900","4195","종암","종암","547","0|||","0|","","","-1","1;1;1;1;1;2;3"
"krd-41990","신내성원아파트101동","37.605366370","127.095397300","4199","중랑","중랑","692","0|||","0|","","","-1","1;1;1;1;1;2;3"
"krd-42000","천호대교북단램프","37.544086370","127.108499900","4200","광진","광진","1768","0|||","0|","","","-1","1;1;1;1;1;2;3"
"krd-42010","신내역시티프라디움101동","37.609300970","127.102759800","4201","중랑","중랑","1889","0|||","0|","","","-1","1;1;1;1;1;2;3"
"krd-42020","신내힐데스하임501동","37.609960600","127.104459000","4202","중랑","중랑","1889","0|||","0|","","","-1","1;1;1;1;1;2;3"
"krd-42030","잠실대교남단진출램프","37.520377530","127.094394000","4203","광진","광진","1768","0|||","0|","","","-1","1;1;1;1;1;2;3"
"krd-42031","잠실대교남단진출램프(연등)","37.520544180","127.094782900","4203","광진","광진","1768","0|||","0|","","","-1","1;1;1;1;1;2;3"
"krd-42050","길음롯데캐슬","37.607417350","127.026718400","4205","종암","종암","1928","0|||","0|","","","-1","1;1;1;1;1;2;3"
"krd-42060","길음롯데캐슬106동앞","37.606789640","127.026011900","4206","종암","종암","1928","0|||","0|","","","-1","1;1;1;1;1;2;3"
"krd-42070","길음롯데캐슬116동앞","37.608398730","127.027921800","4207","종암","종암","1928","0|||","0|","","","-1","1;1;1;1;1;2;3"
"krd-42080","길음롯데캐슬118동앞","37.609468290","127.027973400","4208","종암","종암","1911","0|||","0|","","","-1","1;1;1;1;1;2;3"
"krd-42100","창동주공17단지앞","37.643250880","127.054314700","4210","도봉","도봉","1881","0|||","0|","","","-1","1;1;1;1;1;2;3"
"krd-42110","북악산산책로","37.591284920","126.981984100","4211","종로","종로","1936","0|||","0|","","","-1","1;1;1;1;1;2;3"
"krd-42120","일진빌딩","37.540384050","126.947018700","4212","마포","마포","195","0|||","0|","","","-1","1;1;1;1;1;2;3"
"krd-42130","역촌초교후문입구","37.602445590","126.915828500","4213","서부","서부","260","0|||","0|","","","-1","1;1;1;1;1;2;3"
"krd-42210","고은어린이집","37.585541360","126.945800100","4221","서대문","서대문","679","0|||","0|","","","-1","1;1;1;1;1;2;3"
"krd-42220","성은교회","37.574281200","126.922173600","4222","서대문","서대문","1723","0|||","0|","","","-1","1;1;1;1;1;2;3"
"krd-42250","티마크호텔","37.562785020","126.993070700","4225","중부","중부","188","0|||","0|","","","-1","1;1;1;1;1;2;3"
"krd-42260","길음뉴타운604동","37.607588620","127.023537500","4226","종암","종암","336","0|||","0|","","","-1","1;1;1;1;1;2;3"
"krd-42270","성북구심리지원센터","37.604348500","127.037403300","4227","종암","종암","293","0|||","0|","","","-1","1;1;1;1;1;2;3"
"krd-42280","가재울성천교회","37.570510160","126.917675200","4228","서대문","서대문","1944","0|||","0|","","","-1","1;1;1;1;1;2;3"
"krd-42300","송곡여고","37.606977890","127.105702400","4230","중랑","중랑","1889","0|||","0|","","","-1","1;1;1;1;1;2;3"
"krd-42310","송곡고교","37.605859920","127.106131000","4231","중랑","중랑","1889","0|||","0|","","","-1","1;1;1;1;1;2;3"
"krd-42340","비우당교남측","37.570551030","127.026542900","4234","성동","성동","522","0|||","0|","","","-1","1;1;1;1;1;2;3"
"krd-42370","SH스카이101동","37.628015110","127.012311400","4237","강북","강북","1943","0|||","0|","","","-1","1;1;1;1;1;2;3"
"krd-42380","금화왕돈까스","37.612482770","127.034638700","4238","강북","강북","704","0|||","0|","","","-1","1;1;1;1;1;2;3"
"krd-42410","영동대교남단램프","37.527424860","127.055848800","4241","광진","광진","1449","0|||","0|","","","-1","1;1;1;1;1;2;3"
"krd-42411","영동대교남단램프(연등)","37.527502160","127.055523600","4241","광진","광진","1449","0|||","0|","","","-1","1;1;1;1;1;2;3"
"krd-42430","공릉한보아파트","37.627362370","127.080003100","4243","노원","노원","698","0|||","0|","","","-1","1;1;1;1;1;2;3"
"krd-42440","프린스빌라","37.665535280","127.072791700","4244","노원","노원","1846","0|||","0|","","","-1","1;1;1;1;1;2;3"
"krd-42450","제니스병원","37.546570700","127.086959200","4245","광진","광진","695","0|||","0|","","","-1","1;1;1;1;1;2;3"
"krd-42460","신성빌딩","37.671225440","127.045331800","4246","도봉","도봉","628","0|||","0|","","","-1","1;1;1;1;1;2;3"
"krd-42470","창동북한산아이파크","37.659069880","127.041733900","4247","도봉","도봉","740","0|||","0|","","","-1","1;1;1;1;1;2;3"
"krd-42480","쌍문119안전센터","37.648289250","127.026627200","4248","도봉","도봉","124","0|||","0|","","","-1","1;1;1;1;1;2;3"
"krd-42490","비바힐스강변","37.535517360","127.092108900","4249","광진","광진","701","0|||","0|","","","-1","1;1;1;1;1;2;3"
"krd-42500","상계주공10단지","37.661425120","127.056459500","4250","노원","노원","298","0|||","0|","","","-1","1;1;1;1;1;2;3"
"krd-42570","서대문소방서구조대","37.571663240","126.934760000","4257","서대문","서대문","70","0|||","0|","","","-1","1;1;1;1;1;2;3"
"krd-42590","신무문","37.583579280","126.975515500","4259","종로","종로","159","0|||","0|","","","-1","1;1;1;1;1;2;3"
"krd-42600","춘추관","37.583423730","126.979343300","4260","종로","종로","159","0|||","0|","","","-1","1;1;1;1;1;2;3"
"krd-42610","영도캐피탈","37.540787300","127.013417200","4261","성동","성동","1633","0|||","0|","","","-1","1;1;1;1;1;2;3"
"krd-42620","금옥어린이집","37.549359730","127.012540400","4262","성동","성동","381","0|||","0|","","","-1","1;1;1;1;1;2;3"
"krd-42630","성은예배당","37.597096000","127.071961900","4263","중랑","중랑","1671","0|||","0|","","","-1","1;1;1;1;1;2;3"
"krd-42640","중화2동굴다리","37.596774720","127.075748000","4264","중랑","중랑","232","0|||","0|","","","-1","1;1;1;1;1;2;3"
"krd-42641","중화2동굴다리(연등)","37.597033470","127.075943300","4264","중랑","중랑","232","0|||","0|","","","-1","1;1;1;1;1;2;3"
"krd-42650","경희의료원","37.592575750","127.052520100","4265","동대문","동대문","702","0|||","0|","","","-1","1;1;1;1;1;2;3"
"krd-42660","합정역3번출구","37.551148190","126.916153900","4266","마포","마포","438","0|||","0|","","","-1","1;1;1;1;1;2;3"
"krd-42670","한신더휴103동","37.619711490","127.032765400","4267","강북","강북","263","0|||","0|","","","-1","1;1;1;1;1;2;3"
"krd-42680","사가정새마을금고","37.581718200","127.088621200","4268","중랑","중랑","709","0|||","0|","","","-1","1;1;1;1;1;2;3"
"krd-42690","월튼힐타운","37.666850980","127.070995500","4269","노원","노원","1846","0|||","0|","","","-1","1;1;1;1;1;2;3"
"krd-42700","노원에코센터","37.645088760","127.060007800","4270","노원","노원","1881","0|||","0|","","","-1","1;1;1;1;1;2;3"
"krd-42710","햇살요양병원","37.574123440","127.071903600","4271","동대문","동대문","1784","0|||","0|","","","-1","1;1;1;1;1;2;3"
"krd-42720","명인갈비","37.566329540","126.918597400","4272","마포","마포","673","0|||","0|","","","-1","1;1;1;1;1;2;3"
"krd-42730","쌍용남산플레티넘","37.558967970","126.982711500","4273","남대문","남대문","527","0|||","0|","","","-1","1;1;1;1;1;2;3"
"krd-42740","종암초교","37.581265040","127.029808200","4274","동대문","동대문","731","0|||","0|","","","-1","1;1;1;1;1;2;3"
"krd-42750","대림창고","37.542156540","127.056261800","4275","성동","성동","1888","0|||","0|","","","-1","1;1;1;1;1;2;3"
"krd-42760","잠실대교북단진출램프","37.528129630","127.088960200","4276","광진","광진","1768","0|||","0|","","","-1","1;1;1;1;1;2;3"
"krd-42770","자양1파출소","37.536925350","127.076813200","4277","광진","광진","685","0|||","0|","","","-1","1;1;1;1;1;2;3"
"krd-42780","뚝섬나들목","37.531156490","127.067052200","4278","광진","광진","1948","0|||","0|","","","-1","1;1;1;1;1;2;3"
"krd-42790","망우금호어울림","37.601983950","127.108152500","4279","중랑","중랑","365","0|||","0|","","","-1","1;1;1;1;1;2;3"
"krd-42840","용문시장1문","37.537003540","126.960644300","4284","용산","용산","314","0|||","0|","","","-1","1;1;1;1;1;2;3"
"krd-42841","용문시장1문(연등)","37.536472370","126.960953800","4284","용산","용산","314","0|||","0|","","","-1","1;1;1;1;1;2;3"
"krd-42860","상계역3번출구","37.660891550","127.073307000","4286","노원","노원","585","0|||","0|","","","-1","1;1;1;1;1;2;3"
"krd-42890","상원초교후문","37.668413240","127.059993600","4289","노원","노원","1104","0|||","0|","","","-1","1;1;1;1;1;2;3"
"krd-42900","교동초교","37.574974550","126.986834200","4290","종로","종로","1790","0|||","0|","","","-1","1;1;1;1;1;2;3"
"krd-42970","다우빌딩","37.556803970","126.921801500","4297","마포","마포","1618","0|||","0|","","","-1","1;1;1;1;1;2;3"
"krd-42980","성산주유소","37.567476660","126.909538900","4298","마포","마포","592","0|||","0|","","","-1","1;1;1;1;1;2;3"
"krd-42990","연은초교","37.589791890","126.924847800","4299","서부","서부","667","0|||","0|","","","-1","1;1;1;1;1;2;3"
"krd-43000","홍은새마을금고","37.599029260","126.947632000","4300","서대문","서대문","618","0|||","0|","","","-1","1;1;1;1;1;2;3"
"krd-43010","창동동진빌리지","37.650735660","127.041597900","4301","도봉","도봉","587","0|||","0|","","","-1","1;1;1;1;1;2;3"
"krd-43020","대아빌딩","37.614228220","127.076775700","4302","중랑","중랑","325","0|||","0|","","","-1","1;1;1;1;1;2;3"
"krd-43030","리더스빌딩","37.590286920","127.073267400","4303","중랑","중랑","1324","0|||","0|","","","-1","1;1;1;1;1;2;3"
"krd-43040","인왕초교","37.589957130","126.946039100","4304","서대문","서대문","1954","0|||","0|","","","-1","1;1;1;1;1;2;3"
"krd-43060","연세로명물거리","37.557653290","126.936917200","4306","서대문","서대문","557","0|||","0|","","","-1","1;1;1;1;1;2;3"
"krd-43070","해성마트","37.612924370","126.913981500","4307","은평","은평","674","0|||","0|","","","-1","1;1;1;1;1;2;3"
"krd-43120","동서병원","37.607167080","127.028489300","4312","종암","종암","61","0|||","0|","","","-1","1;1;1;1;1;2;3"
"krd-43140","충암초교","37.585184120","126.923264800","4314","서대문","서대문","1957","0|||","0|","","","-1","1;1;1;1;1;2;3"
"krd-43170","응암역서측","37.598868020","126.914704500","4317","서부","서부","260","0|||","0|","","","-1","1;1;1;1;1;2;3"
"krd-43210","한솔동의보감","37.578190280","127.036943800","4321","동대문","동대문","1797","0|||","0|","","","-1","1;1;1;1;1;2;3"
"krd-43211","한솔동의보감(연등)","37.578093060","127.036315500","4321","동대문","동대문","1797","0|||","0|","","","-1","1;1;1;1;1;2;3"
"krd-43250","국민은행수유동","37.633633190","127.023366300","4325","강북","강북","58","0|||","0|","","","-1","1;1;1;1;1;2;3"
"krd-43260","혜인약국","37.662994920","127.065973100","4326","노원","노원","1648","0|||","0|","","","-1","1;1;1;1;1;2;3"
"krd-43310","은석감리교회","37.571844240","126.915611100","4331","서대문","서대문","62","0|||","0|","","","-1","1;1;1;1;1;2;3"
"krd-43320","한울소공원","37.571172660","126.916611700","4332","서대문","서대문","1944","0|||","0|","","","-1","1;1;1;1;1;2;3"
"krd-43340","중원초교","37.643270420","127.063670200","4334","노원","노원","310","0|||","0|","","","-1","1;1;1;1;1;2;3"
"krd-43350","한남더리버","37.540662320","127.011192100","4335","성동","성동","1619","0|||","0|","","","-1","1;1;1;1;1;2;3"
"krd-43351","한남더리버(연등)","37.539914840","127.011538100","4335","성동","성동","1619","0|||","0|","","","-1","1;1;1;1;1;2;3"
"krd-43360","신원리브웰","37.545677930","127.073354800","4336","광진","광진","224","0|||","0|","","","-1","1;1;1;1;1;2;3"
"krd-43370","성북파출소","37.593043030","126.998411400","4337","성북","성북","93","0|||","0|","","","-1","1;1;1;1;1;2;3"
"krd-43380","소화유치원","37.582812700","127.034972300","4338","동대문","동대문","607","0|||","0|","","","-1","1;1;1;1;1;2;3"
"krd-43410","휘경SK뷰104동","37.593922180","127.067755100","4341","동대문","동대문","711","0|||","0|","","","-1","1;1;1;1;1;2;3"
"krd-43420","군자동주민센터","37.555248010","127.075495000","4342","광진","광진","235","0|||","0|","","","-1","1;1;1;1;1;2;3"
"krd-43430","보람동물병원","37.576759750","127.085929900","4343","중랑","중랑","709","0|||","0|","","","-1","1;1;1;1;1;2;3"
"krd-43440","면목한의원","37.578745000","127.086279900","4344","중랑","중랑","709","0|||","0|","","","-1","1;1;1;1;1;2;3"
"krd-43450","경원타운빌","37.559325960","127.077664600","4345","광진","광진","1626","0|||","0|","","","-1","1;1;1;1;1;2;3"
"krd-43460","신내오토카","37.604595140","127.095442100","4346","중랑","중랑","692","0|||","0|","","","-1","1;1;1;1;1;2;3"
"krd-43560","노원정진빌딩","37.663197580","127.075931400","4356","노원","노원","1686","0|||","0|","","","-1","1;1;1;1;1;2;3"
"krd-43610","상계롯데캐슬정문","37.664453740","127.076729300","4361","노원","노원","1686","0|||","0|","","","-1","1;1;1;1;1;2;3"
"krd-43620","상계푸르지오102동","37.664878660","127.075602400","4362","노원","노원","1686","0|||","0|","","","-1","1;1;1;1;1;2;3"
"krd-43630","상계푸르지오104동","37.666321990","127.075777300","4363","노원","노원","1686","0|||","0|","","","-1","1;1;1;1;1;2;3"
"krd-43640","당고개지구공원","37.669051640","127.077759400","4364","노원","노원","1686","0|||","0|","","","-1","1;1;1;1;1;2;3"
"krd-43670","봉원빗물펌프장","37.544165410","126.929984900","4367","마포","마포","1979","0|||","0|","","","-1","1;1;1;1;1;2;3"
"krd-43680","한강밤섬자이","37.543985970","126.929359100","4368","마포","마포","1979","0|||","0|","","","-1","1;1;1;1;1;2;3"
"krd-43690","서강대교북단램프","37.543085270","126.928799500","4369","마포","마포","1978","0|||","0|","","","-1","1;1;1;1;1;2;3"
"krd-43691","서강대교북단램프(연등)","37.542921050","126.929143300","4369","마포","마포","1978","0|||","0|","","","-1","1;1;1;1;1;2;3"
"krd-43700","백련시장","37.577425840","126.923130700","4370","서대문","서대문","1799","0|||","0|","","","-1","1;1;1;1;1;2;3"
"krd-43701","백련시장(연등)","37.577269990","126.924125800","4370","서대문","서대문","1799","0|||","0|","","","-1","1;1;1;1;1;2;3"
"krd-43710","삼익상가","37.519143420","126.976381500","4371","용산","용산","306","0|||","0|","","","-1","1;1;1;1;1;2;3"
"krd-43720","용문동어울림센터","37.536786630","126.958394000","4372","용산","용산","314","0|||","0|","","","-1","1;1;1;1;1;2;3"
"krd-43730","신정빌딩","37.532835030","126.951330500","4373","용산","용산","582","0|||","0|","","","-1","1;1;1;1;1;2;3"
"krd-43731","신정빌딩(연등)","37.532656350","126.951864700","4373","용산","용산","582","0|||","0|","","","-1","1;1;1;1;1;2;3"
"krd-43740","황학동벼룩시장","37.568195270","127.017881700","4374","중부","중부","1661","0|||","0|","","","-1","1;1;1;1;1;2;3"
"krd-43750","남산육교","37.557003310","126.976442700","4375","남대문","남대문","230","0|||","0|","","","-1","1;1;1;1;1;2;3"
"krd-43760","서울대병원정문","37.576999810","126.997188900","4376","혜화","혜화","531","0|||","0|","","","-1","1;1;1;1;1;2;3"
"krd-43790","도봉119안전센터","37.687147090","127.041040400","4379","도봉","도봉","60","0|||","0|","","","-1","1;1;1;1;1;2;3"
"krd-43800","휘경동롯데102동","37.592368140","127.065929400","4380","동대문","동대문","711","0|||","0|","","","-1","1;1;1;1;1;2;3"
"krd-43810","아차산공원","37.550773800","127.100878100","4381","광진","광진","1980","0|||","0|","","","-1","1;1;1;1;1;2;3"
"krd-43850","창4동어린이집","37.642622980","127.053268300","4385","도봉","도봉","1983","0|||","0|","","","-1","1;1;1;1;1;2;3"
"krd-43860","방학교남측","37.661612790","127.042228900","4386","도봉","도봉","617","0|||","0|","","","-1","1;1;1;1;1;2;3"
"krd-43870","상계주공1501동","37.667084050","127.055563600","4387","노원","노원","298","0|||","0|","","","-1","1;1;1;1;1;2;3"
"krd-43880","준효약국","37.622283390","127.079239300","4388","노원","노원","698","0|||","0|","","","-1","1;1;1;1;1;2;3"
"krd-43920","삼성스토어공릉점","37.627485030","127.072086500","4392","노원","노원","53","0|||","0|","","","-1","1;1;1;1;1;2;3"
"krd-43930","무량사입구","37.646327620","127.008035600","4393","강북","강북","1707","0|||","0|","","","-1","1;1;1;1;1;2;3"
"krd-43940","번동파출소","37.623176030","127.047835700","4394","강북","강북","151","0|||","0|","","","-1","1;1;1;1;1;2;3"
"krd-44050","카포스칠성","37.595118960","127.072323000","4405","중랑","중랑","1671","0|||","0|","","","-1","1;1;1;1;1;2;3"
"krd-44060","주택관리공단","37.602285990","127.085000600","4406","중랑","중랑","1827","0|||","0|","","","-1","1;1;1;1;1;2;3"
"krd-44110","마포자이3차","37.550553300","126.946463800","4411","마포","마포","1987","0|||","0|","","","-1","1;1;1;1;1;2;3"
"krd-44250","백조온누리약국","37.563759360","127.080114000","4425","광진","광진","1277","0|||","0|","","","-1","1;1;1;1;1;2;3"
"krd-44260","회현119안전센터","37.558087250","126.983096500","4426","남대문","남대문","527","0|||","0|","","","-1","1;1;1;1;1;2;3"
"krd-44310","한강진교회","37.538296740","127.001584100","4431","용산","용산","69","0|||","0|","","","-1","1;1;1;1;1;2;3"
"krd-44320","비비가구","37.532732860","126.994555600","4432","용산","용산","1397","0|||","0|","","","-1","1;1;1;1;1;2;3"
"krd-44330","보광제3경로당","37.529204400","126.998016500","4433","용산","용산","1398","0|||","0|","","","-1","1;1;1;1;1;2;3"
"krd-44340","서울송도병원","37.551010180","127.007771200","4434","중부","중부","222","0|||","0|","","","-1","1;1;1;1;1;2;3"
"krd-44350","월드컵대교북단램프1","37.559792320","126.887322800","4435","마포","마포","1976","0|||","0|","","","-1","1;1;1;1;1;2;3"
"krd-44360","월드컵대교북단램프2","37.561143150","126.887727300","4436","마포","마포","1976","0|||","0|","","","-1","1;1;1;1;1;2;3"
"krd-44390","창동문화산업단지","37.655071720","127.049030100","4439","도봉","도봉","1953","0|||","0|","","","-1","1;1;1;1;1;2;3"
"krd-44400","연신내역7번출구","37.619865160","126.920517000","4440","은평","은평","573","0|||","0|","","","-1","1;1;1;1;1;2;3"
"krd-44440","초안산지하차도","37.636836570","127.058287300","4444","노원","노원","584","0|||","0|","","","-1","1;1;1;1;1;2;3"
"krd-44450","청량리역롯데캐슬정문","37.609567470","127.102107300","4445","동대문","동대문","1764","0|||","0|","","","-1","1;1;1;1;1;2;3"
"krd-44500","DMC롯데캐슬102동","37.585794190","126.891699000","4450","서부","서부","1996","0|||","0|","","","-1","1;1;1;1;1;2;3"
"krd-44520","효문중","37.651734200","127.018267400","4452","도봉","도봉","559","0|||","0|","","","-1","1;1;1;1;1;2;3"
"krd-44560","단군성전","37.575735990","126.965625200","4456","종로","종로","1997","0|||","0|","","","-1","1;1;1;1;1;2;3"
"krd-44570","수색초교정문","37.584088670","126.896117900","4457","서부","서부","1996","0|||","0|","","","-1","1;1;1;1;1;2;3"
"krd-44580","DMC롯데캐슬113동","37.584675100","126.893695400","4458","서부","서부","1996","0|||","0|","","","-1","1;1;1;1;1;2;3"
"krd-44590","수색초교후문","37.585256830","126.894577400","4459","서부","서부","1996","0|||","0|","","","-1","1;1;1;1;1;2;3"
"krd-44610","신내IC진출램프","37.617070580","127.103423700","4461","중랑","중랑","1999","0|||","0|","","","-1","1;1;1;1;1;2;3"
"krd-44620","새마을금고광장동지점","37.547635070","127.105298300","4462","광진","광진","1651","0|||","0|","","","-1","1;1;1;1;1;2;3"
"krd-44630","우석빌라","37.560100300","127.086371600","4463","광진","광진","1771","0|||","0|","","","-1","1;1;1;1;1;2;3"
"krd-44710","번3동우체국","37.625904340","127.046279900","4471","강북","강북","320","0|||","0|","","","-1","1;1;1;1;1;2;3"
"krd-44720","길음동부아파트108동","37.612086530","127.024874700","4472","강북","강북","1756","0|||","0|","","","-1","1;1;1;1;1;2;3"
"krd-44740","답십리초교입구","37.568274440","127.056459100","4474","동대문","동대문","1904","0|||","0|","","","-1","1;1;1;1;1;2;3"
"krd-44750","새샘근린공원","37.569606710","127.056010900","4475","동대문","동대문","1904","0|||","0|","","","-1","1;1;1;1;1;2;3"
"krd-44760","신답경남아파트101동","37.574600010","127.044024000","4476","동대문","동대문","929","0|||","0|","","","-1","1;1;1;1;1;2;3"
"krd-44770","제기1교서측","37.586540730","127.035818800","4477","동대문","동대문","227","0|||","0|","","","-1","1;1;1;1;1;2;3"
"krd-44780","한양대동문회관","37.559086550","127.040957100","4478","성동","성동","218","0|||","0|","","","-1","1;1;1;1;1;2;3"
"krd-44790","광진교북단진출램프","37.545731890","127.110521800","4479","광진","광진","1111","0|||","0|","","","-1","1;1;1;1;1;2;3"
"krd-44800","플러스빌","37.594056830","127.099350900","4480","중랑","중랑","246","0|||","0|","","","-1","1;1;1;1;1;2;3"
"krd-44870","서울연희초교","37.569874780","126.933319000","4487","서대문","서대문","70","0|||","0|","","","-1","1;1;1;1;1;2;3"
"krd-44880","명지대앞","37.579604840","126.924047100","4488","서대문","서대문","693","0|||","0|","","","-1","1;1;1;1;1;2;3"
"krd-44890","공덕동효성빌딩","37.545325720","126.951238200","4489","마포","마포","1866","0|||","0|","","","-1","1;1;1;1;1;2;3"
"krd-44900","힐스테이트청계","37.568226680","127.021015200","4490","중부","중부","1661","0|||","0|","","","-1","1;1;1;1;1;2;3"
"krd-44910","서울의료원정문","37.612755770","127.096460300","4491","중랑","중랑","567","0|||","0|","","","-1","1;1;1;1;1;2;3"
"krd-44950","신촌기차역남측","37.557897470","126.942807500","4495","서대문","서대문","45","0|||","0|","","","-1","1;1;1;1;1;2;3"
"krd-44960","청계상회","37.569266370","126.992293200","4496","혜화","혜화","1817","0|||","0|","","","-1","1;1;1;1;1;2;3"
"krd-45010","공릉배수지","37.638518110","127.082397400","4501","노원","노원","1101","0|||","0|","","","-1","1;1;1;1;1;2;3"
"krd-45011","공릉배수지(연등)","37.637648650","127.081375100","4501","노원","노원","1101","0|||","0|","","","-1","1;1;1;1;1;2;3"
"krd-45020","공릉지하차도위","37.631001780","127.067590200","4502","노원","노원","1102","0|||","0|","","","-1","1;1;1;1;1;2;3"
"krd-45030","동일초교","37.664400730","127.055133900","4503","노원","노원","1103","0|||","0|","","","-1","1;1;1;1;1;2;3"
"krd-45031","동일초교(연등)1","37.664418030","127.054244300","4503","노원","노원","1103","0|||","0|","","","-1","1;1;1;1;1;2;3"
"krd-45032","동일초교(연등)2","37.664334040","127.056152900","4503","노원","노원","1103","0|||","0|","","","-1","1;1;1;1;1;2;3"
"krd-45040","상원초교","37.668849190","127.060541900","4504","노원","노원","1104","0|||","0|","","","-1","1;1;1;1;1;2;3"
"krd-45041","상원초교(연등)","37.669917720","127.059534400","4504","노원","노원","1104","0|||","0|","","","-1","1;1;1;1;1;2;3"
"krd-45050","상계1214동","37.667558790","127.058575100","4505","노원","노원","1105","0|||","0|","","","-1","1;1;1;1;1;2;3"
"krd-45060","상수초교","37.652388820","127.065565700","4506","노원","노원","1106","0|||","0|","","","-1","1;1;1;1;1;2;3"
"krd-45070","청백1단지","37.634094200","127.052178600","4507","노원","노원","302","0|||","0|","","","-1","1;1;1;1;1;2;3"
"krd-45080","청백4단지","37.632407930","127.052313700","4508","노원","노원","302","0|||","0|","","","-1","1;1;1;1;1;2;3"
"krd-45090","청솔8단지","37.623412250","127.085527200","4509","노원","노원","1107","0|||","0|","","","-1","1;1;1;1;1;2;3"
"krd-45091","청솔8단지(연등)","37.622813330","127.084124700","4509","노원","노원","1107","0|||","0|","","","-1","1;1;1;1;1;2;3"
"krd-45100","태릉초교","37.622280010","127.085863100","4510","노원","노원","1107","0|||","0|","","","-1","1;1;1;1;1;2;3"
"krd-45101","태릉초교(연등)","37.621818170","127.085029100","4510","노원","노원","1107","0|||","0|","","","-1","1;1;1;1;1;2;3"
"krd-45110","하계지하차도위","37.631179800","127.070359300","4511","노원","노원","1108","0|||","0|","","","-1","1;1;1;1;1;2;3"
"krd-45120","신묵초교","37.606557930","127.076795300","4512","중랑","중랑","130","0|||","0|","","","-1","1;1;1;1;1;2;3"
"krd-45121","신묵초교(연등)","37.605176220","127.077082600","4512","중랑","중랑","130","0|||","0|","","","-1","1;1;1;1;1;2;3"
"krd-45130","청소년수련관","37.605228140","127.108587100","4513","중랑","중랑","1110","0|||","0|","","","-1","1;1;1;1;1;2;3"
"krd-45140","면목1동주민센터","37.587577720","127.087853900","4514","중랑","중랑","709","0|||","0|","","","-1","1;1;1;1;1;2;3"
"krd-45150","천호지구대","37.542578060","127.120370700","4515","광진","광진","1111","0|||","0|","","","-1","1;1;1;1;1;2;3"
"krd-45151","광진교(연등)1","37.544235360","127.114934500","4515","광진","광진","1111","0|||","0|","","","-1","1;1;1;1;1;2;3"
"krd-45152","광진교(연등)2","37.544910930","127.112753800","4515","광진","광진","1111","0|||","0|","","","-1","1;1;1;1;1;2;3"
"krd-45160","부품상가삼거리","37.563770700","127.058695000","4516","동대문","동대문","1112","0|||","0|","","","-1","1;1;1;1;1;2;3"
"krd-45161","부품상가삼거리(연등)","37.564281730","127.059381100","4516","동대문","동대문","1112","0|||","0|","","","-1","1;1;1;1;1;2;3"
"krd-45170","장안현대홈타운","37.568282510","127.075112700","4517","동대문","동대문","354","0|||","0|","","","-1","1;1;1;1;1;2;3"
"krd-45171","장안현대홈타운(연등)","37.569640550","127.075860900","4517","동대문","동대문","354","0|||","0|","","","-1","1;1;1;1;1;2;3"
"krd-45180","제기1새마을금고","37.583043000","127.041713700","4518","동대문","동대문","114","0|||","0|","","","-1","1;1;1;1;1;2;3"
"krd-45190","대성약국","37.632087690","127.018416500","4519","강북","강북","1115","0|||","0|","","","-1","1;1;1;1;1;2;3"
"krd-45191","대성약국(연등)","37.633146810","127.019076300","4519","강북","강북","1115","0|||","0|","","","-1","1;1;1;1;1;2;3"
"krd-45200","미아롯데주차장입구","37.615314020","127.030804600","4520","강북","강북","1116","0|||","0|","","","-1","1;1;1;1;1;2;3"
"krd-45220","짜장궁","37.616575430","127.028931200","4522","강북","강북","58","0|||","0|","","","-1","1;1;1;1;1;2;3"
"krd-45240","길음뉴타운222동","37.610317540","127.016178100","4524","성북","성북","1845","0|||","0|","","","-1","1;1;1;1;1;2;3"
"krd-45250","수양부모협회입구","37.599479180","127.002105100","4525","성북","성북","1120","0|||","0|","","","-1","1;1;1;1;1;2;3"
"krd-45260","백련산힐스테이트206동","37.591669100","126.924164400","4526","서부","서부","667","0|||","0|","","","-1","1;1;1;1;1;2;3"
"krd-45261","백련산힐스테이트206동(연등)","37.590891490","126.924426000","4526","서부","서부","667","0|||","0|","","","-1","1;1;1;1;1;2;3"
"krd-45270","금호빌라","37.649512370","127.041931500","4527","도봉","도봉","587","0|||","0|","","","-1","1;1;1;1;1;2;3"
"krd-45280","창동열린극장","37.656068070","127.052895600","4528","도봉","도봉","1921","0|||","0|","","","-1","1;1;1;1;1;2;3"
"krd-45290","신화빌라","37.646186940","127.043920500","4529","도봉","도봉","1762","0|||","0|","","","-1","1;1;1;1;1;2;3"
"krd-45300","월천초교","37.648094770","127.052608000","4530","도봉","도봉","1124","0|||","0|","","","-1","1;1;1;1;1;2;3"
"krd-45301","월천초교(연등)","37.648578430","127.052435100","4530","도봉","도봉","1124","0|||","0|","","","-1","1;1;1;1;1;2;3"
"krd-45310","성수대교북단램프","37.539554160","127.035631900","4531","성동","성동","1125","0|||","0|","","","-1","1;1;1;1;1;2;3"
"krd-45311","성수대교북단램프(연등)","37.539730080","127.035197200","4531","성동","성동","1125","0|||","0|","","","-1","1;1;1;1;1;2;3"
"krd-45320","성수대교남단램프","37.534881440","127.034374400","4532","성동","성동","1969","0|||","0|","","","-1","1;1;1;1;1;2;3"
"krd-45321","성수대교남단램프(연등)","37.534890490","127.034848800","4532","성동","성동","1969","0|||","0|","","","-1","1;1;1;1;1;2;3"
"krd-45330","수색검문소","37.588106080","126.885978900","4533","서부","서부","1126","0|||","0|","","","-1","1;1;1;1;1;2;3"
"krd-45340","은평어울림1019동앞","37.644550810","126.915284000","4534","은평","은평","428","0|||","0|","","","-1","1;1;1;1;1;2;3"
"krd-45350","연희IC서측","37.565564800","126.928056700","4535","서대문","서대문","1128","0|||","0|","","","-1","1;1;1;1;1;2;3"
"krd-45360","가양대교남단램프","37.567039370","126.859098900","4536","마포","마포","127","0|||","0|","","","-1","1;1;1;1;1;2;3"
"krd-45361","가양대교남단램프(연등)","37.566879800","126.859399500","4536","마포","마포","127","0|||","0|","","","-1","1;1;1;1;1;2;3"
"krd-45370","가양대교북단램프","37.573986840","126.864248000","4537","마포","마포","1956","0|||","0|","","","-1","1;1;1;1;1;2;3"
"krd-45371","가양대교북단램프(연등)","37.573793580","126.864528600","4537","마포","마포","1956","0|||","0|","","","-1","1;1;1;1;1;2;3"
"krd-45380","상암동서울일본인학교","37.583109170","126.884947100","4538","마포","마포","696","0|||","0|","","","-1","1;1;1;1;1;2;3"
"krd-45390","상암어린이집","37.574079260","126.892803200","4539","마포","마포","37","0|||","0|","","","-1","1;1;1;1;1;2;3"
"krd-45400","하늘공원입구","37.569613660","126.880633300","4540","마포","마포","1131","0|||","0|","","","-1","1;1;1;1;1;2;3"
"krd-45410","용산푸르지오","37.525024710","126.993552700","4541","용산","용산","1132","0|||","0|","","","-1","1;1;1;1;1;2;3"
"krd-45420","잠수교북단","37.521305440","126.993788700","4542","용산","용산","1133","0|||","0|","","","-1","1;1;1;1;1;2;3"
"krd-45421","잠수교북단(연등)","37.519005450","126.994341000","4542","용산","용산","1133","0|||","0|","","","-1","1;1;1;1;1;2;3"
"krd-45430","재활용선별장","37.530777010","126.952470200","4543","용산","용산","1134","0|||","0|","","","-1","1;1;1;1;1;2;3"
"krd-45440","한남제일빌딩","37.533229680","127.006410900","4544","용산","용산","1643","0|||","0|","","","-1","1;1;1;1;1;2;3"
"krd-45441","한남제일빌딩(연등)","37.533300520","127.005609300","4544","용산","용산","1643","0|||","0|","","","-1","1;1;1;1;1;2;3"
"krd-45450","한국예술사관학교","37.560186690","126.990160100","4545","중부","중부","1135","0|||","0|","","","-1","1;1;1;1;1;2;3"
"krd-45460","연풍문","37.583637440","126.976226900","4546","종로","종로","159","0|||","0|","","","-1","1;1;1;1;1;2;3"
"krd-45470","스페이스본정문","37.574191060","126.969973900","4547","종로","종로","1137","0|||","0|","","","-1","1;1;1;1;1;2;3"
"krd-45480","종로와룡공원앞","37.588984600","126.986569500","4548","종로","종로","1138","0|||","0|","","","-1","1;1;1;1;1;2;3"
"krd-45490","청운중","37.588260720","126.972328500","4549","종로","종로","520","0|||","0|","","","-1","1;1;1;1;1;2;3"
"krd-45500","칠궁","37.584582040","126.972758700","4550","종로","종로","159","0|||","0|","","","-1","1;1;1;1;1;2;3"
"krd-45510","한화생명신설동사옥","37.574485620","127.025617700","4551","동대문","동대문","1770","0|||","0|","","","-1","1;1;1;1;1;2;3"
"krd-45520","서울사대부속초교","37.576789080","127.002439700","4552","혜화","혜화","1141","0|||","0|","","","-1","1;1;1;1;1;2;3"
"krd-45530","우리은행독립문","37.570969950","126.961549500","4553","서대문","서대문","308","0|||","0|","","","-1","1;1;1;1;1;2;3"
"krd-45540","현대마트","37.603346950","127.077417600","4554","중랑","중랑","325","0|||","0|","","","-1","1;1;1;1;1;2;3"
"krd-45550","당현초교","37.648334580","127.059322300","4555","노원","노원","1142","0|||","0|","","","-1","1;1;1;1;1;2;3"
"krd-45551","당현초교(연등)","37.648660900","127.060710700","4555","노원","노원","1142","0|||","0|","","","-1","1;1;1;1;1;2;3"
"krd-45600","유화유치원","37.660206530","127.027701400","4560","도봉","도봉","1868","0|||","0|","","","-1","1;1;1;1;1;2;3"
"krd-45601","유화유치원(연등)","37.660757850","127.027656700","4560","도봉","도봉","1868","0|||","0|","","","-1","1;1;1;1;1;2;3"
"krd-45610","신내역시티프라디움정문","37.578005120","127.045202400","4561","중랑","중랑","361","0|||","0|","","","-1","1;1;1;1;1;2;3"
"krd-45640","전농2동주민센터","37.577821590","127.060241400","4564","동대문","동대문","437","0|||","0|","","","-1","1;1;1;1;1;2;3"
"krd-45650","장위지웰에스테이트","37.617709880","127.056924900","4565","종암","종암","714","0|||","0|","","","-1","1;1;1;1;1;2;3"
"krd-45700","DMC파인시티자이103동","37.583859110","126.894266500","4570","서부","서부","1996","0|||","0|","","","-1","1;1;1;1;1;2;3"
"krd-45701","DMC파인시티자이103동(연등)1","37.583632460","126.894588100","4570","서부","서부","1996","0|||","0|","","","-1","1;1;1;1;1;2;3"
"krd-45702","DMC파인시티자이103동(연등)2","37.583659200","126.894258300","4570","서부","서부","1996","0|||","0|","","","-1","1;1;1;1;1;2;3"
"krd-45720","올림픽대교남단진입램프","37.531890910","127.106291500","4572","광진","광진","1540","0|||","0|","","","-1","1;1;1;1;1;2;3"
"krd-45740","광진교남단진입램프","37.543264060","127.118379100","4574","광진","광진","1540","0|||","0|","","","-1","1;1;1;1;1;2;3"
"krd-45750","올림픽대교남단램프","37.530334310","127.107417500","4575","광진","광진","1540","0|||","0|","","","-1","1;1;1;1;1;2;3"
"krd-45780","e편한세상효제","37.573447590","127.003793000","4578","혜화","혜화","236","0|||","0|","","","-1","1;1;1;1;1;2;3"
"krd-45781","e편한세상효제(연등)","37.573414380","127.003260900","4578","혜화","혜화","236","0|||","0|","","","-1","1;1;1;1;1;2;3"
"krd-45790","경찰청정류장","37.564510560","126.967809700","4579","서대문","서대문","370","0|||","0|","","","-1","1;1;1;1;1;2;3"
"krd-45870","올림픽대교북단진입램프","37.536888620","127.100650600","4587","광진","광진","1151","0|||","0|","","","-1","1;1;1;1;1;2;3"
"krd-45880","올림픽대교북단진출램프","37.537099640","127.101040700","4588","광진","광진","1151","0|||","0|","","","-1","1;1;1;1;1;2;3"
"krd-45890","올림픽대교북단램프","37.538639430","127.099478800","4589","광진","광진","1151","0|||","0|","","","-1","1;1;1;1;1;2;3"
"krd-45900","원효로청년주택","37.538639430","127.099478800","4590","용산","용산","314","0|||","0|","","","-1","1;1;1;1;1;2;3"
"krd-45910","묵2동문화체육복합센터","37.609758700","127.076182100","4591","중랑","중랑","130","0|||","0|","","","-1","1;1;1;1;1;2;3"
"krd-45930","현대백화점미아점","37.607826010","127.029134800","4593","종암","종암","61","0|||","0|","","","-1","1;1;1;1;1;2;3"
"krd-45940","송곡중학교","37.608525660","127.030571200","4594","종암","종암","61","0|||","0|","","","-1","1;1;1;1;1;2;3"
"krd-45960","우리은행미아사거리점","37.610199230","127.030221000","4596","종암","종암","61","0|||","0|","","","-1","1;1;1;1;1;2;3"
"krd-45990","두영이지안아파트","37.545364900","126.918729600","4599","마포","마포","665","0|||","0|","","","-1","1;1;1;1;1;2;3"
"krd-46000","연신내상점가","37.618454420","126.920174900","4600","은평","은평","573","0|||","0|","","","-1","1;1;1;1;1;2;3"
"krd-46010","대서울교회","37.531626620","127.075183900","4601","광진","광진","685","0|||","0|","","","-1","1;1;1;1;1;2;3"
"krd-46960","동대문육아지원센터앞","37.572034050","127.048250000","4696","동대문","동대문","1767","0|||","0|","","","-1","1;1;1;1;1;2;3"
"krd-46961","동대문육아지원센터앞(연등)","37.572090550","127.048171500","4696","동대문","동대문","1767","0|||","0|","","","-1","1;1;1;1;1;2;3"
"krd-46990","영천교회앞","37.614308920","127.040369600","4699","종암","종암","1607","0|||","0|","","","-1","1;1;1;1;1;2;3"
"krd-47000","마포대교북단램프1","37.538209630","126.943621200","4700","마포","마포","389","0|||","0|","","","-1","1;1;1;1;1;2;3"
"krd-47001","마포대교북단램프1(연등)","37.537751980","126.942819200","4700","마포","마포","389","0|||","0|","","","-1","1;1;1;1;1;2;3"
"krd-67570","마포대교북단램프2","37.537940730","126.944048200","6757","마포","마포","389","0|||","0|","","","-1","1;1;1;1;1;2;3"
"krd-67571","마포대교북단램프2(연등)","37.537386770","126.943046800","6757","마포","마포","389","0|||","0|","","","-1","1;1;1;1;1;2;3"
"krd-47020","마포대교북단램프3","37.536897320","126.941342100","4702","마포","마포","389","0|||","0|","","","-1","1;1;1;1;1;2;3"
"krd-47030","마포대교북단램프4","37.536510490","126.941679100","4703","마포","마포","389","0|||","0|","","","-1","1;1;1;1;1;2;3"
"krd-47040","양화대교북단램프1","37.548533100","126.910029400","4704","마포","마포","1716","0|||","0|","","","-1","1;1;1;1;1;2;3"
"krd-47041","양화대교북단램프1(연등)","37.547790860","126.909164000","4704","마포","마포","1716","0|||","0|","","","-1","1;1;1;1;1;2;3"
"krd-47050","양화대교북단램프2","37.548239620","126.910760200","4705","마포","마포","1716","0|||","0|","","","-1","1;1;1;1;1;2;3"
"krd-47051","양화대교북단램프2(연등)","37.547473310","126.909506600","4705","마포","마포","1716","0|||","0|","","","-1","1;1;1;1;1;2;3"
"krd-47060","양화대교북단램프3","37.546914410","126.908081700","4706","마포","마포","1716","0|||","0|","","","-1","1;1;1;1;1;2;3"
"krd-47061","양화대교북단램프3(연등)","37.546653110","126.908481200","4706","마포","마포","1716","0|||","0|","","","-1","1;1;1;1;1;2;3"
"krd-47090","아모레퍼시픽","37.528834180","126.969925500","4709","용산","용산","128","0|||","0|","","","-1","1;1;1;1;1;2;3"
"krd-47160","상명초교","37.600847790","126.956766800","4716","종로","종로","1724","0|||","0|","","","-1","1;1;1;1;1;2;3"
"krd-47170","양계농협장위","37.618373750","127.046730800","4717","종암","종암","284","0|||","0|","1:-0.000017061708078358606:0.00013895646122819016:270;4:0.00013895646122819016:-0.000017061708078358606:315;8:-0.00013895646122819016:0.000017061708078358606:45;17:0:0.00018000000000029104:0;108:-0.00020398044800629123:0.00008241345055637339:0;117:0:-0.00021999999999877673:0","","-1","1;1;1;1;1;2;3"
"krd-47171","양계농협장위(연등)","37.618795610","127.046032500","4717","종암","종암","284","0|||","0|","","","-1","1;1;1;1;1;2;3"
"krd-47180","면목119안전센터","37.572861940","127.080170400","4718","중랑","중랑","556","0|||","0|","","","-1","1;1;1;1;1;2;3"
"krd-47280","나진전자상가","37.533504500","126.964907800","4728","용산","용산","142","0|||","0|","","","-1","1;1;1;1;1;2;3"
"krd-47281","나진전자상가(연등)","37.533638310","126.965733100","4728","용산","용산","142","0|||","0|","","","-1","1;1;1;1;1;2;3"
"krd-47290","한성고등학교","37.558849470","126.955519700","4729","서대문","서대문","1931","0|||","0|","","","-1","1;1;1;1;1;2;3"
"krd-47310","녹번119안전센터","37.600931830","126.934840400","4731","서부","서부","573","0|||","0|","","","-1","1;1;1;1;1;2;3"
"krd-47340","구립마포노인복지센터","37.548746790","126.959512400","4734","마포","마포","210","0|||","0|","","","-1","1;1;1;1;1;2;3"
"krd-47350","파크모터스","37.529527500","126.954481800","4735","용산","용산","282","0|||","0|","","","-1","1;1;1;1;1;2;3"
"krd-47360","성수우방아파트앞","37.548428290","127.051205700","4736","성동","성동","197","0|||","0|","","","-1","1;1;1;1;1;2;3"
"krd-47370","은평뉴타운320동","37.634158220","126.927013700","4737","은평","은평","688","0|||","0|","","","-1","1;1;1;1;1;2;3"
"krd-47380","송정빗물펌프장","37.548343470","127.060130200","4738","성동","성동","223","0|||","0|","","","-1","1;1;1;1;1;2;3"
"krd-47410","홍은두산아파트","37.578528420","126.931315700","4741","서대문","서대문","97","0|||","0|","","","-1","1;1;1;1;1;2;3"
"krd-47440","금호제일교회","37.548099030","127.027217200","4744","성동","성동","1040","0|||","0|","","","-1","1;1;1;1;1;2;3"
"krd-47450","소망어린이공원","37.663919810","127.037085300","4745","도봉","도봉","1687","0|||","0|","","","-1","1;1;1;1;1;2;3"
"krd-47451","소망어린이공원(연등)","37.664408570","127.036604200","4745","도봉","도봉","1687","0|||","0|","","","-1","1;1;1;1;1;2;3"
"krd-47460","서울창포원","37.689529590","127.049372000","4746","도봉","도봉","131","0|||","0|","","","-1","1;1;1;1;1;2;3"
"krd-47461","서울창포원(연등)","37.689142610","127.049347300","4746","도봉","도봉","131","0|||","0|","","","-1","1;1;1;1;1;2;3"
"krd-47470","도봉파크빌3단지","37.688148130","127.049268400","4747","도봉","도봉","349","0|||","0|","","","-1","1;1;1;1;1;2;3"
"krd-47510","혜원약국","37.568653380","127.082787900","4751","광진","광진","1629","0|||","0|","","","-1","1;1;1;1;1;2;3"
"krd-47530","월계문화체육센터","37.627167460","127.054231800","4753","노원","노원","211","0|||","0|","","","-1","1;1;1;1;1;2;3"
"krd-47540","숭신초교앞","37.567191680","127.027667200","4754","성동","성동","203","0|||","0|","","","-1","1;1;1;1;1;2;3"
"krd-47550","장통교","37.568206180","126.985602800","4755","남대문","남대문","295","0|||","0|","","","-1","1;1;1;1;1;2;3"
"krd-47560","연세의원앞","37.578779120","127.049827700","4756","동대문","동대문","1758","0|||","0|","","","-1","1;1;1;1;1;2;3"
"krd-47570","아리랑정보도서관","37.599808110","127.013572600","4757","성북","성북","633","0|||","0|","","","-1","1;1;1;1;1;2;3"
"krd-47580","보문파크뷰","37.580787590","127.017760800","4758","성북","성북","1702","0|||","0|","","","-1","1;1;1;1;1;2;3"
"krd-47590","하계119안전센터","37.637662510","127.071097200","4759","노원","노원","319","0|||","0|","","","-1","1;1;1;1;1;2;3"
"krd-47600","동대문역1번출구","37.571738960","127.010993400","4760","혜화","혜화","532","0|||","0|","","","-1","1;1;1;1;1;2;3"
"krd-47610","신진시장","37.571051850","127.004870400","4761","혜화","혜화","521","0|||","0|","","","-1","1;1;1;1;1;2;3"
"krd-47611","신진시장(연등)","37.571043800","127.005383100","4761","혜화","혜화","521","0|||","0|","","","-1","1;1;1;1;1;2;3"
"krd-47620","완구시장입구","37.572569560","127.014069300","4762","혜화","혜화","532","0|||","0|","","","-1","1;1;1;1;1;2;3"
"krd-47630","광장시장","37.570821320","126.999330600","4763","혜화","혜화","521","0|||","0|","","","-1","1;1;1;1;1;2;3"
"krd-47640","청진상가","37.570207970","126.981167200","4764","종로","종로","295","0|||","0|","","","-1","1;1;1;1;1;2;3"
"krd-47650","서울YMCA","37.570202110","126.985617700","4765","종로","종로","295","0|||","0|","","","-1","1;1;1;1;1;2;3"
"krd-47651","서울YMCA(연등)","37.570195670","126.985945000","4765","종로","종로","295","0|||","0|","","","-1","1;1;1;1;1;2;3"
"krd-47670","성동소방서앞","37.554967470","127.040747900","4767","성동","성동","1743","0|||","0|","","","-1","1;1;1;1;1;2;3"
"krd-47680","서교119안전센터","37.550523160","126.915263500","4768","마포","마포","438","0|||","0|","","","-1","1;1;1;1;1;2;3"
"krd-47690","사대부고정문","37.594358720","127.037610100","4769","종암","종암","363","0|||","0|","","","-1","1;1;1;1;1;2;3"
"krd-47800","정릉종합사회복지관","37.611610870","127.002145800","4780","성북","성북","1604","0|||","0|","","","-1","1;1;1;1;1;2;3"
"krd-47810","데이즈호텔앞","37.560710300","126.983793400","4781","남대문","남대문","527","0|||","0|","","","-1","1;1;1;1;1;2;3"
"krd-47820","오렌지팩토리앞","37.549071980","127.092799600","4782","광진","광진","1744","0|||","0|","","","-1","1;1;1;1;1;2;3"
"krd-47870","동서울우편집중국","37.534497460","127.084396100","4787","광진","광진","1813","0|||","0|","","","-1","1;1;1;1;1;2;3"
"krd-47890","수색119안전센터","37.585081160","126.889556600","4789","서부","서부","62","0|||","0|","","","-1","1;1;1;1;1;2;3"
"krd-47900","금호파크힐스","37.553686530","127.021215000","4790","성동","성동","267","0|||","0|","","","-1","1;1;1;1;1;2;3"
"krd-47910","월드컵파크8단지입구","37.578532930","126.882165200","4791","마포","마포","570","0|||","0|","","","-1","1;1;1;1;1;2;3"
"krd-47940","아현스포렉스","37.555507730","126.955845000","4794","마포","마포","1036","0|||","0|","","","-1","1;1;1;1;1;2;3"
"krd-47941","아현스포렉스(연등)","37.556197350","126.955599000","4794","마포","마포","1036","0|||","0|","","","-1","1;1;1;1;1;2;3"
"krd-47950","성동글로벌경영고","37.564924440","127.012464700","4795","중부","중부","1747","0|||","0|","","","-1","1;1;1;1;1;2;3"
"krd-47960","스타시티입구","37.536984000","127.073839300","4796","광진","광진","248","0|||","0|","","","-1","1;1;1;1;1;2;3"
"krd-47970","신성그랜드타워","37.565096930","127.080796500","4797","광진","광진","1629","0|||","0|","","","-1","1;1;1;1;1;2;3"
"krd-47990","서울숲자이101동","37.554435330","127.039141900","4799","성동","성동","1026","0|||","0|","","","-1","1;1;1;1;1;2;3"
"krd-48000","서울숲리버뷰자이104동","37.556005110","127.039312000","4800","성동","성동","1026","0|||","0|","","","-1","1;1;1;1;1;2;3"
"krd-48010","서울숲리버뷰자이105동","37.556614250","127.039271700","4801","성동","성동","1026","0|||","0|","","","-1","1;1;1;1;1;2;3"
"krd-48020","행현초교","37.557622040","127.030044100","4802","성동","성동","267","0|||","0|","","","-1","1;1;1;1;1;2;3"
"krd-48090","상신교회","37.661562610","127.070610600","4809","노원","노원","1677","0|||","0|","","","-1","1;1;1;1;1;2;3"
"krd-48100","행당초교앞","37.556563240","127.034175000","4810","성동","성동","1925","0|||","0|","","","-1","1;1;1;1;1;2;3"
"krd-48170","방학생명교회","37.663939640","127.034944400","4817","도봉","도봉","1687","0|||","0|","","","-1","1;1;1;1;1;2;3"
"krd-48210","보광타워","37.569894180","127.050926100","4821","동대문","동대문","233","0|||","0|","","","-1","1;1;1;1;1;2;3"
"krd-48230","경일초교","37.540623580","127.048117100","4823","성동","성동","1803","0|||","0|","","","-1","1;1;1;1;1;2;3"
"krd-48240","장위시장","37.613371670","127.050387500","4824","종암","종암","1043","0|||","0|","","","-1","1;1;1;1;1;2;3"
"krd-48250","경동고정문","37.587010200","127.015467400","4825","성북","성북","1039","0|||","0|","","","-1","1;1;1;1;1;2;3"
"krd-48260","구의래미안입구","37.545408400","127.091393000","4826","광진","광진","253","0|||","0|","","","-1","1;1;1;1;1;2;3"
"krd-48270","사근램프앞","37.565384910","127.047310600","4827","성동","성동","1615","0|||","0|","","","-1","1;1;1;1;1;2;3"
"krd-48280","은평구의회","37.601428730","126.929379400","4828","서부","서부","621","0|||","0|","","","-1","1;1;1;1;1;2;3"
"krd-48290","신응교동측","37.591942730","126.914889300","4829","서부","서부","260","0|||","0|","","","-1","1;1;1;1;1;2;3"
"krd-48300","마포도화현대아파트","37.541115620","126.954647200","4830","마포","마포","1041","0|||","0|","","","-1","1;1;1;1;1;2;3"
"krd-48310","공덕역10번출구","37.541770140","126.953167000","4831","마포","마포","1041","0|||","0|","","","-1","1;1;1;1;1;2;3"
"krd-48311","공덕역10번출구(연등)","37.541971980","126.952429900","4831","마포","마포","1041","0|||","0|","","","-1","1;1;1;1;1;2;3"
"krd-48320","염리초교후문","37.542059420","126.944679100","4832","마포","마포","1042","0|||","0|","","","-1","1;1;1;1;1;2;3"
"krd-48380","상암파출소","37.578306520","126.893516800","4838","마포","마포","52","0|||","0|","","","-1","1;1;1;1;1;2;3"
"krd-48400","장우오피스텔","37.549804410","126.981688600","4840","용산","용산","737","0|||","0|","","","-1","1;1;1;1;1;2;3"
"krd-48410","상계주공5단지","37.652104090","127.064150000","4841","노원","노원","1106","0|||","0|","","","-1","1;1;1;1;1;2;3"
"krd-48430","삼연빌딩","37.544241010","127.057136900","4843","성동","성동","1077","0|||","0|","","","-1","1;1;1;1;1;2;3"
"krd-48440","효창공원삼거리","37.544940250","126.963698600","4844","용산","용산","1675","0|||","0|","","","-1","1;1;1;1;1;2;3"
"krd-48450","상암카이저팰리스앞","37.574242380","126.891147500","4845","마포","마포","37","0|||","0|","","","-1","1;1;1;1;1;2;3"
"krd-48460","OK기사식당","37.607625860","127.073229100","4846","중랑","중랑","50","0|||","0|","","","-1","1;1;1;1;1;2;3"
"krd-48470","이화교북단","37.602964410","127.074296400","4847","중랑","중랑","50","0|||","0|","","","-1","1;1;1;1;1;2;3"
"krd-48480","신묵초교입구","37.606170080","127.073568000","4848","중랑","중랑","50","0|||","0|","","","-1","1;1;1;1;1;2;3"
"krd-48490","묵동장로교회앞","37.611556120","127.072948900","4849","중랑","중랑","50","0|||","0|","","","-1","1;1;1;1;1;2;3"
"krd-48530","하계주유소","37.642568250","127.070664100","4853","노원","노원","309","0|||","0|","","","-1","1;1;1;1;1;2;3"
"krd-48540","DMC센트럴아이파크","37.578566280","126.922462900","4854","서대문","서대문","693","0|||","0|","","","-1","1;1;1;1;1;2;3"
"krd-48550","연희중학교","37.578398310","126.918909700","4855","서대문","서대문","1799","0|||","0|","","","-1","1;1;1;1;1;2;3"
"krd-48580","광진노인종합복지관","37.551026530","127.071096700","4858","광진","광진","235","0|||","0|","","","-1","1;1;1;1;1;2;3"
"krd-48590","동구햇살아파트","37.613479230","127.072937200","4859","중랑","중랑","50","0|||","0|","","","-1","1;1;1;1;1;2;3"
"krd-48610","개운초교앞","37.601986460","127.028401800","4861","성북","성북","1049","0|||","0|","","","-1","1;1;1;1;1;2;3"
"krd-48640","솔숲어린이공원","37.605301080","127.014722800","4864","성북","성북","548","0|||","0|","","","-1","1;1;1;1;1;2;3"
"krd-48700","제일시장입구","37.604772400","127.073887700","4870","중랑","중랑","50","0|||","0|","","","-1","1;1;1;1;1;2;3"
"krd-48710","힐스테이트청량리","37.578306100","127.043233100","4871","동대문","동대문","1764","0|||","0|","","","-1","1;1;1;1;1;2;3"
"krd-48750","은평성모병원정문","37.634404700","126.915650000","4875","은평","은평","1752","0|||","0|","","","-1","1;1;1;1;1;2;3"
"krd-48800","중곡제일시장","37.562967940","127.082676500","4880","광진","광진","411","0|||","0|","","","-1","1;1;1;1;1;2;3"
"krd-48801","중곡제일시장(연등)","37.563290640","127.082863200","4880","광진","광진","411","0|||","0|","","","-1","1;1;1;1;1;2;3"
"krd-48860","도란도란교","37.587597700","127.007954100","4886","성북","성북","1605","0|||","0|","","","-1","1;1;1;1;1;2;3"
"krd-48861","도란도란교(연등)","37.587798080","127.007105600","4886","성북","성북","1605","0|||","0|","","","-1","1;1;1;1;1;2;3"
"krd-48870","양진중후문","37.545280900","127.098899000","4887","광진","광진","1651","0|||","0|","","","-1","1;1;1;1;1;2;3"
"krd-48880","신혜성의원","37.566582220","127.081628600","4888","광진","광진","1629","0|||","0|","","","-1","1;1;1;1;1;2;3"
"krd-48890","한양빌라","37.533990880","127.090082600","4889","광진","광진","701","0|||","0|","","","-1","1;1;1;1;1;2;3"
"krd-48900","숭문고","37.550387400","126.945319300","4890","마포","마포","1987","0|||","0|","","","-1","1;1;1;1;1;2;3"
"krd-48910","광진두산위브파크","37.548838900","127.070682700","4891","광진","광진","424","0|||","0|","","","-1","1;1;1;1;1;2;3"
"krd-48960","청원파크빌","37.567519000","127.062671200","4896","동대문","동대문","266","0|||","0|","","","-1","1;1;1;1;1;2;3"
"krd-48970","래미안베라힐즈201동","37.602668200","126.936417700","4897","서부","서부","1053","0|||","0|","","","-1","1;1;1;1;1;2;3"
"krd-48980","래미안베라힐즈208동","37.605317100","126.936193800","4898","서부","서부","1965","0|||","0|","","","-1","1;1;1;1;1;2;3"
"krd-48981","래미안베라힐즈208동(연등)","37.605703400","126.935199600","4898","서부","서부","1965","0|||","0|","","","-1","1;1;1;1;1;2;3"
"krd-48990","롯데캐슬골든힐스","37.608762940","127.015430600","4899","성북","성북","548","0|||","0|","","","-1","1;1;1;1;1;2;3"
"krd-49010","노원문화예술회관","37.650618090","127.079737600","4901","노원","노원","304","0|||","0|","","","-1","1;1;1;1;1;2;3"
"krd-49020","우리은행석관","37.605613090","127.061969200","4902","동대문","동대문","322","0|||","0|","","","-1","1;1;1;1;1;2;3"
"krd-49021","우리은행석관(연등)","37.605033540","127.062095300","4902","동대문","동대문","322","0|||","0|","","","-1","1;1;1;1;1;2;3"
"krd-49030","래미안아트리치","37.607084900","127.064159400","4903","종암","종암","1755","0|||","0|","","","-1","1;1;1;1;1;2;3"
"krd-49031","래미안아트리치(연등)1","37.606979850","127.062826800","4903","종암","종암","1755","0|||","0|","","","-1","1;1;1;1;1;2;3"
"krd-49032","래미안아트리치(연등)2","37.607130640","127.064887300","4903","종암","종암","1755","0|||","0|","","","-1","1;1;1;1;1;2;3"
"krd-49040","청량리역롯데캐슬","37.577454200","127.044742500","4904","동대문","동대문","1764","0|||","0|","","","-1","1;1;1;1;1;2;3"
"krd-49090","영훈초교","37.612566910","127.027204000","4909","강북","강북","1756","0|||","0|","","","-1","1;1;1;1;1;2;3"
"krd-49100","송천센트레빌","37.612391180","127.026237600","4910","강북","강북","1756","0|||","0|","","","-1","1;1;1;1;1;2;3"
"krd-49130","연희파크푸르지오","37.576104860","126.928498000","4913","서대문","서대문","97","0|||","0|","","","-1","1;1;1;1;1;2;3"
"krd-49140","한인트윈빌","37.576865190","126.929980300","4914","서대문","서대문","97","0|||","0|","","","-1","1;1;1;1;1;2;3"
"krd-49330","교일학원강북","37.640972700","127.018635700","4933","강북","강북","690","0|||","0|","","","-1","1;1;1;1;1;2;3"
"krd-49410","태릉신협","37.595504060","127.076375400","4941","중랑","중랑","1726","0|||","0|","","","-1","1;1;1;1;1;2;3"
"krd-49420","롯데햄","37.598667210","127.072492700","4942","중랑","중랑","1671","0|||","0|","","","-1","1;1;1;1;1;2;3"
"krd-49430","한국아파트","37.614828930","127.073293000","4943","중랑","중랑","50","0|||","0|","","","-1","1;1;1;1;1;2;3"
"krd-49440","통의파출소","37.577000900","126.974153600","4944","종로","종로","529","0|||","0|","","","-1","1;1;1;1;1;2;3"
"krd-49450","중랑구민체육센터","37.615573090","127.087326400","4945","중랑","중랑","1385","0|||","0|","","","-1","1;1;1;1;1;2;3"
"krd-49460","금보당","37.608045070","127.076524400","4946","중랑","중랑","130","0|||","0|","","","-1","1;1;1;1;1;2;3"
"krd-49470","동성3차아파트","37.608802010","127.095544300","4947","중랑","중랑","567","0|||","0|","","","-1","1;1;1;1;1;2;3"
"krd-49471","동성3차아파트(연등)","37.609284190","127.095781800","4947","중랑","중랑","567","0|||","0|","","","-1","1;1;1;1;1;2;3"
"krd-49480","롯데캐슬루나아파트","37.626525830","127.051178800","4948","노원","노원","687","0|||","0|","","","-1","1;1;1;1;1;2;3"
"krd-49490","삼익세라믹APT102동","37.657534310","127.036996800","4949","도봉","도봉","1868","0|||","0|","","","-1","1;1;1;1;1;2;3"
"krd-49500","휘경SK뷰","37.594180590","127.066563400","4950","동대문","동대문","711","0|||","0|","","","-1","1;1;1;1;1;2;3"
"krd-49501","휘경SK뷰(연등)","37.594415520","127.065543200","4950","동대문","동대문","711","0|||","0|","","","-1","1;1;1;1;1;2;3"
"krd-49530","광운초교앞사거리","37.619452480","127.053448600","4953","종암","종암","206","0|||","0|","","","-1","1;1;1;1;1;2;3"
"krd-49540","남대문중학교","37.618401000","127.054444700","4954","종암","종암","320","0|||","0|","","","-1","1;1;1;1;1;2;3"
"krd-49541","남대문중학교(연등)","37.617718500","127.055089000","4954","종암","종암","320","0|||","0|","","","-1","1;1;1;1;1;2;3"
"krd-49600","우아세어린이집","37.570951400","127.057298100","4960","동대문","동대문","437","0|||","0|","","","-1","1;1;1;1;1;2;3"
"krd-49610","이문행운모터스","37.600712180","127.062042400","4961","동대문","동대문","174","0|||","0|","","","-1","1;1;1;1;1;2;3"
"krd-49620","이문새마을금고","37.597473600","127.060918900","4962","동대문","동대문","322","0|||","0|","","","-1","1;1;1;1;1;2;3"
"krd-49630","아현시장","37.555359700","126.955302200","4963","마포","마포","1036","0|||","0|","","","-1","1;1;1;1;1;2;3"
"krd-49660","BMW서비스센터","37.566567000","126.903348100","4966","마포","마포","30","0|||","0|","","","-1","1;1;1;1;1;2;3"
"krd-49670","신장위교회","37.618236070","127.051584500","4967","종암","종암","1848","0|||","0|","","","-1","1;1;1;1;1;2;3"
"krd-49720","새마을금고서일대점","37.589397680","127.096785600","4972","중랑","중랑","554","0|||","0|","","","-1","1;1;1;1;1;2;3"
"krd-49740","독립문어린이집","37.570601420","126.959739200","4974","서대문","서대문","364","0|||","0|","","","-1","1;1;1;1;1;2;3"
"krd-49750","신촌금호아파트","37.553456400","126.932033500","4975","마포","마포","1769","0|||","0|","","","-1","1;1;1;1;1;2;3"
"krd-49751","신촌금호아파트(연등)","37.554105500","126.931111600","4975","마포","마포","1769","0|||","0|","","","-1","1;1;1;1;1;2;3"
"krd-49770","마포세무서","37.546962900","126.939735400","4977","마포","마포","632","0|||","0|","","","-1","1;1;1;1;1;2;3"
"krd-49771","마포세무서(연등)","37.547274030","126.938731300","4977","마포","마포","632","0|||","0|","","","-1","1;1;1;1;1;2;3"
"krd-49780","밝은문아파트","37.594842280","126.918289400","4978","서부","서부","614","0|||","0|","","","-1","1;1;1;1;1;2;3"
"krd-49790","백련산SK뷰아이파크","37.596352900","126.919377800","4979","서부","서부","614","0|||","0|","","","-1","1;1;1;1;1;2;3"
"krd-49791","백련산SK뷰아이파크(연등)","37.595946000","126.919114200","4979","서부","서부","614","0|||","0|","","","-1","1;1;1;1;1;2;3"
"krd-49800","응암2동주민센터","37.594250310","126.923016800","4980","서부","서부","626","0|||","0|","","","-1","1;1;1;1;1;2;3"
"krd-49801","응암2동주민센터(연등)","37.593920090","126.923101000","4980","서부","서부","626","0|||","0|","","","-1","1;1;1;1;1;2;3"
"krd-49870","홈플러스면목","37.579538420","127.082376900","4987","중랑","중랑","661","0|||","0|","","","-1","1;1;1;1;1;2;3"
"krd-49880","청계한신109동","37.573048200","127.046912500","4988","동대문","동대문","1767","0|||","0|","","","-1","1;1;1;1;1;2;3"
"krd-49890","영동대교북단연결로","37.532645100","127.058797900","4989","광진","광진","1768","0|||","0|","","","-1","1;1;1;1;1;2;3"
"krd-49891","영동대교북단연결로(연등)","37.532771790","127.058477100","4989","광진","광진","1768","0|||","0|","","","-1","1;1;1;1;1;2;3"
"krd-49900","잠실대교북단-01","37.529936700","127.086890800","4990","광진","광진","1768","0|||","0|","","","-1","1;1;1;1;1;2;3"
"krd-49910","잠실대교북단-02","37.530198200","127.087543000","4991","광진","광진","1768","0|||","0|","","","-1","1;1;1;1;1;2;3"
"krd-49920","잠실대교북단-03","37.529213000","127.088074700","4992","광진","광진","1768","0|||","0|","","","-1","1;1;1;1;1;2;3"
"krd-49930","잠실대교북단-04","37.528820400","127.087918400","4993","광진","광진","1768","0|||","0|","","","-1","1;1;1;1;1;2;3"
"krd-49931","잠실대교북단-04(연등)","37.528020640","127.088525100","4993","광진","광진","1768","0|||","0|","","","-1","1;1;1;1;1;2;3"
"krd-49940","천호대교북단","37.544288300","127.106613300","4994","광진","광진","1768","0|||","0|","","","-1","1;1;1;1;1;2;3"
"krd-49941","천호대교북단(연등)","37.543818680","127.108411300","4994","광진","광진","1768","0|||","0|","","","-1","1;1;1;1;1;2;3"
"krd-49950","복지장안충전소","37.576704900","127.067801900","4995","동대문","동대문","266","0|||","0|","","","-1","1;1;1;1;1;2;3"
"krd-75060","삼양역1번출구","37.627004190","127.018142000","7506","강북","강북","312","0|||","0|","","","-1","1;1;1;1;1;2;3"
"krd-75070","월드컵파크301동","37.573616850","126.888785100","7507","마포","마포","37","0|||","0|","","","-1","1;1;1;1;1;2;3"
"krd-75080","새소망교회","37.607378920","127.060613500","7508","종암","종암","322","0|||","0|","","","-1","1;1;1;1;1;2;3"
"krd-75090","도화동우성아파트","37.537681370","126.947407300","7509","마포","마포","1913","0|||","0|","","","-1","1;1;1;1;1;2;3"
"krd-75100","상계예공빌딩","37.660914930","127.071368600","7510","노원","노원","585","0|||","0|","","","-1","1;1;1;1;1;2;3"
"krd-75120","북아현문화체육센터","37.562162940","126.955683800","7512","서대문","서대문","713","0|||","0|","","","-1","1;1;1;1;1;2;3"
"krd-75170","중화역1번출구","37.603596130","127.079096300","7517","중랑","중랑","325","0|||","0|","","","-1","1;1;1;1;1;2;3"
"krd-75210","염리초교","37.542477240","126.946758900","7521","마포","마포","299","0|||","0|","","","-1","1;1;1;1;1;2;3"
"krd-75220","염리119안전센터앞","37.541466120","126.945550600","7522","마포","마포","299","0|||","0|","","","-1","1;1;1;1;1;2;3"
"krd-75230","인왕초교입구","37.590333010","126.946255300","7523","서대문","서대문","1954","0|||","0|","","","-1","1;1;1;1;1;2;3"
"krd-75240","한강대교북단램프","37.522080170","126.961823300","7524","용산","용산","563","0|||","0|","","","-1","1;1;1;1;1;2;3"
"krd-75280","중화파출소","37.606319370","127.078584600","7528","중랑","중랑","325","0|||","0|","","","-1","1;1;1;1;1;2;3"
"krd-75310","동대문구의회","37.573464230","127.040263600","7531","동대문","동대문","340","0|||","0|","","","-1","1;1;1;1;1;2;3"
"krd-75360","홍대입구4번출구","37.558362410","126.925788800","7536","마포","마포","190","0|||","0|","","","-1","1;1;1;1;1;2;3"
"krd-75050","살곶이체육공원입구","37.554403190","127.047391800","7505","성동","성동","261","0|||","0|","","","-1","1;1;1;1;1;2;3"
"krd-75380","서울여중앞","37.547284800","126.947216000","7538","마포","마포","277","0|||","0|","","","-1","1;1;1;1;1;2;3"
"krd-75390","명랑핫도그","37.528086200","126.999136900","7539","용산","용산","1398","0|||","0|","","","-1","1;1;1;1;1;2;3"
"krd-75440","글로벌축복교회","37.535669920","126.947997000","7544","용산","용산","1787","0|||","0|","","","-1","1;1;1;1;1;2;3"
"krd-75460","군자교남측","37.559786870","127.069990200","7546","동대문","동대문","354","0|||","0|","","","-1","1;1;1;1;1;2;3"
"krd-75520","가마솥순대","37.562113930","126.904654800","7552","마포","마포","63","0|||","0|","","","-1","1;1;1;1;1;2;3"
"krd-75530","돈암현대아파트101동","37.604085580","127.026704700","7553","종암","종암","547","0|||","0|","","","-1","1;1;1;1;1;2;3"
"krd-75540","역말사거리북측","37.607441270","126.915265500","7554","서부","서부","260","0|||","0|","","","-1","1;1;1;1;1;2;3"
"krd-75560","장위1치안센터","37.613878600","127.045940400","7556","종암","종암","1607","0|||","0|","","","-1","1;1;1;1;1;2;3"
"krd-75580","장위중앙교회","37.614912230","127.048380500","7558","종암","종암","1848","0|||","0|","","","-1","1;1;1;1;1;2;3"
"krd-75680","청량리청과물시장1번입구","37.578991140","127.041278700","7568","동대문","동대문","1764","0|||","0|","","","-1","1;1;1;1;1;2;3"
"krd-75690","청파치안센터","37.544178440","126.970711800","7569","용산","용산","682","0|||","0|","","","-1","1;1;1;1;1;2;3"
"krd-75650","한양대역1번출구","37.557202940","127.042694500","7565","성동","성동","251","0|||","0|","","","-1","1;1;1;1;1;2;3"
"krd-75750","장안삼성쉐르빌","37.570940750","127.070868000","7575","동대문","동대문","317","0|||","0|","","","-1","1;1;1;1;1;2;3"
"krd-75760","장안뉴시티","37.569790730","127.070109700","7576","동대문","동대문","317","0|||","0|","","","-1","1;1;1;1;1;2;3"
"krd-75780","장안1새마을금고","37.567683100","127.068730600","7578","동대문","동대문","317","0|||","0|","","","-1","1;1;1;1;1;2;3"
"krd-75810","광진교","37.544235360","127.114934500","7581","광진","광진","1111","0|||","0|","","","-1","1;1;1;1;1;2;3"
"krd-75820","광진교북측","37.544910930","127.112753800","7582","광진","광진","1111","0|||","0|","","","-1","1;1;1;1;1;2;3"
"krd-75840","대일카센타","37.534936810","127.060255700","7584","광진","광진","1354","0|||","0|","","","-1","1;1;1;1;1;2;3"
"krd-75940","상계주공15단지","37.667211190","127.054500500","7594","노원","노원","298","0|||","0|","","","-1","1;1;1;1;1;2;3"
"krd-75960","롯데이스트폴101동앞","37.536479590","127.089281900","7596","광진","광진","9999","0|||","0|","","","-1","1;1;1;1;1;2;3"
"krd-75970","우남위시빌","37.535454720","127.089517600","7597","광진","광진","9999","0|||","0|","","","-1","1;1;1;1;1;2;3"
"krd-75980","롯데이스트폴","37.535243710","127.088635500","7598","광진","광진","9999","0|||","0|","","","-1","1;1;1;1;1;2;3"
"krd-75990","파랑새빌라","37.533503540","127.088340400","7599","광진","광진","9999","0|||","0|","","","-1","1;1;1;1;1;2;3"
"krd-76000","롯데이스트풀104동앞","37.534393660","127.087967700","7600","광진","광진","9999","0|||","0|","","","-1","1;1;1;1;1;2;3"
"krd-76010","롯데이스트풀103동앞","37.535057160","127.087717000","7601","광진","광진","9999","0|||","0|","","","-1","1;1;1;1;1;2;3"
"krd-76020","광진구청신청사앞","37.536020490","127.087345700","7602","광진","광진","9999","0|||","0|","","","-1","1;1;1;1;1;2;3"
"krd-76030","롯데캐슬이스트폴부동산","37.535110920","127.089731800","7603","광진","광진","9999","0|||","0|","","","-1","1;1;1;1;1;2;3"
"krd-76050","DMC파인시티자이110동","37.582708270","126.896013300","7605","서부","서부","9999","0|||","0|","","","-1","1;1;1;1;1;2;3"
"krd-76060","DMC파인시티자이108동","37.583479780","126.896877000","7606","서부","서부","9999","0|||","0|","","","-1","1;1;1;1;1;2;3"
"krd-76040","상일동아아파트입구","37.584697700","126.898524800","7604","서부","서부","9999","0|||","0|","","","-1","1;1;1;1;1;2;3"

"1001","신광4거리","37.4643680","126.6360530","0","인천","인천","","0|||","0|","","","-1","1;1;1;1;1;2;3"
